Date,GDP [Bil. of 2012 Dollars],Consumption [Bil. of 2012 Dollars],Investment [Bil. of 2012 Dollars],Government Purchases [Bil. of 2012 Dollars],Exports [Bil. of 2012 Dollars],Imports [Bil. of 2012 Dollars],Net Exports [Bil. of 2012 Dollars],Capital [Bil. of 2012 Dollars],Labor [Index: 2012=100]
1950-01-01,2186.3,1424.1,363.9,381.1,91.1,74.0,17.2,2068.2,45.2
1950-04-01,2253.1,1449.5,405.7,385.2,92.1,79.4,12.7,2086.6,46.3
1950-07-01,2340.2,1522.7,445.3,377.8,93.4,99.0,-5.6,2114.9,47.8
1950-10-01,2385.0,1475.6,510.2,400.4,100.9,102.0,-1.1,2152.0,48.2
1951-01-01,2417.3,1505.1,464.6,446.3,108.2,106.9,1.3,2204.1,49.0
1951-04-01,2459.2,1464.7,481.6,499.0,122.4,108.5,13.9,2242.9,49.4
1951-07-01,2509.9,1483.0,442.7,557.5,128.9,102.2,26.7,2284.7,48.9
1951-10-01,2515.4,1494.3,403.1,588.4,128.4,98.8,29.6,2315.2,49.0
1952-01-01,2542.4,1504.8,410.7,600.6,132.0,105.7,26.3,2334.8,49.3
1952-04-01,2547.8,1532.0,374.1,628.0,117.0,103.2,13.8,2355.6,49.1
1952-07-01,2566.1,1532.2,399.3,634.6,106.4,106.4,-0.0,2366.5,49.4
1952-10-01,2650.4,1584.6,422.7,650.2,106.7,113.7,-7.1,2383.3,50.8
1953-01-01,2699.7,1608.9,429.1,666.4,105.3,109.9,-4.6,2405.4,51.3
1953-04-01,2720.5,1617.8,431.4,680.0,105.5,114.2,-8.7,2428.3,51.4
1953-07-01,2705.2,1615.9,424.9,668.2,109.0,112.8,-3.8,2450.9,50.9
1953-10-01,2664.3,1609.1,389.6,667.8,104.7,107.0,-2.3,2471.2,50.1
1954-01-01,2651.5,1618.1,383.4,652.5,99.2,101.7,-2.4,2481.9,49.4
1954-04-01,2654.5,1635.4,381.2,636.1,113.0,111.3,1.7,2490.7,49.0
1954-07-01,2684.5,1649.9,404.9,625.8,109.0,105.1,3.9,2498.6,48.8
1954-10-01,2737.0,1678.1,425.5,625.5,113.7,105.9,7.8,2512.2,49.4
1955-01-01,2815.2,1713.3,468.2,626.1,117.7,110.2,7.5,2530.4,50.2
1955-04-01,2860.9,1740.6,493.3,628.0,115.0,116.0,-1.1,2558.7,50.9
1955-07-01,2899.6,1756.8,503.8,634.2,122.3,117.4,4.9,2592.3,51.4
1955-10-01,2917.1,1766.1,526.4,622.9,122.5,120.9,1.6,2627.3,52.0
1956-01-01,2905.7,1758.7,517.4,626.7,128.0,125.0,2.9,2666.8,52.4
1956-04-01,2929.7,1765.9,505.9,645.3,137.2,124.6,12.5,2702.6,52.5
1956-07-01,2927.0,1765.0,507.7,637.6,141.6,124.9,16.7,2734.3,52.3
1956-10-01,2975.1,1792.6,498.4,654.8,149.0,119.8,29.2,2765.3,52.5
1957-01-01,2994.3,1796.7,495.4,671.4,158.8,128.1,30.7,2792.9,52.6
1957-04-01,2987.7,1798.7,493.1,669.9,154.2,128.3,25.9,2818.8,52.5
1957-07-01,3017.0,1816.8,499.2,675.8,149.5,124.3,25.1,2843.2,52.2
1957-10-01,2985.8,1825.8,446.7,692.0,144.8,123.5,21.3,2868.3,51.1
1958-01-01,2908.3,1803.2,415.1,683.3,127.7,121.0,6.7,2879.4,50.0
1958-04-01,2927.4,1816.2,403.6,704.7,127.4,124.5,2.9,2882.1,49.3
1958-07-01,2995.1,1836.5,443.9,709.5,127.0,121.7,5.3,2881.9,49.9
1958-10-01,3065.1,1851.9,490.9,724.0,126.2,127.8,-1.6,2891.8,50.6
1959-01-01,3124.0,1894.3,509.1,717.4,134.2,131.0,3.2,2913.1,51.6
1959-04-01,3194.5,1928.4,546.3,724.5,133.1,137.8,-4.7,2938.2,52.6
1959-07-01,3196.7,1952.8,509.0,727.5,146.6,139.2,7.4,2971.7,52.4
1959-10-01,3205.8,1957.9,524.7,719.3,140.3,136.5,3.8,2994.7,52.4
1960-01-01,3277.8,1971.4,582.8,706.4,157.9,140.7,17.3,3020.9,52.7
1960-04-01,3260.1,2001.6,524.8,713.3,161.8,141.3,20.5,3060.6,52.8
1960-07-01,3276.1,1994.3,518.7,735.1,165.5,137.4,28.1,3084.4,52.5
1960-10-01,3234.1,1999.8,454.8,744.4,165.4,130.2,35.2,3105.9,52.0
1961-01-01,3256.0,1998.4,468.2,754.0,164.6,129.4,35.3,3110.7,51.8
1961-04-01,3311.2,2023.2,501.3,758.5,158.7,130.5,28.2,3118.6,51.6
1961-07-01,3374.7,2035.1,540.5,772.6,165.1,138.7,26.5,3134.5,51.9
1961-10-01,3440.9,2071.8,550.7,791.3,168.6,141.5,27.1,3159.7,52.6
1962-01-01,3502.2,2092.0,578.2,808.4,167.0,143.4,23.6,3186.6,52.8
1962-04-01,3533.9,2121.7,569.2,814.8,174.6,146.5,28.1,3219.3,53.4
1962-07-01,3577.5,2140.1,576.6,834.4,173.8,147.5,26.3,3248.7,53.3
1962-10-01,3589.2,2172.6,556.7,841.6,168.1,149.8,18.4,3278.9,53.0
1963-01-01,3628.3,2184.4,581.8,838.8,170.2,147.0,23.2,3303.1,53.3
1963-04-01,3669.0,2204.7,592.2,839.7,183.2,150.8,32.4,3332.7,53.6
1963-07-01,3749.6,2242.4,608.7,872.3,181.6,155.4,26.2,3363.8,53.8
1963-10-01,3774.3,2251.2,618.7,871.5,187.4,154.5,33.0,3398.0,54.2
1964-01-01,3853.8,2299.0,635.6,877.7,196.7,155.2,41.5,3433.5,55.2
1964-04-01,3895.7,2339.3,634.4,885.8,195.3,159.2,36.2,3472.0,55.5
1964-07-01,3956.7,2380.9,644.0,892.1,202.3,162.5,39.7,3508.8,55.8
1964-10-01,3968.8,2384.7,654.4,888.7,207.6,166.7,41.0,3546.7,56.4
1965-01-01,4065.0,2433.5,716.6,889.3,186.7,161.2,25.6,3585.9,57.3
1965-04-01,4116.3,2461.5,716.2,900.9,216.3,178.6,37.7,3639.3,57.8
1965-07-01,4207.8,2503.4,737.0,936.4,210.9,179.9,31.0,3690.7,58.0
1965-10-01,4304.8,2564.1,746.0,962.7,221.4,189.3,32.1,3745.5,58.5
1966-01-01,4409.5,2605.2,799.1,981.0,218.1,193.9,24.2,3800.6,59.4
1966-04-01,4424.7,2611.9,788.8,998.5,224.7,199.2,25.5,3867.0,59.9
1966-07-01,4462.1,2636.5,779.5,1031.4,222.4,207.8,14.6,3928.6,60.2
1966-10-01,4498.7,2645.7,787.4,1045.3,230.0,209.6,20.3,3985.7,60.1
1967-01-01,4538.5,2657.6,767.8,1089.2,235.9,212.0,23.9,4042.7,60.0
1967-04-01,4541.2,2693.0,735.5,1090.2,231.3,208.7,22.6,4092.9,59.6
1967-07-01,4584.3,2705.9,756.8,1104.1,227.0,209.5,17.5,4133.2,59.8
1967-10-01,4618.7,2715.6,773.7,1117.7,230.0,218.3,11.8,4177.4,60.1
1968-01-01,4713.1,2779.5,789.3,1138.9,235.6,230.1,5.5,4224.3,60.2
1968-04-01,4791.8,2820.7,815.1,1146.9,241.9,232.9,9.0,4273.4,60.8
1968-07-01,4829.0,2875.2,790.7,1154.7,253.4,245.0,8.4,4327.3,61.2
1968-10-01,4847.9,2879.5,805.1,1158.6,246.0,241.2,4.7,4373.2,61.6
1969-01-01,4923.8,2909.7,854.5,1158.4,218.3,217.1,1.2,4421.1,62.2
1969-04-01,4938.7,2928.6,845.4,1159.3,263.2,257.8,5.4,4479.6,62.7
1969-07-01,4971.3,2937.7,857.1,1170.6,258.7,252.8,5.9,4533.8,63.0
1969-10-01,4947.1,2957.3,817.6,1157.2,268.2,253.2,15.0,4589.1,62.8
1970-01-01,4939.8,2968.4,790.0,1164.9,268.0,251.5,16.5,4632.5,62.6
1970-04-01,4946.8,2973.4,794.6,1154.7,280.0,255.8,24.1,4667.5,61.8
1970-07-01,4992.5,3004.0,799.4,1170.3,278.2,259.4,18.8,4702.4,61.5
1970-10-01,4938.8,2995.0,756.5,1173.7,276.2,262.6,13.5,4737.4,61.0
1971-01-01,5073.1,3035.3,846.9,1170.5,282.5,262.1,20.4,4760.3,61.3
1971-04-01,5100.4,3057.9,870.4,1173.9,277.4,279.2,-1.8,4805.1,61.5
1971-07-01,5142.5,3081.1,882.3,1178.0,287.0,285.9,1.0,4854.1,61.5
1971-10-01,5154.6,3125.5,859.2,1178.2,259.9,268.2,-8.3,4904.4,62.1
1972-01-01,5249.4,3152.1,908.5,1203.9,292.8,307.9,-15.1,4947.2,62.8
1972-04-01,5368.5,3210.7,961.5,1214.4,284.7,302.7,-18.1,5000.8,63.3
1972-07-01,5419.1,3257.6,978.8,1193.9,300.0,311.1,-11.1,5065.7,63.6
1972-10-01,5510.0,3319.1,993.9,1209.7,315.7,328.3,-12.7,5132.7,64.3
1973-01-01,5646.4,3381.7,1042.4,1228.0,344.2,349.9,-5.7,5201.2,65.3
1973-04-01,5707.8,3393.2,1082.7,1222.0,371.1,361.2,9.9,5279.4,66.0
1973-07-01,5677.7,3401.0,1046.7,1204.5,386.4,360.9,25.5,5364.9,66.4
1973-10-01,5731.6,3392.8,1090.4,1213.6,417.8,383.1,34.8,5438.3,66.7
1974-01-01,5682.3,3398.5,1022.6,1236.8,444.7,420.4,24.4,5520.2,66.5
1974-04-01,5695.8,3426.4,1032.6,1246.9,471.5,481.6,-10.1,5582.2,66.6
1974-07-01,5642.0,3433.2,980.2,1253.9,458.0,483.2,-25.2,5644.6,66.4
1974-10-01,5620.2,3369.6,988.4,1262.1,479.9,479.8,0.1,5691.6,65.3
1975-01-01,5551.8,3384.4,839.3,1271.5,485.6,429.0,56.6,5739.1,63.2
1975-04-01,5591.4,3430.9,823.5,1263.9,463.1,390.1,73.1,5747.6,62.7
1975-07-01,5687.1,3483.1,882.1,1281.9,446.0,406.0,40.1,5751.8,63.2
1975-10-01,5763.6,3520.8,903.7,1294.1,466.3,421.1,45.1,5770.6,64.3
1976-01-01,5893.3,3593.0,986.2,1299.1,464.8,449.8,15.1,5794.1,65.4
1976-04-01,5936.6,3620.1,1033.0,1285.1,469.9,471.5,-1.6,5837.4,65.4
1976-07-01,5969.2,3666.5,1038.8,1276.8,480.2,493.1,-12.9,5890.9,65.7
1976-10-01,6012.3,3706.4,1049.5,1276.9,485.1,505.7,-20.5,5944.0,66.0
1977-01-01,6083.4,3757.1,1102.2,1288.5,475.2,539.7,-64.5,5997.9,66.7
1977-04-01,6201.7,3788.7,1175.5,1301.2,488.4,552.1,-63.8,6063.0,68.0
1977-07-01,6313.6,3835.3,1234.2,1305.4,483.8,545.1,-61.3,6144.2,68.7
1977-10-01,6313.7,3864.8,1231.9,1303.3,460.4,546.7,-86.3,6237.3,69.4
1978-01-01,6333.8,3893.4,1250.2,1301.4,473.3,584.5,-111.2,6326.5,69.7
1978-04-01,6578.5,3982.1,1327.7,1332.5,525.4,589.2,-63.8,6417.1,71.8
1978-07-01,6644.8,4001.3,1366.0,1343.4,530.7,596.7,-65.9,6524.0,72.4
1978-10-01,6734.1,4027.4,1402.2,1349.1,558.5,603.1,-44.6,6636.6,73.2
1979-01-01,6746.3,4050.9,1404.0,1339.9,565.2,613.7,-48.5,6754.4,73.8
1979-04-01,6753.3,4059.5,1405.5,1346.1,575.7,633.6,-57.8,6868.5,74.0
1979-07-01,6803.6,4111.1,1391.6,1359.7,597.5,656.3,-58.7,6978.9,74.7
1979-10-01,6820.6,4144.2,1371.9,1371.6,635.2,702.3,-67.1,7082.0,74.8
1980-01-01,6842.0,4174.9,1360.1,1394.9,658.5,746.3,-87.8,7176.6,74.6
1980-04-01,6701.0,4083.7,1244.0,1409.9,664.5,700.9,-36.4,7264.9,73.3
1980-07-01,6693.1,4132.7,1160.0,1387.5,667.0,654.2,12.8,7321.0,72.9
1980-10-01,6817.9,4183.3,1259.4,1390.5,668.0,683.3,-15.3,7354.2,73.9
1981-01-01,6951.5,4195.8,1378.1,1409.2,679.7,711.4,-31.7,7411.1,74.3
1981-04-01,6900.0,4183.6,1330.5,1415.3,673.0,702.5,-29.5,7495.7,74.4
1981-07-01,6982.6,4193.3,1396.9,1408.6,647.5,663.7,-16.2,7565.4,74.3
1981-10-01,6906.5,4156.5,1354.4,1426.7,641.4,672.5,-31.1,7649.3,74.0
1982-01-01,6799.2,4182.5,1221.7,1428.9,608.8,642.6,-33.8,7719.6,72.7
1982-04-01,6830.2,4181.1,1216.9,1441.3,604.2,613.2,-9.0,7754.2,73.1
1982-07-01,6804.1,4215.6,1198.5,1449.9,565.2,625.1,-59.9,7786.4,72.6
1982-10-01,6806.9,4292.2,1098.8,1475.1,530.7,589.9,-59.2,7812.9,71.9
1983-01-01,6896.6,4337.6,1122.9,1484.9,537.5,586.2,-48.7,7813.6,72.3
1983-04-01,7053.4,4433.4,1209.7,1500.0,537.1,626.6,-89.5,7820.2,73.2
1983-07-01,7194.5,4524.2,1272.0,1525.4,542.5,669.6,-127.2,7848.3,74.6
1983-10-01,7344.5,4591.9,1390.6,1500.2,554.7,692.8,-138.2,7891.0,76.0
1984-01-01,7488.1,4633.4,1515.4,1521.4,561.4,743.4,-182.0,7961.9,77.5
1984-04-01,7617.6,4703.8,1555.8,1556.2,574.1,772.3,-198.2,8061.5,78.5
1984-07-01,7691.0,4733.2,1579.6,1573.7,575.7,771.3,-195.6,8167.7,78.8
1984-10-01,7754.2,4788.3,1554.6,1612.6,576.8,778.2,-201.4,8276.1,79.4
1985-01-01,7829.3,4878.8,1498.9,1620.6,566.4,735.3,-169.0,8374.4,80.0
1985-04-01,7898.2,4931.7,1520.9,1656.1,559.3,769.7,-210.5,8455.4,80.5
1985-07-01,8018.8,5034.5,1502.9,1695.2,543.4,757.1,-213.7,8539.1,80.7
1985-10-01,8078.4,5052.4,1562.5,1706.1,555.2,797.8,-242.6,8615.3,81.2
1986-01-01,8153.8,5107.3,1561.8,1712.6,566.9,794.8,-227.9,8703.7,81.0
1986-04-01,8190.5,5138.2,1541.1,1743.4,567.8,800.1,-232.2,8788.8,80.8
1986-07-01,8268.9,5235.2,1500.0,1783.1,575.1,824.5,-249.4,8865.8,81.2
1986-10-01,8313.3,5270.4,1503.0,1778.4,597.9,836.4,-238.5,8929.8,81.8
1987-01-01,8375.3,5291.6,1545.2,1789.0,596.7,847.2,-250.5,8992.4,82.8
1987-04-01,8465.6,5378.1,1540.5,1805.8,625.9,884.8,-258.9,9063.2,83.3
1987-07-01,8539.1,5449.7,1532.2,1811.5,650.1,904.4,-254.3,9130.5,83.9
1987-10-01,8685.7,5464.8,1641.5,1831.5,680.1,932.2,-252.2,9193.2,84.8
1988-01-01,8730.6,5561.7,1563.5,1818.8,720.6,933.9,-213.4,9281.2,84.8
1988-04-01,8845.2,5610.0,1592.7,1824.3,749.0,930.7,-181.7,9346.5,86.0
1988-07-01,8897.1,5662.0,1586.5,1815.8,763.9,931.1,-167.2,9416.8,86.3
1988-10-01,9015.7,5734.7,1607.5,1853.3,779.1,958.9,-179.8,9483.1,87.2
1989-01-01,9107.3,5767.4,1661.6,1845.1,801.8,968.6,-166.8,9552.4,88.1
1989-04-01,9176.8,5810.7,1636.8,1873.5,829.4,973.5,-144.1,9632.7,88.4
1989-07-01,9244.8,5858.8,1617.5,1890.4,826.8,948.7,-121.9,9704.0,88.6
1989-10-01,9263.0,5888.8,1605.0,1902.7,830.7,964.1,-133.4,9768.0,88.6
1990-01-01,9364.3,5960.3,1611.8,1933.3,858.2,999.4,-141.2,9826.6,88.9
1990-04-01,9398.3,5966.0,1600.1,1940.7,860.9,969.4,-108.5,9884.9,88.5
1990-07-01,9404.5,6014.2,1564.7,1942.8,868.0,985.2,-117.2,9938.2,88.0
1990-10-01,9318.9,6002.7,1470.4,1968.6,881.8,1004.5,-122.8,9980.8,87.7
1991-01-01,9275.3,5953.2,1420.9,1973.6,880.9,953.4,-72.4,9998.3,86.8
1991-04-01,9347.6,5991.2,1413.6,1978.1,901.3,936.6,-35.4,10002.8,86.3
1991-07-01,9394.8,6014.9,1434.3,1977.5,909.2,941.1,-31.9,10005.3,86.2
1991-10-01,9427.6,6019.7,1473.0,1969.6,925.8,960.5,-34.7,10013.0,86.0
1992-01-01,9540.5,6147.9,1434.6,1988.8,937.5,968.3,-30.8,10030.0,85.5
1992-04-01,9643.9,6193.5,1509.9,1989.4,933.2,982.1,-48.9,10036.8,85.8
1992-07-01,9739.2,6269.1,1519.0,2008.2,948.3,1005.3,-57.1,10062.2,86.0
1992-10-01,9840.8,6344.5,1558.4,2007.4,944.8,1014.2,-69.4,10089.0,86.5
1993-01-01,9857.1,6371.0,1587.6,1980.1,942.7,1024.3,-81.6,10124.7,87.3
1993-04-01,9914.6,6434.0,1593.7,1979.0,951.0,1043.0,-92.0,10166.5,88.3
1993-07-01,9961.9,6495.3,1586.3,1979.3,942.2,1041.1,-98.9,10208.3,88.8
1993-10-01,10097.4,6554.3,1660.1,1988.7,966.9,1072.6,-105.7,10246.8,89.6
1994-01-01,10195.4,6621.3,1721.8,1967.7,976.1,1091.6,-115.5,10302.4,90.2
1994-04-01,10333.6,6677.8,1803.7,1981.2,1008.1,1137.3,-129.1,10371.5,91.7
1994-07-01,10394.0,6738.4,1774.7,2018.1,1044.7,1182.1,-137.3,10458.6,92.7
1994-10-01,10513.0,6806.3,1843.8,2006.5,1069.8,1213.5,-143.7,10535.4,93.1
1995-01-01,10550.2,6819.7,1862.0,2016.3,1096.2,1243.9,-147.7,10626.9,93.6
1995-04-01,10581.8,6886.5,1820.1,2028.0,1115.1,1267.9,-152.8,10719.6,93.4
1995-07-01,10671.7,6943.1,1810.2,2021.9,1154.8,1258.2,-103.4,10798.6,94.5
1995-10-01,10744.2,6988.5,1845.6,2006.5,1160.4,1256.8,-96.5,10872.4,94.7
1996-01-01,10824.7,7058.2,1864.6,2024.1,1166.5,1288.7,-122.2,10952.4,94.9
1996-04-01,11005.2,7152.3,1943.2,2038.1,1176.9,1305.3,-128.4,11034.4,95.8
1996-07-01,11103.9,7202.7,2013.3,2043.9,1173.8,1329.7,-155.9,11133.2,96.6
1996-10-01,11219.3,7270.7,2010.5,2058.8,1227.6,1348.3,-120.6,11246.0,97.7
1997-01-01,11291.7,7336.1,2055.6,2047.0,1240.0,1387.0,-147.0,11354.1,98.5
1997-04-01,11479.3,7372.7,2142.9,2078.6,1286.1,1401.0,-114.8,11469.8,99.0
1997-07-01,11623.0,7485.6,2180.6,2086.7,1306.9,1436.8,-129.9,11603.2,99.6
1997-10-01,11722.7,7574.0,2199.2,2106.0,1295.0,1451.4,-156.5,11741.3,100.0
1998-01-01,11839.8,7640.0,2286.5,2093.9,1286.0,1466.5,-180.6,11879.3,100.7
1998-04-01,11949.6,7770.2,2259.1,2136.5,1262.0,1478.3,-216.3,12034.2,101.2
1998-07-01,12099.2,7862.0,2310.3,2158.6,1240.6,1472.3,-231.7,12176.9,101.3
1998-10-01,12294.8,7974.6,2377.2,2179.4,1278.3,1514.7,-236.3,12327.4,102.6
1999-01-01,12410.7,8046.5,2443.5,2201.0,1266.9,1547.2,-280.3,12489.2,102.4
1999-04-01,12514.4,8185.1,2428.1,2226.4,1280.3,1605.5,-325.2,12662.0,103.0
1999-07-01,12680.0,8293.1,2478.9,2269.8,1316.0,1677.8,-361.8,12824.9,103.6
1999-10-01,12888.3,8419.0,2542.6,2319.5,1342.1,1734.9,-392.8,12994.8,104.1
2000-01-01,12935.2,8559.0,2522.7,2314.8,1361.7,1822.8,-461.1,13174.7,104.6
2000-04-01,13170.7,8626.4,2667.9,2342.4,1405.2,1871.1,-465.9,13343.2,104.9
2000-07-01,13184.0,8714.2,2632.1,2340.9,1437.5,1940.7,-503.3,13542.1,104.8
2000-10-01,13262.2,8792.5,2627.1,2365.4,1414.7,1937.4,-522.8,13725.2,104.4
2001-01-01,13219.3,8832.0,2488.9,2406.8,1384.8,1893.2,-508.4,13900.5,104.4
2001-04-01,13301.5,8837.8,2476.1,2444.3,1327.8,1784.6,-456.8,14035.2,103.4
2001-07-01,13248.2,8838.4,2431.3,2441.9,1248.7,1712.0,-463.3,14161.9,102.1
2001-10-01,13284.9,8956.7,2305.6,2483.3,1188.3,1649.0,-460.7,14272.9,101.0
2002-01-01,13395.0,8965.7,2375.9,2534.0,1203.9,1684.4,-480.6,14348.7,100.1
2002-04-01,13477.4,9046.4,2393.2,2568.0,1243.0,1773.2,-530.1,14439.3,100.3
2002-07-01,13531.8,9112.9,2381.6,2588.6,1251.1,1802.5,-551.4,14531.2,100.0
2002-10-01,13549.4,9153.8,2379.4,2624.1,1228.7,1836.6,-607.9,14616.9,100.1
2003-01-01,13619.5,9223.2,2389.2,2647.3,1224.0,1864.2,-640.2,14699.0,99.6
2003-04-01,13741.1,9306.0,2395.8,2670.8,1223.7,1855.2,-631.5,14780.7,99.3
2003-07-01,13970.1,9446.0,2469.1,2681.8,1252.9,1879.7,-626.8,14861.2,99.5
2003-10-01,14131.3,9499.3,2558.4,2702.3,1310.4,1939.1,-628.6,14957.2,100.0
2004-01-01,14212.3,9593.9,2567.6,2725.5,1351.3,2025.9,-674.6,15072.2,100.4
2004-04-01,14323.0,9633.7,2675.5,2744.1,1383.7,2113.9,-730.3,15185.4,100.4
2004-07-01,14457.8,9732.3,2723.8,2768.6,1386.6,2153.5,-766.8,15321.6,101.1
2004-10-01,14605.6,9850.3,2786.6,2785.2,1424.1,2240.6,-816.5,15465.1,101.6
2005-01-01,14767.9,9891.8,2875.6,2806.3,1455.6,2261.4,-805.8,15619.3,101.8
2005-04-01,14839.6,9991.9,2843.8,2816.0,1486.9,2299.1,-812.1,15790.3,102.4
2005-07-01,14956.2,10091.8,2880.3,2838.7,1482.0,2336.6,-854.6,15947.4,102.7
2005-10-01,15041.2,10109.3,2986.1,2854.2,1524.8,2433.3,-908.5,16108.1,103.3
2006-01-01,15244.2,10200.9,3037.5,2892.2,1585.0,2471.5,-886.5,16289.7,104.4
2006-04-01,15281.6,10252.9,3010.3,2900.6,1622.0,2504.2,-882.3,16477.6,104.7
2006-07-01,15304.5,10321.1,2989.6,2902.3,1628.0,2536.4,-908.4,16652.2,105.2
2006-10-01,15433.7,10363.5,2941.1,2940.0,1683.6,2494.5,-810.9,16815.5,105.5
2007-01-01,15478.9,10422.7,2901.0,2960.1,1718.2,2523.2,-805.0,16961.0,105.5
2007-04-01,15577.7,10468.8,2919.6,2996.1,1755.2,2561.9,-806.7,17091.3,106.0
2007-07-01,15671.6,10543.5,2890.2,3022.3,1813.9,2598.3,-784.4,17221.7,105.7
2007-10-01,15767.2,10647.7,2831.5,3069.9,1875.9,2657.8,-781.9,17340.2,105.3
2008-01-01,15702.9,10682.2,2737.4,3106.8,1936.2,2759.7,-823.5,17439.8,105.0
2008-04-01,15792.7,10761.6,2699.0,3157.0,2024.1,2848.9,-824.8,17512.4,104.4
2008-07-01,15709.6,10711.8,2634.2,3193.8,2026.8,2857.0,-830.2,17572.9,103.3
2008-10-01,15366.5,10421.2,2427.7,3178.7,1788.6,2449.7,-661.1,17615.1,100.7
2009-01-01,15187.5,10329.6,2120.5,3180.5,1591.0,2034.1,-443.1,17604.1,98.2
2009-04-01,15161.8,10337.7,1964.8,3237.1,1603.6,1981.5,-377.8,17516.8,95.9
2009-07-01,15216.7,10467.6,1939.3,3256.4,1679.5,2126.0,-446.5,17393.5,95.0
2009-10-01,15379.1,10502.1,2098.0,3275.8,1788.1,2284.9,-496.8,17268.2,94.8
2010-01-01,15456.1,10574.9,2133.6,3280.6,1842.3,2375.3,-533.0,17187.0,94.8
2010-04-01,15605.7,10634.4,2238.5,3297.9,1895.7,2460.9,-565.2,17117.6,95.7
2010-07-01,15726.3,10698.5,2322.9,3280.3,1949.7,2525.1,-575.3,17076.8,96.3
2010-10-01,15808.1,10770.0,2311.3,3267.4,2036.3,2577.0,-540.6,17058.5,96.6
2011-01-01,15770.0,10846.0,2266.1,3241.8,2096.0,2680.0,-584.0,17038.0,96.7
2011-04-01,15876.8,10892.1,2344.5,3233.3,2159.6,2752.6,-593.0,17006.9,97.6
2011-07-01,15870.7,10908.3,2355.9,3181.6,2187.5,2762.7,-575.2,16996.5,98.0
2011-10-01,16048.7,10950.0,2536.7,3171.6,2178.1,2787.8,-609.6,16989.3,98.7
2012-01-01,16180.0,11035.1,2585.5,3165.8,2205.1,2811.6,-606.4,17027.5,99.5
2012-04-01,16253.8,11036.7,2644.5,3139.5,2222.0,2788.8,-566.9,17076.6,99.7
2012-07-01,16282.1,11034.0,2638.1,3131.9,2222.6,2744.5,-521.9,17138.8,100.1
2012-10-01,16300.1,11083.9,2619.0,3109.3,2221.1,2733.2,-512.1,17197.1,100.6
2013-01-01,16441.5,11138.5,2707.3,3090.2,2229.6,2724.2,-494.6,17248.6,101.0
2013-04-01,16464.4,11132.0,2736.2,3088.5,2228.6,2720.9,-492.3,17320.5,101.4
2013-07-01,16594.8,11166.4,2826.1,3076.2,2241.5,2715.4,-473.9,17397.0,102.0
2013-10-01,16712.8,11235.8,2839.1,3062.3,2290.6,2715.0,-424.4,17493.3,102.3
2014-01-01,16654.3,11286.1,2816.4,3048.6,2275.5,2772.1,-496.7,17589.5,102.8
2014-04-01,16868.1,11383.4,2927.2,3046.7,2312.6,2801.8,-489.2,17676.6,103.5
2014-07-01,17064.6,11477.8,2988.8,3069.7,2306.4,2778.1,-471.7,17788.3,104.3
2014-10-01,17141.2,11573.5,3014.4,3064.0,2280.4,2791.1,-510.7,17911.6,105.4
2015-01-01,17280.6,11606.5,3116.9,3063.3,2206.7,2712.8,-506.1,18036.9,105.6
2015-04-01,17380.8,11678.5,3100.8,3087.6,2196.0,2682.1,-486.1,18183.4,106.0
2015-07-01,17437.0,11761.0,3097.2,3096.1,2151.1,2668.3,-517.2,18320.8,106.4
2015-10-01,17462.6,11809.5,3054.0,3100.1,2114.8,2615.9,-501.1,18452.5,106.9
2016-01-01,17565.5,11912.0,3026.3,3117.6,2077.5,2567.9,-490.4,18568.7,107.3
2016-04-01,17618.6,11963.1,3009.0,3112.0,2100.6,2566.0,-465.5,18674.0,107.7
2016-07-01,17724.6,12044.9,3007.4,3130.2,2138.6,2596.5,-457.9,18771.2,108.0
2016-10-01,17812.5,12096.8,3081.6,3135.4,2126.9,2628.2,-501.3,18864.6,108.1
2017-01-01,17896.7,12190.1,3068.0,3136.9,2181.2,2679.5,-498.3,18973.3,108.5
2017-04-01,17996.7,12242.3,3126.9,3146.4,2185.2,2704.0,-518.8,19074.8,109.3
2017-07-01,18126.2,12296.4,3163.3,3151.7,2208.5,2693.7,-485.2,19187.5,109.5
2017-10-01,18296.6,12420.6,3194.5,3183.9,2274.1,2776.4,-502.3,19305.2,110.3
2018-01-01,18436.3,12509.0,3249.9,3208.4,2292.1,2823.0,-530.9,19426.7,110.9
2018-04-01,18590.0,12577.6,3268.7,3233.4,2329.8,2819.5,-489.7,19557.8,111.5
2018-07-01,18679.6,12660.9,3327.0,3255.9,2291.4,2855.6,-564.2,19688.9,111.8
2018-10-01,18721.2,12700.1,3343.8,3253.8,2273.1,2849.6,-576.5,19830.0,112.1
2019-01-01,18833.1,12694.0,3409.4,3273.6,2264.0,2807.8,-543.8,19970.4,112.1
2019-04-01,18982.5,12818.1,3426.6,3301.7,2258.9,2822.7,-563.8,20122.3,111.9
2019-07-01,19112.7,12913.1,3429.0,3316.2,2232.7,2778.3,-545.7,20273.1,112.6
2019-10-01,19202.4,12970.6,3365.2,3337.8,2220.5,2691.8,-471.2,20419.2,112.9
2020-01-01,18952.0,12738.9,3310.5,3380.5,2104.7,2582.6,-477.9,20544.3,111.3
2020-04-01,17258.2,11509.7,2806.1,3419.8,1601.9,2079.4,-477.5,20651.3,96.6
2020-07-01,18560.8,12550.8,3256.5,3390.8,1826.0,2463.2,-637.2,20628.5,104.7
2020-10-01,18767.7,12642.2,3428.2,3395.0,1940.5,2638.2,-697.7,20719.0,107.2
2021-01-01,19055.6,12974.7,3396.4,3439.1,1999.0,2753.5,-754.5,20849.3,108.3
2021-04-01,19368.3,13356.0,3343.0,3420.3,2096.5,2847.4,-750.9,20967.1,109.9
2021-07-01,19478.9,13403.0,3441.7,3429.3,2086.4,2881.5,-795.0,21067.4,111.8
