date,DZA - Algeria,AUS - Australia,AUT - Austria,"BHS - Bahamas, The",BGD - Bangladesh,BEL - Belgium,BLZ - Belize,BEN - Benin,BOL - Bolivia,BWA - Botswana,BRA - Brazil,BFA - Burkina Faso,BDI - Burundi,CMR - Cameroon,CAN - Canada,CAF - Central African Republic,TCD - Chad,CHL - Chile,CHN - China,COL - Colombia,"COD - Congo, Dem. Rep.","COG - Congo, Rep.",CRI - Costa Rica,CIV - Cote d'Ivoire,DNK - Denmark,DOM - Dominican Republic,ECU - Ecuador,"EGY - Egypt, Arab Rep.",SLV - El Salvador,FJI - Fiji,FIN - Finland,FRA - France,GAB - Gabon,"GMB - Gambia, The",GEO - Georgia,DEU - Germany,GHA - Ghana,GRC - Greece,GTM - Guatemala,GNB - Guinea-Bissau,GUY - Guyana,HND - Honduras,"HKG - Hong Kong SAR, China",ISL - Iceland,IND - India,IDN - Indonesia,"IRN - Iran, Islamic Rep.",IRQ - Iraq,IRL - Ireland,ISR - Israel,ITA - Italy,JPN - Japan,KEN - Kenya,KIR - Kiribati,"KOR - Korea, Rep.",LVA - Latvia,LSO - Lesotho,LBR - Liberia,LUX - Luxembourg,MDG - Madagascar,MWI - Malawi,MYS - Malaysia,MLI - Mali,MLT - Malta,MRT - Mauritania,MEX - Mexico,MAR - Morocco,NPL - Nepal,NLD - Netherlands,NIC - Nicaragua,NER - Niger,NGA - Nigeria,NOR - Norway,PAK - Pakistan,PAN - Panama,PNG - Papua New Guinea,PRY - Paraguay,PER - Peru,PHL - Philippines,PRT - Portugal,PRI - Puerto Rico,RWA - Rwanda,SAU - Saudi Arabia,SEN - Senegal,SYC - Seychelles,SLE - Sierra Leone,SGP - Singapore,ZAF - South Africa,ESP - Spain,LKA - Sri Lanka,VCT - St. Vincent and the Grenadines,SDN - Sudan,SWZ - Swaziland,SWE - Sweden,THA - Thailand,TGO - Togo,TTO - Trinidad and Tobago,TUN - Tunisia,TUR - Turkey,GBR - United Kingdom,USA - United States,URY - Uruguay,"VEN - Venezuela, RB",ZMB - Zambia,ZWE - Zimbabwe
1970-01-01,0.6601014026918223,2.900209432808357,2.8201796328647903,2.9450480778936896,-1.2746895252081427,2.8500651037378155,0.19130328423145343,-0.8221123708987994,-0.09952809914368374,-0.4234070421935953,0.8640733084393765,-1.526520413367601,-1.7035129051376006,-0.3805208867750056,2.933804889929333,-0.7393290534541479,-0.6908726840297896,1.0861742059370478,-1.9336647764311026,0.5975762122602202,-0.2546986442661179,0.0862605880385241,0.8870375039634424,0.36845502731663166,3.2246745708887183,0.33130687012139093,0.5691752027126618,-0.8614993322500545,0.7689002024270759,0.7836331836530201,2.759189158832379,2.8580536069724105,1.523376482179069,-0.9717646200386516,0.5613546522467804,2.8601114985935108,-0.6929125283806815,2.3872485127292555,0.42491268455439385,-0.881821963771411,-0.16751890733162797,-0.03690422272263994,1.7189525801995822,3.060889703371545,-1.297331633657691,-1.1011126679233176,0.7329994250191677,-0.3525588365519463,2.522966635620565,2.141579214008553,2.718359950135288,2.718741447794236,-1.022850584453843,0.6448488787336729,0.6769477399882278,1.0661262858203295,-1.3199122195803683,-0.3530057512722504,3.3104587380817447,-0.7017602428591224,-1.7468551048044365,0.324456785784425,-1.2288398743376379,1.0981272616152236,-0.3261543670022358,1.5349527399786231,-0.1673456089815099,-1.6736134199899715,3.058106951730652,0.581957761564106,-0.7453936125105008,-0.36456316291858776,3.1837221879621183,-1.0821119469066254,1.0704477257808431,-0.1874550155843545,-0.3297120102526076,0.8491873456919914,-0.19135608424479356,2.0131426947906603,2.1514382777098806,-1.4966501827428669,2.3440329103532167,-0.23076316388049384,1.414012144443554,-0.8528199972171792,1.5803344315837078,1.607671801063488,2.4458618015974847,-0.8762445140346589,0.4586260275984935,-0.7969863988705789,-0.1271185359111402,3.127036164783373,-0.5386865435397526,-0.7933649218689592,1.8505775612089006,0.1130678078210825,1.1432832566872297,2.8964847978717088,3.0509364762664886,1.1831358191392671,1.9276711759536609,-0.016398115389302467,-0.42988510299154914
1971-01-01,0.512482307650006,2.9057054300101073,2.865601681440015,2.9348946749202116,-1.3507393826393643,2.8873270612655406,0.20897277266197378,-0.8590231008384107,-0.07451396685631431,-0.22618494883611714,0.9467409544024268,-1.5298960239936272,-1.6909113018857458,-0.3722473727901224,2.959190288198775,-0.7476046797691074,-0.7359792829240364,1.1542658100398224,-1.8934752834421962,0.6306106824498677,-0.2236610370387251,0.13084039174550077,0.9282605076735493,0.4130100997759024,3.247302700253116,0.4066530736240861,0.6017254243810382,-0.8497107258872225,0.7801278690525455,0.8292061869262561,2.781222860001721,2.9019889373026118,1.6016599555711761,-1.0008780702597109,0.5753338553669285,2.889123065562764,-0.6685011807078194,2.458399440224689,0.4520185160206935,-0.9443960252210439,-0.14935033828889183,-0.02526696332268515,1.7677795915121715,3.1755585448197343,-1.3034859966288324,-1.0588334479525663,0.8282899443531941,-0.33371191922821114,2.5453780921236455,2.216513838514111,2.731713201756354,2.7517869589795727,-0.8579358689645605,0.5995169064849882,0.7565477925549781,1.1333899823645168,-1.2904491361862225,-0.3315265140803401,3.3272450192376994,-0.6908214733358768,-1.6262299239195361,0.35563916576945603,-1.2182653413421174,1.122205679264152,-0.33707504073060246,1.5406575104405738,-0.13453001683136506,-1.7067685062817235,3.0884795819081203,0.5838427635194193,-0.7179677075584917,-0.2547301747393404,3.231364118679953,-1.104702367234562,1.1339771026645304,-0.15407859463234558,-0.30045305311541853,0.8621546248928005,-0.16730159468419645,2.0815868737048038,2.197021353330212,-1.5145115113972585,2.4826151075249414,-0.26270848877177516,1.5383739278374324,-0.8388171344191591,1.6760469339285369,1.6265059295046393,2.4802163731959603,-0.8772264297564445,0.47706617340432217,-0.804751394686604,-0.026805960387273637,3.12955733245337,-0.5197769653487614,-0.8259821039699083,1.8500268901254437,0.19775298374761266,1.1736968066493165,2.926533559938579,3.0707083439087217,1.1776019060784497,1.9085504058776295,-0.05060645716272747,-0.3782716061654279
1972-01-01,0.7278013606180936,2.9257007147412843,2.920017718445414,2.8766789813937472,-1.51742349580728,2.93501269052824,0.28756210861491005,-0.8191518763510645,-0.02250982330586961,-0.02526165011852921,1.0366009517602979,-1.5246731311794726,-1.7683600356585785,-0.37220892875322054,2.996263992213896,-0.7666920189927146,-0.7481229151233233,1.1283400070256886,-1.8807530679420024,0.6808722230996925,-0.2489348484343238,0.18295437654564228,0.9834875931771034,0.40820525921444684,3.282484754262409,0.47827379799154573,0.6224440416628881,-0.8507506560618613,0.8134809157419894,0.8805219133355066,2.849779736821205,2.9377114578636085,1.6904175256370029,-1.029159671254348,0.5556036223786428,2.926442703418766,-0.7223142515073705,2.548664108161498,0.4954510524572056,-0.9111074228623959,-0.1913095063819373,0.0026653210196854126,1.849465731191936,3.2208612657345816,-1.3316605671276054,-1.00809808497892,0.952255753129161,-0.3300255393354608,2.593395169904339,2.319147014841048,2.762276253942762,2.8185620370547357,-0.7360927321220118,0.6939440467586847,0.8008643714316375,1.1753887142995851,-1.312919585102969,-0.3177872248503734,3.379010997743075,-0.7316388793789621,-1.5965947909019362,0.42075716819188175,-1.1771417626702805,1.1797744140188968,-0.3735525869911366,1.5886375989983306,-0.13117636801251648,-1.6974017853751608,3.113096516686048,0.5751173537286174,-0.798758816997551,-0.24530145857447597,3.2750560409672773,-1.1240282744083268,1.1504347991575934,-0.1279327902214749,-0.2603600760802771,0.862505632860192,-0.14300670057800935,2.1602361206240857,2.246561366812725,-1.541262137102477,2.6480476361925676,-0.23182799836252735,1.577310611250436,-0.8507944884909807,1.7843917326343228,1.6200038219077826,2.549507544227856,-0.8947248752216621,0.6956924348664666,-0.887059350128298,-0.0032422842320714703,3.149231729423184,-0.5064093778476495,-0.7804314204055071,1.8933617248720023,0.3446746721200662,1.2212625852689614,2.964548527811866,3.1112271058398377,1.1631896685558698,1.8871315354097922,0.003603871497745903,-0.3325676374317171
1973-01-01,0.7382758080943697,2.9360637875622735,2.9622234517459543,2.929339708442712,-1.499452935948711,2.9937295062698492,0.3229607349328496,-0.8057797898934328,0.008542534883779587,0.1338999915067972,1.1437599996284633,-1.5381079009308427,-1.7117287003687116,-0.34679797537205703,3.046646632979915,-0.7670837859251246,-0.8595833042533446,1.0606073560313742,-1.827552335324071,0.7230158059560915,-0.1973270039101359,0.2313633733990737,1.0346931635998307,0.4193678916963595,3.313342896958535,0.5729055757255609,0.7250603895484252,-0.864286082301226,0.8357485912972001,0.9697878508139551,2.911608140353214,2.990183571621064,1.768952497749829,-0.9724659463824122,0.609609461415265,2.9699620221742276,-0.7227978785887066,2.62193881076752,0.5339150408512524,-0.9304761184666775,-0.18455592795385284,0.0496905414925279,1.9370764319050484,3.2716143742344173,-1.3220365150984088,-0.9397473726615063,0.978647838579489,-0.31939315084964676,2.623489987314615,2.3115598108481565,2.8243286178827027,2.887546745129007,-0.7150971007612256,0.8655746603762392,0.9210939949375112,1.2232783929334583,-1.0995380565531843,-0.3679606402413095,3.447816339690696,-0.7865348165213423,-1.6055391988009464,0.5072412226642392,-1.208080146586137,1.2212264061571716,-0.44954853200994865,1.6335846212057454,-0.11655320497931836,-1.7236943775153188,3.1578351430351743,0.6065759570631531,-1.0133967789622464,-0.21722817387336482,3.3118751066694485,-1.083634069200636,1.1751030225153198,-0.09394396781771477,-0.21377783673908166,0.8870025722772608,-0.08617016536910885,2.2660930284286245,2.286473414852066,-1.5367968569368455,2.8281204141095966,-0.3200340653647582,1.6425291887662181,-0.8501998651690061,1.8712168497316015,1.6420662778180113,2.615437924046251,-0.8442555367046691,0.5667170237407817,-0.9114442341922819,0.053241905603679376,3.186420880587786,-0.4368382167803992,-0.7672851404675068,1.8955926048780267,0.32043636488645655,1.2292160643987242,3.0259502399404434,3.156636321190533,1.1657036515710713,1.9213145689468578,-0.04019949873804398,-0.34125365517735257
1974-01-01,0.7833687260734421,2.9508898998422977,2.9991855889065473,2.7262818841405676,-1.4239606064076904,3.035224339812044,0.43468025057092663,-0.7965956386859913,0.01288477860719902,0.1829617364113074,1.2067276179466013,-1.476803235601398,-1.7303747045416966,-0.272005162736784,3.0649626070997695,-0.7253460170094274,-0.8343669074745661,1.0689506938962774,-1.825472398474559,0.756084298760974,-0.19339897748925144,0.27680943781860684,1.0651281501109948,0.4152436510619629,3.3004939419425368,0.6051522826795857,0.8035993429283091,-0.8601837002116413,0.863611657256938,0.9753195507917352,2.938225323366296,3.02419659801548,2.0827770040216325,-0.9467932900019479,0.6853433709269064,2.978433639365728,-0.6833407329037947,2.55170853866672,0.5690609593922277,-0.9132899361484985,-0.11566410020413731,0.007921837285025976,1.9393468315006792,3.3135793995356626,-1.3332278353233142,-0.8851303725163294,1.0399517973930117,-0.20244109263436502,2.6486430275316084,2.34797016984092,2.8713268331686383,2.856129098954474,-0.7118881045609369,1.2206529285122025,0.9936422580072111,1.2619851700827296,-1.0173811239844421,-0.3495265019755964,3.476037342681113,-0.7953147929206028,-1.5684784245406684,0.563159213058391,-1.240011401168264,1.3175426339031553,-0.36378182241440216,1.6596683210891596,-0.08276103953333179,-1.6839582361199286,3.183807573676435,0.7085186280846563,-0.9570775132828444,-0.13715649634191518,3.3431463788943936,-1.0774795024135375,1.1717266088585605,-0.09725514491538821,-0.15738220863939537,0.9477213898608762,-0.07960164594488181,2.2635080393248033,2.294427302255662,-1.5526973659768744,3.0205526552358175,-0.30855192438193907,1.635049495861669,-0.838185240239883,1.9172486494750158,1.679062782431766,2.6604637771441,-0.8211535200190895,0.46314702049658385,-0.8343614551065939,0.07885042875120825,3.2150004151312506,-0.4200526781844664,-0.742955405645197,1.918354713948017,0.37878944834810546,1.2597009242959043,2.999798927349533,3.1425821647496694,1.1935427874405615,1.9070073697439112,-0.011956748977274454,-0.31110210457609383
1975-01-01,0.8049544122718203,2.9518638600293143,2.9981947941808533,2.545833968043708,-1.4850107659144351,3.012479325374425,0.45519895748118155,-0.8711123152268937,0.059081936224192104,0.22735576279924982,1.2338867503744173,-1.4660401575968085,-1.7379769502864455,-0.19301112284141084,3.064111389029218,-0.7420707074130517,-0.7699401305175577,0.9328527891840153,-1.7597147081847953,0.755404036157951,-0.2719240072859019,0.3212966103823946,1.0613849076042188,0.4483138994115128,3.2853215263091036,0.6303590746570881,0.880307262692871,-0.7952186320123188,0.8695577848957203,0.9609814157415993,2.95167472143792,3.0075482314059006,2.2382931227233738,-0.8602706130273774,0.7491758259173256,2.973456933751181,-0.8394672619555984,2.6040453283248444,0.5624237232060137,-0.8591710500694757,-0.040795831059631874,-0.0010881900455983822,1.9152841300989443,3.307231085003448,-1.268810216268944,-0.8496512717427188,1.0662828266142061,-0.11712050991928798,2.6872139493118885,2.357780202490586,2.8442312004280983,2.870565588960757,-0.7400224789553778,1.2527276755425876,1.0476296423320073,1.320733843073075,-1.185989172514289,-0.41352440166310594,3.3971405036388282,-0.8116629609834309,-1.5419201840540135,0.5476524122741557,-1.1465647527968492,1.4888476475397459,-0.4454540613490192,1.6863038292478558,-0.03131663740448753,-1.6913177252839267,3.1749139612519026,0.6762237675363679,-1.013301692078854,-0.2180967972921429,3.386659385834479,-1.0658332931386785,1.1605826544823168,-0.1345515820751136,-0.11567181447525521,0.9535808730761892,-0.053572564138880736,2.181054174424753,2.2694209590472436,-1.6049041690094166,3.0186963371720967,-0.26401664927442126,1.6471190109308407,-0.8445707953168985,1.947705402897798,1.6738707756690363,2.6552213734178887,-0.7775276121780725,0.3730517470699144,-0.7203684567099415,0.1786339906767388,3.236235870809267,-0.39726456181261366,-0.7414251779415684,1.9186523141861607,0.4267829417273995,1.305412067335738,2.9842575367114605,3.130510161791669,1.250572651602108,1.9005976711295027,-0.06866442376024336,-0.36396366915308925
1976-01-01,0.8574934977977996,2.967406106566058,3.0447287942369816,2.575310886890136,-1.4529163952323325,3.0656801289899884,0.44082017291155207,-0.8872896329315796,0.08013590861572299,0.2904500404757731,1.3036510739436922,-1.4033672960844046,-1.6797878443052205,-0.2774692036506764,3.10157192166617,-0.7108634371176134,-0.7609548324436024,0.9516902820261284,-1.7913174698184073,0.7793258432326086,-0.3545753350227161,0.3009995967131009,1.0894495630794274,0.5239678175001443,3.341958616960111,0.6706692317712485,0.9245629249854123,-0.6796298414252239,0.8971792286255275,0.9691966261596668,2.952098147299736,3.04434267277232,2.5218583966623287,-0.8183473967045545,0.801153825000178,3.0260513964015447,-0.8947579940837752,2.6547867516929675,0.6085300454839949,-0.8254086755521863,-0.03400575959985468,0.06798293281794399,2.0525555566818796,3.3551880206438343,-1.2755894680792503,-0.8157719132568435,1.198851347146781,0.009067004818374094,2.685974192770618,2.348528008555132,2.9080724761792465,2.9021495352453357,-0.7558128420582579,0.9194836270168487,1.1579058945815246,1.3693824681116102,-1.1060131854025295,-0.3904436700854084,3.4172185774713957,-0.8719568556853843,-1.5264157433534906,0.6339664330009258,-1.0351994056860325,1.6409088232440456,-0.3923478707658759,1.7011274596349726,0.04911533710929498,-1.6702057440086382,3.210662734985761,0.6963064851054498,-1.0345742566093088,-0.16039286562240768,3.4382784663527466,-1.0460929095644582,1.1505434059930937,-0.19668938382460718,-0.06814637062156388,0.9455733504227466,0.0029818966239702933,2.219339000361504,2.313466334746069,-1.4584645447028006,3.083992708777146,-0.20501427816512155,1.7795756604524056,-0.8725309833681518,2.005959999069791,1.6745149654262845,2.6762878655317355,-0.7609632049300907,0.4611185783727062,-0.5987329340059595,0.12643146281194373,3.2431244709548213,-0.3325912638278731,-0.7843142823042402,1.9668261879149278,0.4794654165190082,1.3818226099392137,3.014337386593096,3.173465708725526,1.2852146351048985,1.9398463684466962,-0.04164972863930772,-0.3918028457169849
1977-01-01,0.8804340012956638,2.9915739434211925,3.0938964859679565,2.64130424847719,-1.452374076984627,3.0706873581817247,0.49019605258611176,-0.864258125366511,0.10484256743787237,0.3648453358398057,1.3250775419354144,-1.4193824774216122,-1.5925416422642587,-0.17700932033150885,3.1238182839025956,-0.6960103520541727,-0.7582409740698718,1.021070570342418,-1.7316948028772825,0.7967450688476788,-0.37558196768195773,0.178238829034956,1.148189584088692,0.5492139124225526,3.358439453347617,0.695043807467868,0.9136709580562312,-0.5800114975835311,0.94230327542164,1.008454508111896,2.9516930043412937,3.073904232601383,2.365289657945177,-0.8128603595626916,0.8610289326537461,3.0612393454404847,-0.8887422356874974,2.6707614958752557,0.6592021411868619,-0.9089828037890906,-0.07037680067909101,0.13541468923109398,2.1489944460915087,3.432289637288727,-1.2289106611604408,-0.7569361622180092,1.1540829949878697,-0.00416027027894314,2.751347175177237,2.3260572503712167,2.929107945790884,2.9354797145424065,-0.7027348619573024,0.8492573580853578,1.2540156733514387,1.3952105224502376,-0.9345899042876855,-0.4030977356937468,3.4310577804781976,-0.8778965059898695,-1.5123916327595743,0.6857546367907605,-0.9899081499187645,1.7519767433684046,-0.44013354599778637,1.7068950683186004,0.08505643717921922,-1.6625260300089562,3.229608486981412,0.7461483076582109,-0.9879367599445212,-0.13198414013632498,3.4746099533645545,-1.038708071095948,1.1362434071711884,-0.21539536750960017,0.015185506170963372,0.9223908189645044,0.029868009654878496,2.263234230917912,2.3566472778718883,-1.4711517249488806,3.0960162028815548,-0.25740752849559845,1.698719707204693,-0.8959696668734876,2.064294598312023,1.6525255046684384,2.6923677812563676,-0.7274853039248014,0.478688174399903,-0.5712523199408699,0.10532966963967275,3.2234815338339096,-0.26207942153443403,-0.7387578502566609,2.0404650149438504,0.4876702403288545,1.3926506860460977,3.0402974758774373,3.208614103774482,1.2941842508634098,1.965458695524612,-0.12131777595123575,-0.49479861481085086
1978-01-01,0.9396903721295058,2.9888728789036016,3.092597339267661,2.7518645740650247,-1.4117291833839756,3.0977769970700892,0.5520662217084497,-0.8779554698190373,0.10152525729500632,0.4595182219647078,1.3333154519027832,-1.394734932587917,-1.6258457174453675,-0.006771094188123817,3.152557452457482,-0.7076344839278684,-0.7819462223159681,1.079293283136243,-1.634699445941813,0.8547587642489365,-0.4591247440423495,0.21115752628380366,1.1817184362350985,0.6079226434128686,3.3778241374415012,0.6924244155292116,0.9426738417656471,-0.5452599957644072,0.9748742183280094,1.0085528173599287,2.9776007461389487,3.1091504205661007,2.0672650320424846,-0.7802017694127162,0.9268518654282986,3.0917509135918166,-0.8234128864628428,2.7277585770470405,0.6837968861506846,-0.7922780581670624,-0.09785600182158348,0.19909828826455517,2.2102493370918688,3.4829108359121466,-1.1967105141503183,-0.6926057827170934,1.0431958083853183,0.12185783685389298,2.806561360434469,2.3520580982126735,2.9574323591580796,2.9778076427864457,-0.673349283305005,0.8356724466685096,1.3368355710328075,1.422370938010321,-0.7927813831848644,-0.38514376479929274,3.4692047187952313,-0.933994580762307,-1.4530444401418718,0.7271530622505361,-1.0211335314757746,1.847378408896046,-0.4739445654748197,1.766192121089619,0.08372127689538618,-1.6416057428598712,3.250061225914409,0.6343498287429964,-0.8897042231571639,-0.22183414743808083,3.5086076578787218,-0.993378919785964,1.203930948571596,-0.16000551580328348,0.10268163184838633,0.8983783326504736,0.052819815667606435,2.2802151336132717,2.4105687702813965,-1.4166560413478728,3.028904214785109,-0.32245007145195187,1.8750842602661992,-0.8963645823764923,2.1356485069645808,1.6611455890609939,2.6931712837225708,-0.6901190386859714,0.5811202008354945,-0.6656594201296052,0.08733088514735173,3.2379339304391963,-0.1864362135653656,-0.656719486348557,2.1222161342505856,0.5233077550638183,1.3850806412694392,3.0807197299181173,3.252162200722624,1.3399712299192268,1.954060559667077,-0.14845138830096727,-0.5545616273126746
1979-01-01,0.9820215082288273,3.0178005019070606,3.1464835243646405,2.961864559038761,-1.393016398666736,3.1200190737183173,0.6078757234311262,-0.8413175974602465,0.07928536574098366,0.5355148276361876,1.3752786603777016,-1.3800802684016567,-1.6348044135730673,0.022824919086230366,3.1799239691144066,-0.7577544617574352,-1.0426909262874497,1.1485912861392222,-1.5750405836530437,0.8840988540370563,-0.48288080243980763,0.2759464799867942,1.2022847723819519,0.5872727795178898,3.4141089044506527,0.7132367474413822,0.9531777749705193,-0.5083735788920127,0.9140958102866499,1.1040743459308062,3.0438424534652726,3.1402816200489623,2.048371367225309,-0.8236308069015291,0.9906026632699964,3.131974309714257,-0.8676670146474207,2.7475852987662455,0.7056762639371549,-0.7805242650606413,-0.1230927321890147,0.21301055936642782,2.2649564184377944,3.520587534429911,-1.2737584472200292,-0.6475574897582383,0.9341436142948107,0.2808714654561722,2.823506113482894,2.3873265884680226,3.0124244327764083,3.0227730412753027,-0.6376809567187643,0.6877634125259443,1.40222973139884,1.4491442387909144,-0.7905384924291955,-0.3839461749393676,3.4900474286769048,-0.8685068653422267,-1.4420554375177141,0.7930981720241431,-0.9393649066441966,1.937004187076625,-0.45584635918170385,1.8336653343147136,0.10678392743142294,-1.6405916273051853,3.2630999053658836,0.297151914864077,-0.8487312935740723,-0.18628700433263937,3.5478566443009267,-0.9892429137693509,1.2232653320538054,-0.16851051356471006,0.18787082554289766,0.9284277105215322,0.08025376929000776,2.3243520392457024,2.474386459554929,-1.3381050867627164,3.0631753730813145,-0.27993371621565283,2.007683724506848,-0.8764786874222052,2.2130440359345953,1.6763787927397096,2.684713891875573,-0.6477286236511615,0.6044561298756682,-0.7507550834480163,0.08708959255008293,3.2734327988138063,-0.15558644940393015,-0.73521610712325,2.1433632945171213,0.5598216860490655,1.3562127338889658,3.115928431478067,3.2723810358155214,1.3931878824544908,1.928427257388042,-0.21165268426595651,-0.5560028445549782
1980-01-01,0.9591059100819616,3.0356678943217568,3.163649125000175,3.0026102144001032,-1.4125934920031598,3.1623983363545607,0.729165256791199,-0.8028309035613678,0.041890343128951284,0.6112138768171492,1.4390683697767988,-1.3945503156252526,-1.6513866457957818,-0.026386026180989963,3.1883871605954184,-0.8303543931853123,-1.1255220840164122,1.2124286945332432,-1.5120909614136406,0.901417981569048,-0.48834038868959684,0.40929506539152155,1.1819914238416491,0.42747382971617154,3.4080055211232168,0.7666033701992948,0.9637825892169116,-0.435026583938416,0.7719663624759938,1.0660772136920333,3.093220200217385,3.1516498968911364,2.0493904211872644,-0.7951286967720325,1.0269200982546463,3.143889974710075,-0.8864999013314703,2.7445115864528447,0.7181632258946292,-0.9663875111233063,-0.1086206701090028,0.18821899054372357,2.334549855390367,3.565886539730333,-1.2316308016926554,-0.5871182313088947,0.7549412117665769,0.47268621430751356,2.8423266218919503,2.4297721368499223,3.044089462971134,3.042719238445142,-0.6212587726285836,0.07479222837312037,1.3675567030719646,1.4868666757923208,-0.8440816630802745,-0.45886528282094663,3.494861291539939,-0.8881349360104439,-1.4679231968404343,0.8408074813958716,-1.0015927576198096,1.9946413243339784,-0.45131960724160214,1.898429022181274,0.11861841574321093,-1.6866873783520004,3.268516489880179,0.3133545858866882,-0.8992078618143986,-0.1737122442302379,3.588701001743549,-0.9253063286914995,1.2098995335597618,-0.21871910541196124,0.27082455041784703,0.973184365297538,0.10301991000752282,2.35840916825444,2.504049638809719,-1.286439288408392,3.064898756013837,-0.3398476948969807,1.951675089386012,-0.8533459399954924,2.29592389321275,1.7171810274574177,2.70018585477644,-0.6097372177137592,0.6153504462431344,-0.769473728706459,0.17406841634032807,3.2882596669327904,-0.1258599408660244,-0.6282204956665063,2.2272659097733816,0.6046680292266179,1.3085482377923245,3.09280059908417,3.2600958021930784,1.4431924156954483,1.8517265797845264,-0.21413636843682288,-0.4573261030218559
1981-01-01,0.9568913727344576,3.0528303250567874,3.1596549551821727,2.883538591639162,-1.402371673965864,3.1596279639639064,0.7185748421622717,-0.7355722890905302,0.02104308427804979,0.6617693010822242,1.370836508030626,-1.3763895752285438,-1.5636773247880449,0.10164999809997163,3.210412773466499,-0.8745114674820985,-1.1366651678012436,1.243565735793139,-1.4737976683302287,0.9012004340964979,-0.4914274738502326,0.5422035283602699,1.131231214550818,0.4187115634150883,3.3993809710895158,0.7853761759713133,0.992956192856492,-0.42046369724150695,0.6458444368179216,1.1030250492569917,3.1018196827983044,3.1573021541037978,2.07438384212666,-0.7966735669308661,1.0700507542597832,3.1476453396236237,-0.9509588393005103,2.7198862461542834,0.699866047047054,-0.8162516706984251,-0.09214029594347231,0.18209921546071892,2.399635147569002,3.5962463245125043,-1.1961314984322362,-0.5317375661581158,0.6624592982749051,0.43705925610652085,2.8633275359172767,2.460055627630253,3.0512957593625925,3.0762507636461756,-0.6224063562212103,0.014144010864947293,1.4233823570846171,1.5252427765832637,-0.8623039474641384,-0.5164101983825713,3.4863888175433715,-1.0168876877417896,-1.5487164608953485,0.8831948648484105,-1.0658676247426662,2.019868972708778,-0.4460107058552912,1.9605412385890966,0.07813441245406387,-1.6294750955716761,3.2537890421470905,0.3373693565758564,-0.9209382399673527,-0.3416370363010979,3.600616737121145,-0.882868421594716,1.2741338040226577,-0.24868435970049232,0.329873999558083,1.002263220410229,0.10925266852047619,2.3657898781504585,2.504127109958367,-1.2665732447383258,3.047607051802223,-0.31781407506336196,1.854710904163646,-0.84844677136512,2.3493498665815005,1.7450885341633586,2.690838894913756,-0.5610651896467757,0.6662010848541681,-0.7319434317418202,0.28140657035599953,3.291598455093309,-0.08833565594405578,-0.6949085240777082,2.256248657501205,0.631880698253707,1.3327605608610045,3.0839434181404393,3.275392108999898,1.4520872417924664,1.8185202065967265,-0.18654791598663106,-0.37741553512410425
1982-01-01,0.9864977848343389,3.0688212534532675,3.1788507434072213,2.92602234228624,-1.4056166115377833,3.165831971843824,0.6894423937673119,-0.7416241486056976,-0.042733897119205035,0.7414930049174391,1.3535016766055366,-1.3095461310582477,-1.6020839165599292,0.14419779816847503,3.167689065221918,-0.8301056018081878,-1.1071104513877892,1.1188870427841648,-1.401825106242085,0.8882677463699835,-0.5218212633739857,0.7245369678850643,1.027604415836184,0.3782427733890159,3.4365825396406757,0.7792857764554009,0.9739939396942519,-0.348502776718329,0.5659952117428131,1.015219941799476,3.1266233666258443,3.1764838987230455,2.017702992564754,-0.8401389171621682,1.0814018002560675,3.144640251013557,-1.0554940803874109,2.702330517271072,0.6389879131964631,-0.7955171674120226,-0.22833444745452625,0.13725309872911126,2.4131814979900064,3.60419705609434,-1.1845552641116917,-0.5433935354051584,0.7440574278610559,0.4434019563398176,2.876451257088838,2.4592012736834694,3.0546822682534476,3.102673916032509,-0.6456859521381864,0.054305299850260315,1.4875823703974933,1.543856416044677,-0.8616281522434659,-0.5783273033532043,3.496817199942045,-1.0612167778908432,-1.547958657648302,0.9155954003949108,-1.1333893297605149,2.0210066796911836,-0.4982604744127297,1.9336068091458003,0.1508636101687857,-1.6155325806498395,3.236718259158773,0.3015972181604646,-0.9326281083262807,-0.3782947661366173,3.598193120801425,-0.8536256224360406,1.302834841696799,-0.2725091608627063,0.28642113472827774,0.9757295549955946,0.11744233148328098,2.3808055137682125,2.4777323164695786,-1.2804278949495664,2.86642387995991,-0.27066445875877526,1.8335099607597265,-0.8245304231436024,2.3747063315397363,1.7161815610969762,2.6978818463077103,-0.5437191666653993,0.7049612460009733,-0.7084164049702909,0.2644751918807938,3.303435869429711,-0.05521604717017112,-0.7673793070015857,2.279577891135562,0.6007344360724097,1.3444339437301351,3.104844712307514,3.2475727661674716,1.3428757008556136,1.7696357340559739,-0.24708030811216744,-0.3908592470746172
1983-01-01,1.0065571952826582,3.0337570891392374,3.209764239899307,2.9393154090242413,-1.3927539426735218,3.1690249917117974,0.6400282414583393,-0.8146602936312675,-0.10758038871322571,0.8308656441621728,1.2960911709431542,-1.3312882837540145,-1.5944450901663176,0.18048943995676253,3.182997869716308,-0.9448040346367704,-0.9853219866001649,1.064097103570541,-1.3132399766227343,0.8818797478557864,-0.5334978175683134,0.7519694759989454,1.0278938630646763,0.29695374850937173,3.46344225205292,0.80183708600231,0.945756195758397,-0.29983467184164675,0.5672926365868839,0.9493945153952826,3.1513968794063656,3.1830164506569116,2.0465588540009536,-0.7747161060941691,1.1147326431733962,3.1628635353284085,-1.1370237072228209,2.6856684516298803,0.5880164401439939,-0.8529180088064257,-0.29075902122300606,0.0973941906632876,2.456040011790574,3.56921024733761,-1.1365646377060319,-0.4844694230957836,0.8220228299089762,0.2768653100737484,2.8669158649752005,2.475515986765445,3.065943533162225,3.1260071237117466,-0.6707607373116025,0.11437803117456301,1.5877926070462873,1.5888529247947565,-0.8623831345964564,-0.6318446238420857,3.526004610764496,-1.0781059908039539,-1.5373144615497087,0.9502023462021842,-1.1065144546401668,2.0007691077262963,-0.4899943315438634,1.8709850654234714,0.13470925085270924,-1.6690018363345465,3.253414288692807,0.32002136886531884,-1.0091026249108013,-0.45551780123672825,3.632822610594307,-0.8222100030754973,1.2338779148051773,-0.2679776605708466,0.22582307229438828,0.8420720820637182,0.10872150849330485,2.3744332316161416,2.443808636621645,-1.2549109568648646,2.718868452566774,-0.35457685923304105,1.8073856482654065,-0.8687513984439167,2.4436702233249727,1.671912810444914,2.710705260782023,-0.5111407706996327,0.7403808674233042,-0.7217322738909688,0.24689401497119698,3.3218111553962393,-0.019343935411322944,-0.8604800579667375,2.167039191696498,0.6206781575423544,1.369854108431295,3.145667138067414,3.283779962843687,1.2279835339433627,1.7043701085724592,-0.2984770713469939,-0.41508348766919817
1984-01-01,1.029063499592166,3.067681080259674,3.210339809762177,3.050621518472585,-1.3687869560384027,3.1934045935454742,0.630810934400439,-0.767248995401767,-0.1331615699188925,0.8793799060857277,1.325390405933283,-1.3748331694259157,-1.6231642873089902,0.22230874783704083,3.2276022546383065,-0.8826046428440906,-0.9905505754554887,1.124326795201203,-1.1850692729376986,0.8930819583025122,-0.5056550682606098,0.7902981504139768,1.0603180096616076,0.22934154434307233,3.5047775539656874,0.7919101227400831,0.946891813059133,-0.2637048662985113,0.5671157872475132,1.0083797405254251,3.1776890077749536,3.192109148578305,2.092771889606777,-0.7805333137095759,1.159041700120762,3.194158569427598,-1.0884625943820545,2.7005932369403194,0.568371192928402,-0.7892644483349326,-0.33325823875270594,0.10955505529373362,2.5412817989051244,3.599035457074112,-1.1212326359656548,-0.43680204944411954,0.7655067890701112,0.23656926306260406,2.9033411406349434,2.4714440219054943,3.0974691673158574,3.1633343525649895,-0.691071950349418,0.07534301623706445,1.669480609685551,1.6385183089978252,-0.8361765006445568,-0.6795117818239864,3.585007686830166,-1.0874861919009966,-1.5182816084091664,0.998095170918948,-1.0825123690398022,2.009939948136643,-0.5508813094339841,1.8869991440957894,0.17201970425226082,-1.5997302579757589,3.2796024056834514,0.27874722502943133,-1.221160035994153,-0.5012772209640762,3.6872702242471016,-0.8068282661223622,1.2379684078983912,-0.2981985963040583,0.22402111744155223,0.8541828951206663,0.0054524804104947155,2.351608943364178,2.491471973738167,-1.3341014529345825,2.6296550710366806,-0.34760326641127826,1.8434801583344562,-0.8529356205695141,2.5091364687383115,1.695698602020196,2.724307206778017,-0.4733991172491543,0.7903103829917842,-0.8053340520412048,0.2741814213562849,3.3623278100465552,0.018313931165474907,-0.8433868282494378,2.0929490206676182,0.6568700159274158,1.4124329877888357,3.1664139320828992,3.345173229479564,1.2100524883923307,1.6921594157692057,-0.33267592599829454,-0.4738040723153873
1985-01-01,1.0344157599111012,3.1051723955049857,3.2345500200221253,3.077683750054747,-1.3637543730935002,3.209489720450329,0.6132957548063009,-0.7238263502848294,-0.173623008339336,0.915211833354345,1.3806407858400296,-1.3188716248711019,-1.543546426435133,0.2695058580604968,3.2640384686317496,-0.8699794265724475,-0.8207065809859807,1.1764435047462596,-1.0723515200843083,0.9020397406677652,-0.5278547497172535,0.7497873990289905,1.043233817320011,0.23457867631906576,3.5438279173492826,0.7484343526839039,0.9607145041911822,-0.22300355841730013,0.5600420599125212,0.9451854164803853,3.2082742066479013,3.202293507524834,2.042536873013891,-0.8319490666559651,1.1985092572351144,3.219405989748933,-1.071172502253344,2.7214961905308974,0.5381492496313663,-0.7714949534861185,-0.3004606092593482,0.12037579278519674,2.538082204547549,3.6235566693017978,-1.091993041677632,-0.42352383203968236,0.7460402785756147,0.22672976715491275,2.9321300763242273,2.4877048909442667,3.1247767133771087,3.2186295154729483,-0.6861462437228198,0.0005482689224323459,1.7316854878794619,1.6282107293693642,-0.8312945795438628,-0.7033926211632215,3.6106096029887165,-1.103084969439627,-1.5166557542214822,0.9590902447999223,-1.2199383677751825,2.01789671542272,-0.5490646964976412,1.8930410074014843,0.20151565808602231,-1.5630223708692186,3.3004136890414593,0.21288781362353462,-1.1746899318767194,-0.44700159744976947,3.736431283967001,-0.767343703886817,1.263887746109391,-0.2849077432550722,0.23911550904760104,0.8515814041142812,-0.09751871653421333,2.376561089130887,2.5122131374732755,-1.3308595655210504,2.5327870229731264,-0.3455454381414746,1.941556131412077,-0.9335773595232504,2.500852493890156,1.6575428364507674,2.7435991854470716,-0.43981613224371024,0.8426187909143161,-0.9004326483858192,0.27497348633014196,3.3820497880312796,0.04547776228777914,-0.8245783680824488,2.0377874350840326,0.6813588377643272,1.4325994253421606,3.1989818784876842,3.3778305406923765,1.2181915444096727,1.6674764892151845,-0.3466107543559079,-0.4449137858271619
1986-01-01,1.0085718449888061,3.1288600122984156,3.256667631655573,3.076705882815205,-1.3489743607222389,3.227196721672261,0.6303289691279027,-0.7315819871676877,-0.2232059451373475,0.9613159151023091,1.4371447857821265,-1.268225310773022,-1.5448273934609464,0.30463489505433744,3.275733188696498,-0.8578984212479847,-0.8915901609035564,1.2141543925511962,-1.0024581953533118,0.9376739714341604,-0.5090807884657916,0.6506372966792562,1.0723450005910171,0.22939538767607623,3.5907972667379564,0.7614050036585727,0.9699855942943054,-0.22040726905961164,0.5490015727518553,1.0102766153931748,3.231922665094149,3.2197431590145675,2.0074419075601666,-0.8379094114078689,1.1043387331109153,3.241564027568794,-1.0505211056044175,2.723351847987876,0.5159914260951066,-0.8018698051955508,-0.3007062427311488,0.09759412350344718,2.6304899016389247,3.677048719680504,-1.067103479877617,-0.3857786776484152,0.6104759406946315,0.24900793296554852,2.927383189640015,2.519035253062015,3.1529206016090554,3.2404539400622645,-0.6534005111405037,-0.012636727937858794,1.8372056951228781,1.666101940020166,-0.7961080184487856,-0.7246009832133875,3.701287017946836,-1.111667219366232,-1.5728379186782226,0.9419458705694427,-1.1536426052736202,2.0393039361807443,-0.5207892278106897,1.835055934334128,0.2715069606799168,-1.5409932583883243,3.3223525769756073,0.17995166900558668,-1.1410482778325945,-0.5646892002211944,3.772446863054864,-0.7471440940914408,1.2769166645609502,-0.26421288979030555,0.2589496347744663,0.9189710559837624,-0.09092002128196063,2.416226690348369,2.551193982879801,-1.3244725146693073,2.535021753153173,-0.3454979223925525,1.9327343124865248,-0.9499201006802674,2.5149922200334327,1.632071462428668,2.772578837538765,-0.4150127504176566,0.9002540562153066,-0.8757416369885686,0.3499714861475826,3.406281539572061,0.08084361792896502,-0.8422548478268459,1.9933045322561218,0.6352925256609968,1.4800641681815792,3.227781360806684,3.4030163308841477,1.29628983992516,1.7037482896990037,-0.36856650704058036,-0.46109565709522293
1987-01-01,0.972806111446635,3.1391720850780187,3.269515199189295,3.088448767069758,-1.3390787560131556,3.249148782425698,0.7092702621551003,-0.7760900453228414,-0.22232602556683367,1.0417971343250385,1.4529612935131098,-1.2966509492406997,-1.5253292980702429,0.2525584535916373,3.3022426511852054,-0.9293784989082335,-0.9466331538968706,1.2611599160486198,-0.9088933594425063,0.9692367453664824,-0.5104392479900618,0.624882949409716,1.1120382897906496,0.19002715672347106,3.59242579660664,0.8365036143781086,0.9426602833950246,-0.2191424176672472,0.5611558275677332,0.9375302570001255,3.2640586371032527,3.2394749153797933,1.7920321996467015,-0.8614658116834405,1.1088219132318866,3.253951975508105,-1.0320027253388526,2.6971605966890535,0.5276368546115685,-0.7954356269537161,-0.2831885791213447,0.1264966633553247,2.744370349813222,3.7480957337895884,-1.0497450417409613,-0.35365155436726226,0.5579038537088951,0.3156088485339232,2.9728558630095154,2.572294738601079,3.1842393134871965,3.2757888212887973,-0.6316571050795278,-0.07288544212804716,1.9430553088409148,1.679000993191948,-0.8127707566145919,-0.7298239819951396,3.733555422289249,-1.128680548835094,-1.617705102387993,0.9651662889254919,-1.1719553608411264,2.0727006289289727,-0.5289655982541548,1.8336313961779585,0.23744571536138212,-1.546601810988218,3.3351356738721094,0.1513817126788541,-1.1685457799814183,-0.7047361447625302,3.785409789127136,-0.7175355784510304,1.2369039401711437,-0.26146517303576833,0.30392110685425555,0.9894694597237033,-0.07553912301727404,2.478356650260623,2.597853626927102,-1.375668520793374,2.4514695791938297,-0.3172425324242816,1.968859579671902,-0.9101386217053133,2.6021271562722386,1.6279030155413223,2.8240986917055895,-0.4130425900556327,0.9380641223090507,-0.7690911050157679,0.4428610223446258,3.435933034143927,0.1532685904200015,-0.8690910875765696,1.9371853036858298,0.6748386406841714,1.5513211589495808,3.2796334370505646,3.4291239330885332,1.3669600901285475,1.7121707619147732,-0.37060257659684437,-0.4852649928155849
1988-01-01,0.9351059383697383,3.1791587114012505,3.300526798547774,3.094223041277439,-1.3440682177090042,3.292120097446696,0.7712558550306893,-0.7727728561621942,-0.21709966134788947,1.1884107337143897,1.433171741165329,-1.266529217905254,-1.509772784056721,0.1408352699698777,3.3356205020651095,-0.9320988098549934,-0.8345745591805825,1.3146622192100619,-0.8181094633750948,0.9886268741571693,-0.5348758497439805,0.6151235839086722,1.123115838000353,0.16647244202414505,3.5905122030266736,0.8368911950016753,0.9753633913024417,-0.19061140116327105,0.5669789181682734,0.9455012077442578,3.311938570482605,3.2801578584516426,1.8854318467896063,-0.8649429106698956,1.1529878797280215,3.2864468876560267,-1.0044809212771102,2.7355134068600298,0.5428890206447116,-0.7724920763926546,-0.3130479329147887,0.14228986208433883,2.8194421068121387,3.731535894920496,-0.9790409405033685,-0.3109374588723798,0.45704254511186865,0.2929137716035441,3.0279913592502914,2.5757634408106314,3.2248440884289575,3.3405511146261593,-0.6067278537735065,0.06641717499131397,2.0435554249632992,1.7185394111967016,-0.746549718111674,-0.7386473550405259,3.8075407974593696,-1.124528978098804,-1.6465622336246102,1.0305009269657794,-1.1701817454073997,2.14527949113276,-0.5388376396182479,1.8260104911302146,0.3319148341227697,-1.495046406845494,3.362508043878897,-0.0025830008513047344,-1.1305892472789818,-0.6583705765663073,3.7782997192260446,-0.6761652352577835,1.0717615810347294,-0.2570336472942625,0.3338398909512993,0.8684247252857149,-0.036666530620430654,2.5516155066050343,2.645800707581647,-1.3759025583795879,2.491397664053832,-0.3542438271326087,2.0141907913933093,-1.0114640101990708,2.6821534064509334,1.645179904437421,2.8715881308563933,-0.40232523866264036,1.0683888815849987,-0.7980320655030819,0.4632237330801936,3.4566054845860834,0.2603417624540501,-0.8351701555122664,1.8891757232290634,0.6533143122707766,1.5557268112089346,3.335059506090184,3.4611779107445217,1.3754099359812484,1.7422939760092162,-0.3372675429923928,-0.4461946286576268
1989-01-01,0.951553549971922,3.2004531978408326,3.3341559630738433,3.1421987861314653,-1.3438587428094095,3.322591095153492,0.8696425268596187,-0.833421296831993,-0.20341056069995547,1.2807370966340774,1.4474241015352551,-1.2716515197354226,-1.5277784750174206,0.0924508852050974,3.341261707630507,-0.932505539810048,-0.8190262502894334,1.397651707230119,-0.793612911671388,1.0021798661841315,-0.5792052148414466,0.6138396768340826,1.1465919363635735,0.16123662037437006,3.595624982075059,0.8593056086255302,0.9612155151891206,-0.16398699887839607,0.5632267147645502,1.0149731298460978,3.357953451701721,3.3174241084322023,1.9400475313534487,-0.8518434458110861,1.0756893927441977,3.3169390409421293,-0.9819227302594943,2.7675906820057117,0.558663902594926,-0.7354364582229656,-0.35735844739772976,0.1558268647001819,2.8315970409091364,3.7217329989968375,-0.9420874987399014,-0.2423628548471161,0.48578478163383176,0.23748931714447347,3.0884657567369627,2.5674525765531118,3.257416422973812,3.3887663951053044,-0.5954442578396641,-0.048724107946487405,2.0990032813242285,1.7687542506858138,-0.7095132515020954,-1.0333146016754775,3.891287203508166,-1.1142389188396087,-1.683917209277594,1.0882788630421496,-1.073543679726131,2.2141645875888334,-0.5192850445647912,1.846872230513745,0.34007501265291096,-1.4758891556716347,3.3997611437448607,-0.041188328387723794,-1.1509073431933217,-0.6218657382557343,3.7840981370734186,-0.6586569707161195,1.065994434728248,-0.29556674258482685,0.37393806551481396,0.7157131510463107,-0.0023399509990417546,2.61549197366013,2.6791382962680466,-1.401219255591989,2.455797907797946,-0.34630661711140703,2.112527652995952,-1.0255893214133267,2.7497675535474952,1.6465040061677654,2.916778202867053,-0.39311605760226725,1.0878823909122293,-0.7387198391182037,0.5449742010980229,3.476135439927862,0.359545404196037,-0.824276071353257,1.8736570565754156,0.657849227868457,1.5407485094264466,3.357323945574961,3.48788427688678,1.3799357909823515,1.6269205454680273,-0.3741159049979264,-0.42680206185201175
1990-01-01,0.933925604377837,3.220336243995653,3.3690746262623734,3.1084959252673916,-1.3107154264656127,3.350500655692868,0.9480896873274723,-0.7810170961959368,-0.18168391948102913,1.3165895464638182,1.38615160454026,-1.3042902232389695,-1.5216992480377534,-0.00026372701701588583,3.3276147086194,-0.9754573529565245,-0.8936236399281768,1.4161779375660395,-0.7706142672880149,1.0411476406186975,-0.6816095411657942,0.5970886024562742,1.1594498235852866,0.11624540670571677,3.609947029488056,0.782844980572682,0.9736923021376052,-0.12878600821310518,0.5963070017343415,1.065868471805845,3.360254734621803,3.341074352994882,1.9634823426775296,-0.8565513092225228,0.9159295085996988,3.359535195619115,-0.9765978467140989,2.7609322885110594,0.5662242991031311,-0.6986576921007196,-0.38361568743429675,0.12851539651773972,2.8659747928195456,3.725582237465651,-0.9085946817970858,-0.17409088916583218,0.5884876375795619,0.6680864876345867,3.168893067546938,2.6026263461795396,3.2762424931458223,3.439579460517861,-0.5881994625584458,-0.049675976543731966,2.1780537624499865,1.687413350974855,-0.6720330687336882,-1.7311895537446957,3.9306022556309532,-1.1133296538201338,-1.6653948264957967,1.1464776031917379,-1.1096853377049467,2.265395556289321,-0.564637514641344,1.8757715901043381,0.34850151319785105,-1.4547036095098955,3.4338560264912443,-0.06464519946943276,-1.194512403446431,-0.5275447259282869,3.799741510866711,-0.6445008769579369,1.1228165352326314,-0.35060338717485906,0.3880073463682604,0.643889482641932,0.0024331580111547316,2.65641632162822,2.6945941486676777,-1.4242438883255208,2.5018441070608954,-0.38402307062649305,2.1713633578294815,-1.0049987493613406,2.8065987905372722,1.6229603759813565,2.9523758985650734,-0.3423100991048914,1.1331179197247445,-0.8226231439339875,0.7016218240689361,3.4759278264684323,0.45207731693551423,-0.8542373420542423,1.8818262060810031,0.7100527839761861,1.612013479725192,3.3596910665568624,3.495466030950836,1.376142046990082,1.6647332390944656,-0.40445114851990416,-0.3877934717866666
1991-01-01,0.8972361702477626,3.2033218379898254,3.3929277262769246,3.0473642962140937,-1.3013244834822602,3.364949484238677,1.0277661455163645,-0.7752278974324625,-0.15402242434747415,1.35961030020204,1.3845571135699477,-1.2442406899739096,-1.4982849648097234,-0.06848134993533045,3.2925792107628413,-1.0036589159692526,-0.8433054058992577,1.4746721536638767,-0.6964406360029866,1.0443269098060355,-0.8073108776235,0.5943678795770276,1.1600041311560665,0.0830334618782362,3.6202722881321243,0.7721202256705979,0.9925660625607561,-0.1365388069040271,0.6163912621231695,1.0291090488954433,3.293827559035314,3.348883367899637,1.9958872860736783,-0.8609658994785067,0.6719057868054901,3.4020698351706242,-0.9530586341750326,2.781723596968001,0.5789956040573413,-0.6715898888422908,-0.32302840310678965,0.13274754595965274,2.913134756453537,3.711752986129119,-0.91797493445093,-0.10607305425437107,0.6875989099554609,-0.3825922270689041,3.182256370021927,2.6166298907680043,3.2908175156012507,3.4691786953357124,-0.6070825287264227,-0.11198803294102337,2.2608525670973596,1.557524263671107,-0.6525587388329566,-1.8669716245289227,4.000113472236952,-1.208575994000828,-1.6037215640865778,1.2106220554479639,-1.1143333299939522,2.3160881579635637,-0.5747894787989638,1.896282238057756,0.40294897541286573,-1.4179545582857291,3.450074342804386,-0.09028461630396105,-1.2015306018467764,-0.5592263613174367,3.825558556602907,-0.6229826401976841,1.19199261101123,-0.2841008660699367,0.3966527077155422,0.645771885390683,-0.02772950254321577,2.701476046208648,2.696020963100195,-1.4157299020683005,2.556565083130507,-0.3896453849528332,2.187865525934396,-0.9843648789477042,2.842857880042697,1.5921120772690147,2.975238892777856,-0.3120385909395809,1.1364524878337003,-0.7794959716910882,0.6910473605658899,3.457585477740147,0.5236180631914096,-0.8873503671072325,1.9017636574621968,0.7284670172277731,1.602356652195236,3.3441583396181422,3.481481087714871,1.4038707759855509,1.7336581781107587,-0.4292075149291255,-0.3595502706182578
1992-01-01,0.8915033871315122,3.195220336681001,3.402641319718391,2.989407731423603,-1.2746155553831244,3.3760829337535148,1.123156496866821,-0.7831459447980956,-0.16135136238103576,1.3602892486700024,1.3639390633819473,-1.2688458279952664,-1.5110873658517254,-0.12902943443177722,3.2888125056223507,-1.0936713800490327,-0.7978003482675604,1.5720706872282522,-0.5755585022408527,1.0744418702585963,-0.9582022757228279,0.5940158381268719,1.2232880770837797,0.047544235160544304,3.6365275891849147,0.8522577889394222,0.9908206450436127,-0.11015908511887613,0.6734157536702502,1.0759778080320501,3.2543969457180912,3.359776905694236,1.9378309016308368,-0.8590355318769343,0.06814020813616853,3.4135026305140737,-0.943093959481977,2.777686481089645,0.6029647891332964,-0.6834246666189586,-0.2472821594304022,0.16024947289011474,2.9652199327404176,3.6648654310523354,-0.8840429611941282,-0.053430036458900744,0.7148038338780407,-0.12987499780477363,3.2083198228527974,2.636826583543891,3.298446417531366,3.4748532646393,-0.6475792717787634,-0.09562260197239612,2.306512663246422,1.1838845282372281,-0.6022594557901856,-2.2808115607054704,4.004862945946785,-1.2270514144005902,-1.6903768194461757,1.2696248824634364,-1.0576640844679963,2.3521027178152707,-0.5844434639545176,1.9108968502112134,0.35589654831452905,-1.40330698191807,3.4594305862354715,-0.11095407505493216,-1.3016310785200325,-0.5801353714233539,3.8544118952622677,-0.575202729989403,1.2501698430061539,-0.17926045781904978,0.38843153010230624,0.6209032768993452,-0.04802373301266657,2.7130893828642133,2.729357540983402,-1.2952383306812616,2.5710051753946668,-0.4079653880057962,2.244364422571995,-1.1899201099307135,2.8812971334684434,1.5496447254688541,2.9811885275649446,-0.2781452798579395,1.2072315913695517,-0.7462762992927389,0.6997384730151219,3.440066611268213,0.5930497181930736,-0.9527780147869659,1.8790101446172895,0.7831962949705296,1.6351582892843528,3.345913603642619,3.5025443817440305,1.472969745652091,1.769381131423908,-0.4701814643258961,-0.476895303024851
1993-01-01,0.8479272697847435,3.2248077803918953,3.3996493068833384,2.973835777500184,-1.2515885805924232,3.3625112588658923,1.1661009417277035,-0.7636875726890008,-0.14305437715496325,1.3521792417735863,1.3940464946521807,-1.261913392618993,-1.5958835677049754,-0.2403596856405221,3.3036087698338714,-1.1144056420965471,-1.0003017262305938,1.6213903426672946,-0.45633951209254464,1.0791505978569622,-1.1425250080884952,0.5579995336525264,1.2707466906236131,0.013375715813952508,3.632299473166565,0.9025866999464298,0.9881377250452488,-0.09749014677261854,0.7290048081041894,1.0829366008854484,3.242186364911885,3.349293218546844,1.950122065552819,-0.8581110524101074,-0.2862700102524386,3.3973306409495794,-0.9234970803676198,2.7523743913632033,0.6181744910431852,-0.6854331261995041,-0.16973353656109694,0.1942184255051064,3.0082075777676494,3.6677462968532497,-0.8566535948040244,-3.7912540307312596e-05,0.6874108500810182,0.1040855083683043,3.229891380653084,2.664325359967127,3.289270429553151,3.4740942362535225,-0.6755912347684784,-0.07445645174180597,2.3577260312981214,1.1524896983050044,-0.5892348560966469,-2.669857164361323,4.032587240854653,-1.2368147021704783,-1.602084795678742,1.3384658640270615,-1.1045133575506032,2.3864472000206987,-0.5559190770550451,1.9298055270712893,0.3289795993512157,-1.3914698293581491,3.464957779936482,-0.13945205574133585,-1.3208363604226445,-0.5845052739525384,3.875944290411231,-0.5834108207989757,1.282746356784142,-0.03715642064168712,0.41221029952021243,0.6531116449715253,-0.05020679083165745,2.691221809803696,2.758731702492637,-1.303828982285335,2.543025270123601,-0.42507264407875117,2.2898849717694563,-1.1662232291784649,2.965180595002094,1.540787853918377,2.967710930857538,-0.2239674328058518,1.2079165031279628,-0.7325559383124135,0.7103968739580038,3.4133857365955733,0.6652710468140969,-1.1404867515003414,1.8588348245067954,0.7952110722369019,1.692926117141931,3.3696282112532843,3.516408859321307,1.4918677701814644,1.7497360406386169,-0.42766936516884413,-0.48712256847317237
1994-01-01,0.8179690595593078,3.2538733907772563,3.4195378290467184,2.9875970445272384,-1.2328399510242443,3.3911892726840263,1.1480760828664724,-0.7796410118220704,-0.12061916932778818,1.3618734872000302,1.430709479620609,-1.276122361740785,-1.6528871940870236,-0.24821260194682912,3.3385298972992676,-1.0904365619882586,-0.9358038213039259,1.6594070345988712,-0.34471074222569686,1.1174643468012473,-1.218686953195181,0.4749452846681348,1.2927192963466752,-0.009716635674022365,3.6827038664404492,0.9065251237569107,1.008011330422153,-0.0739884805401402,0.7734832427486167,1.1185510178778078,3.2765123894880936,3.368748848102871,1.9603881290113931,-0.8842873923912465,-0.3859544537681725,3.4181146851073385,-0.917825873486456,2.7638503302636703,0.6345085720361152,-0.6766394793441569,-0.09045623783089264,0.1556097791836905,3.0442959523796063,3.6945305789799368,-0.8108431712039109,0.05647801580526594,0.672424907025568,0.1106196833512589,3.281912237392044,2.7054540354331134,3.310348865014349,3.4793218062533176,-0.6799272524076808,-0.039359618341232964,2.431747237176162,1.1908907617181854,-0.5556810035452322,-2.921635346088184,4.056466155996431,-1.2683616943291858,-1.7153181699021045,1.4012706127781804,-1.1213503349424283,2.432582689727267,-0.6158483051289029,1.9556084014318864,0.4215887959872328,-1.3384563373042517,3.488109382402504,-0.13032530737958958,-1.315928316145192,-0.6004197002931854,3.919530227198488,-0.5722680944419801,1.2903122687927344,-0.004890872698757647,0.440232218638769,0.7507456901935096,-0.030061614767293087,2.698133049196969,2.788500199156182,-1.944653696315495,2.52524296703101,-0.4541138891522469,2.265307542458744,-1.1758450098273656,3.0375257400450297,1.5509166779220849,2.9885731933029733,-0.18326791182955463,1.1771277431396112,-0.7530307589444768,0.7148738900165649,3.446341367376905,0.7440982611200186,-1.0248527898310464,1.8891005542124206,0.8018995350771976,1.6293687788042692,3.406543060910616,3.5437773461077247,1.554825882730419,1.7041611781187402,-0.5416197890194855,-0.4180354305894262
1995-01-01,0.8358830501083381,3.279870942253322,3.4443369025951585,3.015233302999689,-1.2058411806965006,3.412662564579068,1.1319488984542625,-0.7547336418287486,-0.0976270387268994,1.4051449257600745,1.458631249879976,-1.2479918988033925,-1.7512206009662272,-0.23561130948348533,3.3572649855223524,-1.0440919352948361,-0.9562504494246356,1.7439717083152326,-0.2518919000507025,1.1500130168649785,-1.2431607456647369,0.48689582921921404,1.3065489247502626,0.029233955462231547,3.7076856179445645,0.9418410713695623,1.0088181950593522,-0.044038434079315264,0.823185970239164,1.1303668935131765,3.3139062091713747,3.3857691620092294,1.9829532684267095,-0.9032557570388917,-0.33368966283956164,3.4320255463185747,-0.9030032335496097,2.7769510020652683,0.6597619778153658,-0.6561354688994947,-0.04495604547956498,0.1710442896865721,3.0479540235019154,3.690271057022197,-0.7561507494269077,0.12138602171384154,0.6851997644737512,0.10010014666722715,3.3687664974233376,2.876218507142528,3.3387925052190957,3.494741117152877,-0.6657974222536804,-0.06271336714626449,2.5072262473990206,1.1956563517672862,-0.5524052956655315,-2.9948885021054354,4.056639142209954,-1.282548698064527,-1.5719722458093603,1.4696736498962966,-1.086964674774984,2.487327478780545,-0.5512790500085644,1.876701428028181,0.34060577762596184,-1.3300296179302935,3.513854839611137,-0.09509499344537135,-1.3252064105301065,-0.6284519634096236,3.955349828211195,-0.5497301423103423,1.2870893630061282,-0.06438797209824973,0.4830294888817373,0.80420780654797,-0.006940142423052993,2.73660707557776,2.8192061341563575,-1.631544962840638,2.5071031503250345,-0.429304229524853,2.2385346707628275,-1.2530200616721388,3.0750559933462602,1.5598237962331072,3.013434992782835,-0.14332826499906054,1.1871602157345316,-0.7242353931141212,0.7418668233462696,3.4805487305686396,0.8240623129785515,-0.9736579159552164,1.924146729771634,0.8057782060127191,1.6895496969105797,3.4288867208714775,3.5586725795386243,1.5330391522667455,1.7216192940753812,-0.5377729452383109,-0.4347254239016929
1996-01-01,0.8581556584279154,3.3054464649231527,3.466686729693404,3.0437294096563754,-1.1815551484528783,3.4261024577655284,1.120316645923856,-0.7437556907464873,-0.07716231748808867,1.4383783324675128,1.464569125103624,-1.1711305703058004,-1.8481270899733597,-0.2150899707566241,3.3631498896218526,-1.1074334791592535,-0.9675934170558123,1.8002154400145363,-0.16698565294349854,1.1524184586997748,-1.2795246565161678,0.5010184165034046,1.2902755681428193,0.07491666686842098,3.7306150953965256,0.9932561605984246,1.004883031306278,-0.0108507567436855,0.8299312382728199,1.165636706494196,3.3465606994252393,3.3960110560242045,1.9927784253926886,-0.9091921988402378,-0.20230912447310423,3.4369138695870873,-0.8820702228791908,2.799064218823347,0.666060360474014,-0.5687686395142411,0.027184481069336176,0.1830861694989432,3.0452707155251226,3.7316129684091264,-0.7013520221522678,0.17977172919483694,0.7378440151767066,0.17303693533042389,3.4478036099590907,2.9063658279092803,3.3512980971895483,3.5179749686257966,-0.652796596447903,-0.018072002023030047,2.567093131879599,1.2441282540419243,-0.5159457784341758,-2.9356055537360217,4.058065583937011,-1.2927598598183305,-1.5201734605589923,1.5395477077426385,-1.0809113713025353,2.5183385628716946,-0.5240239274690325,1.915003208371507,0.45180370885687815,-1.3034469032120832,3.539311731640983,-0.05422404607008012,-1.3272186297693274,-0.6046911228903501,4.0000209432208695,-0.5288404479455041,1.2941585569534166,-0.01607526990964534,0.47602243750882434,0.8141461181694356,0.027454037262891806,2.7672164977979916,2.836511291877224,-1.5574311329384518,2.525360339178407,-0.4353044518235741,2.271867111956192,-1.233748515313204,3.10702987310409,1.5796731883234891,3.0375187631308345,-0.11699990758246824,1.2008798026235925,-0.6950316712510989,0.7579254329942134,3.494021829547075,0.8716454802392595,-0.9138058404289239,1.9601776082473341,0.8601944357186266,1.7451490588116583,3.4526592453989706,3.584319699666652,1.5801485534409847,1.698822773710975,-0.5033434245227656,-0.3537482892038879
1997-01-01,0.8524727727834563,3.3329362734914127,3.487364171755461,3.0530398338571034,-1.14965528157886,3.4604321310674795,1.126795330399014,-0.7175034752313968,-0.050546664391565854,1.4934022866361214,1.4824705458449987,-1.1376787270549373,-1.8760139088400685,-0.1903567209022989,3.394233526225512,-1.077764137835628,-0.9462584572490802,1.8499512023824025,-0.08832108250498696,1.1684385902674759,-1.3592569177011262,0.46629128482285465,1.3192493094029685,0.10291310492299659,3.758548007664009,1.0534105248829726,1.0265164355805407,0.027104993841291915,0.8632042665951055,1.1326782362705838,3.404228563096286,3.415578129053246,2.02300689794577,-0.8892983728308497,-0.08381637600844499,3.4535352644490858,-0.8639543151404115,2.836458260476493,0.686029000617871,-0.5280310543324397,0.08323148003358814,0.20951496128650482,3.0866854024106045,3.7713840541966923,-0.6792862481867322,0.21083038263064743,0.7533605483591792,0.33394140321365745,3.5401342080077036,2.9193779248311422,3.368961392053079,3.531422578975331,-0.6745762029279856,0.02059706919336724,2.613781918144458,1.3336719264935797,-0.488460269536643,-2.2849855163563504,4.103212223672199,-1.2881532487900975,-1.507365700401891,1.5848599347429424,-1.041189861100608,2.5627569180290672,-0.5947924080366507,1.9642992422688137,0.4169392028575455,-1.2790783132000707,3.5736189778714977,-0.03461299410380839,-1.336234126741505,-0.6020459785392732,4.0471211994461616,-0.545400991483535,1.3361034929280786,-0.08236179615588293,0.4955095029881637,0.8596566779747988,0.05583221772040805,2.8060624064517583,2.8582856936725354,-1.5150423266801407,2.5397454472576704,-0.42926146582225067,2.373117964516528,-1.2965100455169134,3.1531173209609986,1.58245946690376,3.0711138538918568,-0.06748694450482991,1.3262385283051858,-0.6220640797151332,0.7661293071000643,3.5220413568625895,0.8470691870762276,-0.8046782095784962,1.9850273878961133,0.8994514260691913,1.8026691422801606,3.475289727415932,3.6160798956381615,1.65512170305517,1.7402517882228339,-0.49274763205162536,-0.34401291957960906
1998-01-01,0.8866840708914466,3.3658690056372644,3.521247550117802,3.0884423786681237,-1.1187722459054983,3.4781586579467314,1.1337656824511924,-0.7073542858735965,-0.02276809996833906,1.4798168893225483,1.4676831833761492,-1.095149647004031,-1.8417942370798122,-0.16929349834248764,3.426125941680434,-1.0530431507767162,-0.9134217374265066,1.86839422917489,-0.02249982146971192,1.1566828333669563,-1.3954561342950824,0.4745489753407387,1.3748975479661845,0.12346640994425574,3.7768553474262845,1.1048259959850701,1.038260595406716,0.051100465083533865,0.8932329700488786,1.1361598485768014,3.4544367649539884,3.446836591798467,2.0319203958252627,-0.8831415071491658,-0.043415718775943475,3.4728717449649045,-0.84055493517785,2.870826976547122,0.7119139836646137,-0.8800533239867065,0.06128622954288813,0.21657817912299188,3.0177094577535035,3.823070072430038,-0.6365814503554327,0.055518952393728664,0.7618495506500317,0.6015155993952317,3.611733194752603,2.9389063499174575,3.384715870047636,3.508470454286284,-0.6680756869750268,0.10849941178510052,2.5477268828782527,1.3892475733540552,-0.48217187407777473,-2.103289942374519,4.153666662665905,-1.2812490652783,-1.4971979937303452,1.4835421082873026,-1.008697587835721,2.606684797367534,-0.5970732275060316,1.9931120581022865,0.4798175036335928,-1.2734644004137903,3.610403140461927,-0.01616250792414485,-1.2735956973842482,-0.6002730388752201,4.067640985893822,-0.5463840444522905,1.386345798635019,-0.14732182711176098,0.47462612689630906,0.8390519067009097,0.028138416656946743,2.847813580830127,2.917816820434049,-1.5327468694979791,2.5561112246975353,-0.39606987694361023,2.434250355108708,-1.287323157674542,3.096634882890042,1.563935844410966,3.1097743725751217,-0.03313909627645013,1.3774183439358423,-0.6069359755236253,0.7702836431470395,3.562885263886028,0.7245307535302331,-0.853463447988887,2.0583689481297123,0.9334131526336049,1.8101075083114553,3.50688111247342,3.647971225543984,1.692880037935899,1.7232954413433252,-0.5238551980882931,-0.33070312131446755
1999-01-01,0.9035002344517461,3.4032746526594546,3.554572435755645,3.1453928427083326,-1.0905595835241644,3.5123545994328054,1.188261856019151,-0.6845207834274218,-0.039415783498879454,1.5529131364092112,1.4553941979366363,-1.0519571461866064,-1.8669695624339813,-0.15597622283215606,3.4666162803123473,-1.0378765533556311,-0.9557042363647351,1.848024703696271,0.04227645600281697,1.0966111388528914,-1.4595295434712978,0.42071706059502184,1.429901889935439,0.11578704335290749,3.802600462613952,1.1538224453677821,0.9696037062424856,0.09467502250017834,0.9214267109874777,1.212735963110925,3.4955977444319557,3.4751976458995353,1.9134641675367252,-0.8499057651862347,-0.00734162919917271,3.4919041341497192,-0.8203540339327938,2.896709886201779,0.7264730987181917,-0.89192532829243,0.0857912115191685,0.1764493230976236,3.032915692926087,3.851762289816543,-0.5688101020778223,0.0489423458045052,0.7631861299270477,0.732511466903978,3.697599826895708,2.9494356045983836,3.4000380720359074,3.504649227943012,-0.6710855606761662,0.09315297845220014,2.6425488820922305,1.4433074080350052,-0.4879935768987727,-1.966428384052856,4.221006163936621,-1.267162466867903,-1.4960180329148398,1.519196621101602,-0.9704338970028158,2.647931801194831,-0.5624100197832059,2.0032949613033857,0.4720115389059534,-1.2532307824535054,3.6480672232572795,0.0350100797898856,-1.3158643077904026,-0.6205919893718608,4.080848808157338,-0.5352190653316927,1.4043249167863134,-0.15531176649504633,0.43973507734256434,0.8379636157371374,0.03688590230965873,2.880302539637983,2.933262716524176,-1.550711686438022,2.5312353051329555,-0.35869779073250585,2.4331553797472307,-1.3244749276170549,3.147812558731991,1.5635115202522523,3.1484946341139377,-0.005408999013927565,1.4209332372125312,-0.6035147594803619,0.7806277656019717,3.60641137927308,0.7562920313459104,-0.8546431130335684,2.0995488935235684,0.9791471125373565,1.7607298304727952,3.5345725906957575,3.6832426118616426,1.6680836113883724,1.6422386258010568,-0.5053595716543194,-0.351527909422509
2000-01-01,0.9111921696156747,3.4293412604229307,3.5852969204727247,3.171443158950463,-1.051236361585368,3.5448175177149004,1.282226413066248,-0.667566601090566,-0.03520498874784069,1.5550956097861088,1.4831291152786894,-1.0624047049625942,-1.8950942474219066,-0.14142792570237028,3.507748366129271,-1.0821751269029962,-1.0011302958216244,1.8797051866192949,0.11534330773113412,1.1230829664367605,-1.5539824110755411,0.46724306794411385,1.4251391496189318,0.057471791219277986,3.8360421281870862,1.1930777522406508,0.9606318293239002,0.13113213007869867,0.9376800506662832,1.189670748436126,3.548339805352647,3.50637104314751,1.8699989400665396,-0.8258633464190143,0.018585585854990632,3.519962070850984,-0.8077125350735642,2.932414303532032,0.738239297986691,-0.8611371015648885,0.06731709113931908,0.2115695869187432,3.0979391568701087,3.884381988520392,-0.5478056445109933,0.08254806609443611,0.7972445721542166,0.7162046735510198,3.7752151566109275,3.008485243883433,3.4360151075241294,3.5253003820989073,-0.6912221650033252,0.1667766150980573,2.7188156640684555,1.519800519589852,-0.44685845758039255,-1.7910394766467188,4.288609254317262,-1.2517512533949793,-1.5080335974175556,1.581420585310012,-0.9669309914633678,2.7081743634733972,-0.5741974903715849,2.039803560994213,0.47560633924251355,-1.2146156176877771,3.683761631345359,0.05943107977902568,-1.3665276953979089,-0.5938687500824749,4.106376101983057,-0.5163671241193692,1.4109035482377321,-0.2066201058266765,0.39556055590952766,0.8494913031250327,0.0587876703554371,2.910449241820746,2.94550841936949,-1.5376115041898775,2.5523841141454753,-0.35229005503252486,2.4392586748051,-1.2868278860828857,3.215720393672855,1.5798829417082056,3.191630555351484,0.05044888011045329,1.4124357352483097,-0.5695621670612845,0.7833365497330494,3.6510715304242947,0.7910790985667068,-0.8882821060822024,2.1565546853800788,1.0150061995504025,1.8114364847956292,3.5679954206184306,3.7121881624102206,1.6449885504539703,1.6593116308325464,-0.49338690150190184,-0.39215424721468495
2001-01-01,0.9427966745111422,3.4349607321006186,3.5948837402478153,3.1798957789731483,-1.017407787092652,3.550578264568772,1.3038295262155088,-0.6388968639360338,-0.03875858736288336,1.5417876663829098,1.4821751056464911,-1.0270791874781224,-1.8991789083813368,-0.12346874446535634,3.5143959452159077,-1.0563998350047636,-0.9286559272939376,1.9007462884507884,0.18781740197136246,1.123299508353286,-1.60081578512885,0.4794728972126526,1.4147194908289622,0.03951229183688306,3.840656837680717,1.1954460628088985,0.9804254824526154,0.14986041062931885,0.9501868496594371,1.2057189336874614,3.5715434488642606,3.518453230790888,1.8670888790413491,-0.7998016475317684,0.07276735621090849,3.5350905812880997,-0.7930668959916252,2.9659670604774404,0.7370661659560804,-0.8615707563451458,0.08529727558966324,0.217885362219863,3.0961626125948287,3.908027931590958,-0.5170982168097421,0.10392907470737468,0.8190247917912575,0.7093699745735248,3.810683005700525,2.986021008501281,3.453026321721624,3.5264391706520044,-0.6806562271790588,0.1561485997806123,2.7556726852572933,1.6100791153788097,-0.41363168403529965,-1.6276682102268376,4.296508238579325,-1.224020002039432,-1.5853603440941075,1.5652514589627642,-0.8817361365377152,2.6624249355456815,-0.5759832345672397,2.019713028038309,0.5370409966920072,-1.1878438162345066,3.692322982531776,0.07386567542851877,-1.3342259408225523,-0.5758431696859921,4.121021209253729,-0.5175500633326309,1.3966665257250634,-0.233480661761251,0.3667663295343601,0.8414338052612695,0.06634226048635292,2.9226435774438206,3.0373075843593553,-1.4969667746340565,2.5214321631192433,-0.33326921726268494,2.415410416651667,-1.397878282245839,3.1791844292681906,1.5860598533802635,3.218696888681316,0.05097025691731288,1.428531633980277,-0.5345885192080688,0.7845179935188484,3.6638999743718994,0.8009472291608752,-0.9305497052167521,2.193246918128397,1.045979257689996,1.7382257210662282,3.590442204483642,3.712013177310579,1.6040074910686268,1.6739033054401042,-0.4671094300680943,-0.38448568167778935
2002-01-01,0.9842204508484436,3.460658551617059,3.6063868375808075,3.1868646114200643,-0.9909583643180951,3.5615704267033643,1.3273141525674061,-0.6285152432546639,-0.03411151294938557,1.5864444289674215,1.4947751344517293,-1.013373213725933,-1.884262679156702,-0.110215765066863,3.5330579711306256,-1.0377928487779953,-0.8857317086703022,1.9107254642860967,0.2680477366637795,1.1319460731623276,-1.5994044092926303,0.5002068105372528,1.4235054663311324,0.009701690437186694,3.8421141108958103,1.2363815143762549,1.0012682135053683,0.15707185484625913,0.969488424234448,1.2353327998221468,3.5857832764919455,3.5223085864660932,1.8407813942207996,-0.863913136616103,0.1327852101194812,3.533516841469377,-0.7742774923899418,2.994189534989244,0.7503298693861117,-0.8935804892119708,0.09178523203988297,0.23440569338247055,3.1081659026741875,3.9036262386106215,-0.4958723211908214,0.13357136335657985,0.8785669210364985,0.6088709725531918,3.8505740059318514,2.9652696868807586,3.454041894468046,3.5270051994487996,-0.7020493736777117,0.14381984450862864,2.82178831462303,1.6844142575015286,-0.4157679385892425,-1.3745451850142343,4.318265707618786,-1.3898866924288205,-1.5942891756339064,1.5975650146230607,-0.8708778038827941,2.6826977543622927,-0.5954265981167923,2.0079804904876015,0.5589874246492027,-1.2053929188007728,3.685603985738074,0.06758468346542434,-1.3409394687182399,-0.563926061687297,4.130537019700588,-0.5049459234814495,1.3989983521998646,-0.26035056352379177,0.34647364274517267,0.881069516348154,0.08148537572618998,2.924825446945742,3.0535954979131046,-1.3958823883710092,2.478992691483649,-0.3531646371120609,2.3971666832510192,-1.2095615199868799,3.2112972500634185,1.6083196672679594,3.230648240664697,0.08327593721092112,1.4883405763521058,-0.5005699080131586,0.7952519779656901,3.681169306183028,0.8412684660073882,-0.9658040544079459,2.266117628081658,1.05286957321057,1.7837578021514542,3.610435794773987,3.7204485693120186,1.5233127999458258,1.5627252055364247,-0.44812602824840564,-0.48192608382634894
2003-01-01,1.0406176726823,3.4786464981842293,3.60904863525913,3.1530523561863015,-0.955517437315023,3.5662436652488947,1.390708201745854,-0.6237077995704435,-0.026781469090524056,1.6186894482837337,1.49311222994642,-0.9673118708952372,-1.9282676484070407,-0.09664936122776861,3.542165821107321,-1.1097038048759997,-0.7868484058088687,1.9384576475056876,0.35735999686100484,1.1545959727415682,-1.5740938240431437,0.4843254622993936,1.4668760773675038,-0.019957765660748927,3.843287331037532,1.2187325027163094,1.0091458807332654,0.17210480083874138,0.9887295991798117,1.2440746433389838,3.6031423502281283,3.523388487721611,1.841778063155218,-0.8290190197455789,0.24413880997371915,3.525732048218946,-0.7492981822111313,3.0553117680733557,0.7503858051711724,-0.9099900469218597,0.07771568645939098,0.25869967170390606,3.1402452338840785,3.923454561632334,-0.43594452646783616,0.16592088852287512,0.9353219666713737,0.17870977614463687,3.863427927807609,2.9579270359101946,3.4511216863162693,3.5415761022279058,-0.7001857440856933,0.16517519522010304,2.8457313431758813,1.7635664480747808,-0.37693681371210974,-1.7898086238249389,4.317944967285429,-1.3265083254810315,-1.5665685334141974,1.6344925894455973,-0.8296060326913066,2.677440434143395,-0.571197504757397,2.0096973405935628,0.6101030214157801,-1.1840847332158595,3.6835405799690126,0.0793621887907395,-1.3255876084971994,-0.49080993608318274,4.134432693051285,-0.47566903974033364,1.4207675053891777,-0.26389638234946616,0.3690500276639484,0.9091079436009071,0.10980369362867941,2.9116853647595518,3.06482816252004,-1.3967818448030034,2.50680490051887,-0.31538956001686397,2.3473022418103224,-1.1676251133667832,3.2694586948011595,1.6247151793863963,3.2439418072090698,0.12775056424971365,1.56054991789542,-0.4545449538800648,0.8121101105246558,3.7010256381529696,0.8994693885486708,-0.9435090607296824,2.3961438735649603,1.0959875215541615,1.8210824797119207,3.647884780366721,3.7395473071158722,1.531961383856391,1.4638655985763742,-0.4059920678677945,-0.6707388652226232
2004-01-01,1.0689398157572967,3.507778181568166,3.629542380648978,3.1406010732488867,-0.909314215599155,3.595684015767043,1.4105602346981132,-0.6259768327039608,-0.004663614274118954,1.633380893354082,1.5363353034149438,-0.9527068976654244,-1.9144236294748291,-0.08618671895353079,3.563050830944194,-1.0680452816393402,-0.5342404733511551,1.9863825157084225,0.4475036398320119,1.1910175026532381,-1.5381715762080859,0.49341273966198074,1.4907225070390273,-0.015952031711783103,3.8667503227923423,1.2168780224894078,1.0694611924950947,0.195658415193998,1.0036003168992909,1.293553138197698,3.638748318174313,3.5435139384785006,1.8316357895236879,-0.7925588802359411,0.3035125278382696,3.537686749437858,-0.7207649948338322,3.1002615849552226,0.7564524609046367,-0.9047274227375333,0.1057190413044191,0.29910491673304596,3.215868745544587,3.993750863755282,-0.3749754383748497,0.20067663789067683,0.9733234812581357,0.5843830911963405,3.889911613608683,2.9895465061035473,3.460359000786869,3.5645724377238093,-0.6774512391290145,0.17865399030326426,2.8898111234533235,1.85769690912376,-0.3612395616180055,-1.8614131908298923,4.351819413361754,-1.3048736085785244,-1.5458267989476895,1.6812438524448083,-0.8389810407734458,2.6656791997556226,-0.5505245187049593,2.039567695222694,0.6472044972143972,-1.1543548159975026,3.6984687715855826,0.1183368392105539,-1.3610347289915947,-0.22580243368752162,4.1673693199671344,-0.42233339620343097,1.4741827356290813,-0.2617537503271474,0.38948031964375557,0.9453666054826033,0.15513193330512062,2.92724777488067,3.0820794634934363,-1.3435754095372188,2.553032304584223,-0.2855157667070232,2.3220133279953425,-1.1501192942714458,3.3481279230341845,1.656316158656689,3.2578636302103288,0.16719792440321626,1.599345213927769,-0.44502334588135195,0.8345050799637754,3.739390639126403,0.9517324353986184,-0.9486081905573271,2.4671199825614925,1.1412569195094762,1.8969160780005503,3.6664380205548217,3.767468115806568,1.5812691195603534,1.613975295133785,-0.3634187083530246,-0.732141386928917
2005-01-01,1.1114458232564026,3.526238507553862,3.6439106276515476,3.1534581412882456,-0.864829587062747,3.608945816465066,1.4103864554592456,-0.6299639557126036,0.020577136381814427,1.6666457812543858,1.5558905926384392,-0.8989449500938824,-1.9394463780383842,-0.08932356720528803,3.5843331254210082,-1.0761430231107212,-0.4099103466644711,2.0300572211437067,0.5487716216874148,1.2216922083435868,-1.5075598533383012,0.5412195037104548,1.5306899271667316,-0.017928329818775696,3.8880735830468023,1.2908035383618852,1.1028540919381777,0.22273807731809042,1.034939185069844,1.2962777008849822,3.6627459903445927,3.5519301068756737,1.8376811873934111,-0.8335698199010774,0.3852451385766742,3.5452953113566488,-0.6894255251006671,3.105773704803311,0.7636895578683047,-0.8848083497425258,0.08082338835727518,0.3378846438990587,3.28277979978791,4.036209207691897,-0.3009506985016808,0.24174164813501736,1.006903392897862,0.6014155167295063,3.923315253327772,3.014392078304849,3.4648958909692906,3.57742167299757,-0.6470007848514006,0.15983235114750016,2.9262461268631705,1.9692607742813346,-0.34175680487406485,-1.7972138168850655,4.376933114501973,-1.2891102200560596,-1.5457278224561226,1.7145082307637147,-0.8112898327594338,2.6953050051804612,-0.526771755512215,2.0571736290427327,0.6669068946016312,-1.1348976559863888,3.7184067230237714,0.1475549827427032,-1.3537041956545113,-0.21796651696302827,4.186118490908723,-0.36647034885301266,1.5248560050464341,-0.224730890268366,0.39163915413666,0.9947330064386124,0.18310306665721207,2.933031065212292,3.0891917740707844,-1.2954811840163145,2.5880128567841774,-0.2580885873633879,2.4034071088916296,-1.1458719092745957,3.396842337662176,1.6945324716284595,3.2775242112141507,0.21704849386263164,1.622199757689124,-0.40137844257162697,0.8498518992217782,3.7631846663085575,0.9895237761745261,-0.9629054623887415,2.5181041434132223,1.1690586617542391,1.9642530107695546,3.6872507439065125,3.7911614696241407,1.6528178843319687,1.6946357742715947,-0.3196496497901922,-0.7923289905455125
2006-01-01,1.112344487874153,3.54095442019627,3.6719217876564496,3.158654931151676,-0.8126793254610755,3.628313682762931,1.4295337893965678,-0.6245655214119783,0.050190855279924076,1.7325530728756176,1.5840383536247378,-0.8676808578046636,-1.9214286933384186,-0.08340096961994393,3.60224470078381,-1.0207067309622866,-0.4370687260323301,2.063007771766806,0.6625388766602434,1.2714126594091075,-1.4842329862628958,0.5728388497856891,1.598232481494724,-0.018197721661052657,3.922051534300876,1.37775552869673,1.1282226948046,0.2721769643757891,1.069343202558114,1.3078764450905713,3.6986595358633574,3.5684342642609184,1.8254703072990544,-0.8537589502962543,0.46657617800532475,3.5828516745445564,-0.6534123383976167,3.159145208259489,0.7914358184479144,-0.8836460240841493,0.01997405609543315,0.38159669666512186,3.3443212550225,4.054192618258975,-0.2265771384549379,0.28100996329704253,1.0524909677058745,0.6733767286030489,3.9496130820972075,3.0529060682174096,3.481755781014924,3.593575280299205,-0.6124109106633178,0.09742397839751102,2.971865820142421,2.093842448720615,-0.3071207831388973,-1.7384792707482881,4.408640639875374,-1.268974356254634,-1.5545041344511619,1.750311964180997,-0.7606630430977774,2.7136570179609314,-0.44709709712069523,2.093548044593525,0.7321886441327257,-1.1152359945763215,3.7543013960500695,0.17553956254077493,-1.334248558390538,-0.16541825487541473,4.200792143502483,-0.3249328813379966,1.5882703518706922,-0.22632816397377875,0.4200296202902024,1.0562943152612023,0.21635787230783238,2.9466388975340565,3.0844909512855474,-1.2314004379738503,2.6150381230719653,-0.2610853830621925,2.476206378205779,-1.1218223300599952,3.450443670697023,1.7353969528446551,3.3015142899383125,0.28009843691875796,1.6945615987561444,-0.334073100892173,0.8700975417646382,3.8033753539574326,1.0342611998127502,-0.9491275341181877,2.641839226414408,1.2142274758662885,2.0179612553837853,3.709867672562089,3.807828403406526,1.6914648303328068,1.77153432118369,-0.2703838857286188,-0.8286359869795896
2007-01-01,1.128830785663992,3.5716193786598898,3.704255058239966,3.154048055094297,-0.7553777385378839,3.650532411057428,1.415010107544227,-0.6101062394604375,0.07824912878043136,1.8057138079845798,1.633355368156792,-0.856818610752357,-1.9095912995758215,-0.07712656654737916,3.612430269231092,-0.9609891944861952,-0.4369491012135928,2.1034190973355575,0.78976792428485,1.323267046269602,-1.451857296348174,0.5265846873831245,1.658619768904848,-0.016800065396510487,3.925827251485507,1.4448828798126743,1.132574576585213,0.32382618622032533,1.1027240039624944,1.2905180616614964,3.744953862420231,3.5855912872187714,1.8554054018745827,-0.8493606753065386,0.5851567797855465,3.6163634885661513,-0.616806146083602,3.1907634258035196,0.8280530241657803,-0.8736746565692187,0.0812590426066377,0.42180122935627307,3.3983695747864218,4.121676045028488,-0.14680464773518967,0.32830062642625457,1.1161655147429337,0.6632378840233887,3.9688475586717913,3.09593219459464,3.4913405721706856,3.6141112250299177,-0.5715192946123704,0.15427311936664045,3.020404465763263,2.197110829754535,-0.2687625729244011,-1.6325725219246292,4.45582571985423,-1.2369711154501988,-1.493897291306822,1.7930770042835205,-0.7505233878345061,2.75207145839094,-0.46503541875630633,2.1120196127059994,0.7495315450852721,-1.093940607863564,3.7932687125384605,0.21436806688214774,-1.3404054373769596,-0.1260265631365176,4.216629236068371,-0.29634645321725034,1.6845319392239453,-0.18126993743773104,0.4546218499034712,1.1274789816608406,0.26330324626951895,2.9692904327643976,3.056524551105761,-1.1853124021371604,2.6520318527911924,-0.24030551198193684,2.5669995255222005,-1.069729360941109,3.4959917341606506,1.7738568516929374,3.320000049399953,0.336783032873761,1.7258523241057349,-0.2536197576131692,0.8896895129691181,3.829442465422254,1.0805487375711682,-0.952342630994363,2.6832655916052786,1.265081856025947,2.0509898447876624,3.7273162670336117,3.8158953227619805,1.7523799362360415,1.8384889237633133,-0.21762502630256939,-0.8670983386284398
2008-01-01,1.130889018274538,3.5879332016831658,3.7164788048880637,3.1123093778306026,-0.7072559294857036,3.652120540913419,1.4214400722813987,-0.5912458180861302,0.12175796344822143,1.8343568128020524,1.6744911408759047,-0.8298277888491769,-1.8952636528396596,-0.07440326943767286,3.6132940163565004,-0.9416709672636462,-0.4378375680418529,2.1261241155890134,0.8766275091719962,1.3435160583527095,-1.4195641867343765,0.5499991406141169,1.67012115132773,-0.008867057721882765,3.912746319225735,1.4618746206201474,1.1772504758299063,0.37608138850095363,1.11068928987745,1.2907181727388368,3.7474792106363863,3.5819570728661576,1.8411531868080069,-0.8248669419697038,0.6090823411471606,3.6287310465121134,-0.5614820245547373,3.1842123735221124,0.8358330109981811,-0.863842163838219,0.093935516505379,0.4433966827743763,3.413443073055736,4.114504896297651,-0.12197396149587521,0.3726376691062104,1.11015839137865,0.7035374156570569,3.9220172703822667,3.1125741228023345,3.4741619292783743,3.6031559807633946,-0.5958839260313357,0.1662381797709036,3.0411062266806406,2.164258000073869,-0.22136925620584721,-1.5742633552838614,4.442812168051951,-1.1963986435201994,-1.444284380628815,1.8222083752294462,-0.7338512898870142,2.783823615902386,-0.4579747394057784,2.113336736182479,0.7941732801671105,-1.0461561563343376,3.8099422032947543,0.22962141097303546,-1.2862217628844341,-0.09216185833946612,4.2048418710557405,-0.29808841495890337,1.7543270372284132,-0.14092623712283903,0.4983584614156993,1.204531890100456,0.2873021592739978,2.969839270868249,3.0442394892991023,-1.1087526705043895,2.7156976176809113,-0.23179631935704761,2.5229991331382187,-1.0390660760178554,3.4604942566846586,1.7912334627963933,3.315144193495953,0.38573750369920556,1.7411167924376525,-0.2523000473724217,0.8965871435021793,3.816066083273365,1.1034488072374267,-0.9561632950494655,2.71174780638404,1.301262017448515,2.0451583802040214,3.7161199726704166,3.80383659756919,1.818538964056406,1.8732698819330835,-0.1710043015375325,-1.064958555726968
2009-01-01,1.1285135106410216,3.5844926790468055,3.675128047229528,3.052153334014986,-0.6683438898242805,3.617539644980091,1.4034113869113352,-0.5943359575724675,0.1387070456620973,1.7434385712374356,1.6622462854647668,-0.8308268321691187,-1.8956311892621729,-0.0809093028479994,3.5743565162065796,-0.8755481211748777,-0.42694488461270935,2.106212382800886,0.9597945905857954,1.3456141889863498,-1.4193622818622071,0.591876364909427,1.6448664209204371,0.004611623781707954,3.8551761628139203,1.4575321065749969,1.1662244872625411,0.40490442906554186,1.0737164836737645,1.2665882091091545,3.656386543348822,3.546960825742195,1.7875313079577355,-0.793772688798528,0.564430482755997,3.573233641072194,-0.5471886542343825,3.13921031232898,0.8164261814404445,-0.8533921773104389,0.11975353596497308,0.3988370061334783,3.3863905800885767,4.058247417279904,-0.05366888406355094,0.4041356986408124,1.1367356055492681,0.7353959520818065,3.846034159979349,3.1075351906215367,3.4132326578718235,3.54642506934574,-0.5901064613004281,0.1444951418954497,3.043400794334479,1.9828660157567732,-0.19726305619974463,-1.4850249734205343,4.369482511043146,-1.2655150870155658,-1.388090820299321,1.789240596177952,-0.7217827437433454,2.7478850720703694,-0.4971091451636164,2.0526189817204474,0.8299902312206743,-1.0130184481773188,3.7712624209080285,0.18843581227649636,-1.3309974126335151,-0.052339724911478314,4.175746141907021,-0.288474340176471,1.7759008569078676,-0.10455255962519619,0.44019088860931377,1.2042441056302526,0.2820935944615692,2.938652442070136,3.0257991634075108,-1.0775192874511335,2.7176463558680886,-0.23589378421201496,2.5079402632553083,-1.027588853928775,3.424278010230937,1.7614174516658787,3.26989460196301,0.40905577376753766,1.7190694380409952,-0.24825979546537952,0.8920433546026522,3.754308073904988,1.078485625678409,-0.9475403034808698,2.662236589199613,1.3260472999239918,1.9833015014195063,3.6644932645201136,3.7666333231814226,1.8383414831910374,1.8244041353771208,-0.11196116615788952,-1.0150071917241377
2010-01-01,1.1453779087346594,3.5883691131281603,3.691350497696893,3.050623301074062,-0.6249160785621922,3.6308432784529976,1.411243317664894,-0.5972522705274333,0.16294714157943355,1.8168952951704878,1.7260335056224287,-0.7788168679843819,-1.892183168544831,-0.07430166737478223,3.5964026720219264,-0.8307257890421087,-0.33013949825108513,2.152926878546015,1.0543304763639478,1.3706392572904427,-1.3784983299992517,0.6470129823341003,1.678495651050563,0.004614883310287944,3.866854881081687,1.5239676675661995,1.1844271638759374,0.4382962807256666,1.0816742223623843,1.2862732453780465,3.681296004095321,3.5614898139713898,1.8282754504003527,-0.762185119553118,0.6156292473638997,3.6148587207329186,-0.4939787968258001,3.086196714363201,0.8198236667415811,-0.8327958708254586,0.15606244288775092,0.41541018719067063,3.4445309462278626,4.029899391877614,0.031073319489495273,0.45117300487769196,1.1815427376355905,0.7631454898315237,3.8378264644952,3.1451803309479516,3.427117418319397,3.5917161261141324,-0.536262637206483,0.12431533970969434,3.101713642134021,2.000238117739821,-0.13827878118900133,-1.4162920962494339,4.401395508645292,-1.2909750919620375,-1.354571830992664,1.8435527235864835,-0.69620154416788,2.78507441998249,-0.48090114795373334,2.0899646045525415,0.8538134586105588,-0.977256417522504,3.7767813878867793,0.20728541172021217,-1.2885035245221534,-0.00432915589205078,4.168059207722977,-0.29033827992828837,1.8156932967130037,-0.053337148560586085,0.5456876981698062,1.274079780030088,0.33883112095464046,2.9570022622630114,3.00447341640136,-1.0356874352423804,2.772262453861567,-0.22260481758305833,2.537770942996236,-0.9949492038702409,3.5484213941339435,1.776763397131182,3.2654285958537437,0.4762868714451996,1.6842264374163054,-0.2411831286539691,0.894080149909727,3.803947263758082,1.1518066591373264,-0.9343145481144052,2.6601086831594984,1.347779850196487,2.0584130574588726,3.6755878108389495,3.783302514730794,1.9156056299001678,1.793438024498363,-0.044047629131095535,-0.9217516276880536
2011-01-01,1.1542787831001942,3.5974266085989366,3.7182317193881724,3.045160896434963,-0.5737036700947418,3.6354878255283443,1.407466391924582,-0.5931322527567556,0.19700187006134795,1.8681109284900614,1.7441942177646124,-0.7435112090960752,-1.8838957558570677,-0.05919435528810042,3.6114940375559024,-0.8179032809248311,-0.35950197870928696,2.200522874294021,1.1384641308778853,1.4208960311480192,-1.3396174473220301,0.6533831593453837,1.7081543896272684,-0.06179831429946689,3.874193061598987,1.539846943573603,1.2439394845575638,0.4390635779127334,1.097500418928713,1.3044467197069656,3.7020436957889657,3.5771528162452717,1.8728614208391212,-0.8382498960321566,0.6783178782191676,3.649875714294677,-0.3768693382522262,2.9960956984236473,0.8354681958618323,-0.7697794512915251,0.20297537716745012,0.43285476722216926,3.484556505739906,4.04794572379201,0.08254596937799234,0.5011115980709726,1.198265379542512,0.834964697587289,3.8615341749437793,3.167753938053108,3.4312489733587603,3.589153867536878,-0.5038216100697614,0.1360464198236428,3.130427323087685,2.0700890209124605,-0.1205039645689248,-1.3591936491665841,4.404924662112795,-1.3045744020328256,-1.3411489976678335,1.8771825452161,-0.6996022448574506,2.7947403162995137,-0.4673436570725897,2.1171812302830118,0.8890528938276108,-0.9551046596713312,3.7886164968007323,0.24849425403622205,-1.3037817125479036,0.01569158625129797,4.168410177745644,-0.2804995237396616,1.9012237667872953,0.025830751947712897,0.5707964006432157,1.3246467383108018,0.35770142966355317,2.9400356519208026,2.9947369567939597,-0.9880863353827077,2.8361892192334492,-0.2310821005844335,2.6402322062069965,-0.9583971617017044,3.5863690462064395,1.7934980991503178,3.2556797996353337,0.545118047442406,1.6790331207879214,-0.18354492650072607,0.8716074708990622,3.822691070004784,1.1499600274956199,-0.9126603761658879,2.640213432007563,1.3307426589763192,2.129815971764801,3.684088381467384,3.7919280657892322,1.9830419999362454,1.8187160759950733,-0.013639884634658556,-0.8305852946126915
2012-01-01,1.1678917372782611,3.6167947101794646,3.72247196737157,3.0401930476681156,-0.5224469103053421,3.629172954824638,1.420699789199575,-0.5679027613856836,0.23096391817991083,1.901723114574773,1.7457590108169845,-0.686023421556863,-1.8763851206721727,-0.039687501847853864,3.6165907016921026,-0.7975835207458255,-0.304421917305913,2.2439487553893716,1.2073305739163187,1.4473864559780785,-1.2985047675452503,0.66458850769211,1.7440476401382676,0.01668881020303721,3.863856518018377,1.5534490575499555,1.2788339007737994,0.4444752801739186,1.1095790496355,1.3147568952207593,3.6825932329570708,3.575819077209797,1.9034608309205328,-0.8131934941363532,0.7366653433569782,3.6705469774922777,-0.31441539650942213,2.930855952632518,0.83947373996392,-0.8162918445525124,0.24435862194178343,0.4504967765231169,3.4882551263745745,4.05402220007813,0.1194735935420357,0.5493814635748977,1.2146509073112701,0.9074905544292879,3.8561932501325447,3.178810351405135,3.4056167555732744,3.6085419739504085,-0.4872624741645644,0.14840145259783152,3.1485825700938093,2.131282776614819,-0.06821758922453304,-1.2884981724743603,4.379278246789372,-1.3027210160876765,-1.3510970443034263,1.9155075690318717,-0.7335441906811477,2.7980532903476183,-0.42486265591654565,2.1438645643064134,0.9007966087383855,-0.9193627646741506,3.7689317609699127,0.2822847623321751,-1.237404261587706,0.02972151051778617,4.183827212079981,-0.26288118561494805,1.9823376930361105,0.08187578703548824,0.5410951030850873,1.3699336477859492,0.40625750918048015,2.910373799074153,2.9761692068767527,-0.9315935614345903,2.8739171961074943,-0.22635677790492517,2.6580922281885027,-0.9254924015005241,3.5865734109958205,1.8002799598394408,3.2339219364394594,0.632867731451071,1.6904750478180268,-0.17758456546206924,0.8752727980365373,3.812426124295452,1.2207052058652081,-0.8812380444012045,2.652052503614482,1.3666337403527027,2.1381035301930247,3.6837039162146454,3.807511103179949,2.015674268538756,1.8581754570323756,0.01964209073067886,-0.7571485701734653
2013-01-01,1.1768040822941412,3.6241144188144334,3.718855702840482,3.0323949349088206,-0.4762544052080748,3.627025797994501,1.4119362931682349,-0.5398122964735264,0.2799960388402493,1.9497954894301972,1.7618231119117242,-0.6500989547834679,-1.8627485255020286,-0.010786853780564796,3.6251036167291413,-1.2638251999616978,-0.2953797125217334,2.27505779188187,1.2763053440572156,1.4802551340858692,-1.2442448507304265,0.6732396784506826,1.764602691148219,0.07639208548641559,3.854813550126243,1.5859781775910866,1.3084750117810446,0.44886987763429315,1.1193845811928884,1.3416704145358522,3.665856315691271,3.5742540690639317,1.9369721651841207,-0.7981885845868045,0.7701051481783782,3.6687975913803066,-0.26229690995963795,2.9030358221573915,0.8504827497510438,-0.837179713397871,0.2899355817194718,0.45562239230066104,3.512568136587448,4.078572098248215,0.17377197562409397,0.5934993700658087,1.141607482421648,0.9233098434671724,3.855606703032633,3.1921163223139106,3.374586544171754,3.626295548248826,-0.45828127992000417,0.16228745226319843,3.1735659078454526,2.182269919528999,-0.025887419795616446,-1.2058105834477189,4.375873087705354,-1.3067726655637466,-1.3308670547918477,1.9455774634405478,-0.7419990088715577,2.81734104762979,-0.3842643496858505,2.1422991546259484,0.9285252570397489,-0.8939328427735789,3.7587019065762033,0.31261571382290393,-1.2357198509091596,0.054333448811512586,4.178075134749994,-0.23624823134821832,2.0464096437875097,0.11447694206144945,0.6570508981500816,1.4133247600227277,0.4583153055330458,2.902219059745093,2.9804137698674587,-0.9132496442010047,2.8937125091544997,-0.22794350217213508,2.69970208493987,-0.8905535926986577,3.60815393762018,1.8066965933892436,3.224870401395101,0.695272532077795,1.70697813707315,-0.25996520120614436,0.8877996944871626,3.8188236123360473,1.2348437206792562,-0.8571923151083239,2.6651548633103572,1.3814716753653664,2.1659543044790976,3.6944871350191426,3.8223226199715894,2.0552291048941482,1.8565956282981617,0.05221638646529147,-0.7438044204035449
