year,Argentina - ARG,Australia - AUS,Austria - AUT,Bangladesh - BGD,Barbados - BRB,Belgium - BEL,Benin - BEN,Bolivia - BOL,Botswana - BWA,Brazil - BRA,Burkina Faso - BFA,Burundi - BDI,Cameroon - CMR,Canada - CAN,Cape Verde - CPV,Central African Republic - CAF,Chad - TCD,Chile - CHL,"China, People's Republic of - CHN",China: Hong Kong SAR - HKG,Colombia - COL,Comoros - COM,Congo - COG,Costa Rica - CRI,Cote d'Ivoire - CIV,Cyprus - CYP,Democratic Republic of the Congo - COD,Denmark - DNK,Dominican Republic - DOM,Ecuador - ECU,Egypt - EGY,El Salvador - SLV,Equatorial Guinea - GNQ,Ethiopia - ETH,Fiji - FJI,Finland - FIN,France - FRA,Gabon - GAB,Gambia - GMB,Germany - DEU,Ghana - GHA,Greece - GRC,Guatemala - GTM,Guinea - GIN,Guinea-Bissau - GNB,Honduras - HND,Iceland - ISL,India - IND,Indonesia - IDN,Iran (Islamic Republic of) - IRN,Ireland - IRL,Israel - ISR,Italy - ITA,Jamaica - JAM,Japan - JPN,Jordan - JOR,Kenya - KEN,Lesotho - LSO,Luxembourg - LUX,Madagascar - MDG,Malawi - MWI,Malaysia - MYS,Mali - MLI,Malta - MLT,Mauritania - MRT,Mauritius - MUS,Mexico - MEX,Morocco - MAR,Mozambique - MOZ,Namibia - NAM,Nepal - NPL,Netherlands - NLD,New Zealand - NZL,Niger - NER,Nigeria - NGA,Norway - NOR,Pakistan - PAK,Panama - PAN,Paraguay - PRY,Peru - PER,Philippines - PHL,Portugal - PRT,Republic of Korea - KOR,Romania - ROU,Rwanda - RWA,Senegal - SEN,Singapore - SGP,South Africa - ZAF,Spain - ESP,Sri Lanka - LKA,Sweden - SWE,Switzerland - CHE,Syrian Arab Republic - SYR,Taiwan - TWN,Thailand - THA,Togo - TGO,Trinidad and Tobago - TTO,Tunisia - TUN,Turkey - TUR,Uganda - UGA,United Kingdom - GBR,United Republic of Tanzania: Mainland - TZA,United States - USA,Uruguay - URY,Venezuela - VEN,Zambia - ZMB,Zimbabwe - ZWE
1960,0.04052,0.0596,0.03779,0.03702,,0.03867,0.03488,0.03647,,0.03323,0.03653,,,0.03669,,,,0.05095,0.02996,,0.03979,,,0.03775,,0.03139,0.02473,0.03665,0.0356,0.03131,0.03962,0.03718,,0.02906,,0.03492,0.0305,,,0.03855,0.03861,0.03462,0.03511,0.03516,,0.02676,0.03118,0.03721,,0.03331,0.04338,0.03571,0.03835,0.03547,0.04901,0.02684,0.04078,,0.04055,,0.03785,0.03374,,0.02984,,0.02713,0.03849,0.03542,,,,0.04473,0.03987,,0.0281,0.03796,0.03057,0.03461,0.04126,0.03605,0.04964,0.03682,0.02828,,,,,0.04079,0.0435,0.03371,0.04349,0.04196,,0.0386,0.0318,,0.05477,,0.03725,0.04998,0.0396,,0.03556,0.0531,0.03676,0.03278,0.03217
1961,0.03991,0.06411,0.03856,0.03604,0.03514,0.03874,0.0337,0.03745,0.03636,0.03508,0.03559,0.0365,0.03618,0.03673,0.02936,0.03438,0.03678,0.04465,0.03202,0.03412,0.03858,0.03536,0.02933,0.0373,0.03481,0.03067,0.02441,0.03752,0.03492,0.03126,0.03985,0.03947,0.03497,0.02897,0.03497,0.03501,0.03044,0.03219,0.03607,0.0391,0.04076,0.0343,0.03594,0.03693,0.03447,0.02643,0.03195,0.03826,0.03603,0.033,0.04373,0.03529,0.03847,0.03591,0.05135,0.02555,0.04135,0.03697,0.04046,0.03609,0.03808,0.03378,0.03618,0.02942,0.03026,0.02799,0.04055,0.03514,0.0366,0.03509,0.0361,0.04562,0.0398,0.0368,0.02757,0.03762,0.03102,0.03381,0.042,0.03507,0.04966,0.03707,0.02718,0.03426,0.03662,0.03685,0.03561,0.04094,0.04348,0.03357,0.04442,0.04236,0.03534,0.03978,0.03184,0.0366,0.05827,0.03497,0.03759,0.04961,0.04028,0.03541,0.03543,0.04659,0.03613,0.03203,0.0315
1962,0.03885,0.0634,0.03946,0.03506,0.03417,0.03929,0.03254,0.03678,0.03613,0.03331,0.03505,0.03509,0.03571,0.03646,0.03117,0.03459,0.0356,0.04433,0.03174,0.03261,0.03904,0.03351,0.03889,0.03712,0.03551,0.0298,0.02422,0.03729,0.0336,0.03136,0.0405,0.03974,0.03527,0.02892,0.03719,0.03582,0.0302,0.04007,0.03572,0.0395,0.04181,0.03501,0.03548,0.03971,0.03227,0.0265,0.0324,0.03866,0.03529,0.03255,0.04384,0.03539,0.03878,0.03598,0.05499,0.02439,0.04056,0.03487,0.04085,0.03563,0.04094,0.03378,0.03687,0.02891,0.03121,0.02798,0.03935,0.03428,0.03544,0.03608,0.03429,0.04683,0.04034,0.03549,0.02754,0.03783,0.03164,0.03571,0.04377,0.03502,0.05089,0.03873,0.02669,0.03323,0.03592,0.03595,0.03429,0.04114,0.04265,0.03366,0.04468,0.04358,0.03483,0.04104,0.03125,0.03562,0.05909,0.03416,0.03783,0.05001,0.04092,0.03574,0.03508,0.04381,0.03526,0.03132,0.03112
1963,0.04372,0.06384,0.03976,0.03495,0.03328,0.03987,0.03139,0.03873,0.03637,0.03419,0.03488,0.03423,0.0354,0.03637,0.03228,0.03515,0.03426,0.03441,0.03027,0.03143,0.03764,0.0335,0.04185,0.03766,0.03444,0.0301,0.02293,0.03883,0.03308,0.03131,0.04131,0.04061,0.03518,0.02895,0.03772,0.0365,0.03021,0.04683,0.03614,0.04004,0.04189,0.03436,0.03428,0.0453,0.03071,0.0269,0.03172,0.0392,0.03452,0.03219,0.04454,0.03623,0.03916,0.03579,0.05699,0.02374,0.03941,0.03291,0.04154,0.03463,0.04114,0.03435,0.03733,0.02834,0.03836,0.02772,0.03798,0.03412,0.03436,0.03717,0.03251,0.04714,0.04004,0.0346,0.02701,0.03775,0.03206,0.03723,0.04327,0.03528,0.05131,0.03879,0.02484,0.03171,0.03615,0.03481,0.03296,0.04045,0.0429,0.03343,0.04505,0.04463,0.03599,0.04124,0.03122,0.03469,0.06167,0.03413,0.03833,0.04979,0.03879,0.03576,0.03504,0.04328,0.03475,0.03083,0.03058
1964,0.04198,0.06279,0.03948,0.03436,0.03276,0.03979,0.03083,0.03967,0.03652,0.03317,0.03432,0.03322,0.0352,0.03611,0.03166,0.03523,0.03328,0.0352,0.02907,0.03145,0.03783,0.03309,0.0419,0.03894,0.03346,0.0308,0.02264,0.03832,0.03335,0.03149,0.04293,0.04061,0.03539,0.02911,0.03871,0.03617,0.02998,0.05078,0.03567,0.03983,0.04271,0.03424,0.03474,0.04545,0.02934,0.02811,0.03173,0.03968,0.03345,0.03117,0.04483,0.03606,0.04017,0.03506,0.05734,0.02263,0.03902,0.03126,0.04166,0.03403,0.0425,0.03493,0.03738,0.02751,0.04077,0.02783,0.03898,0.03481,0.03347,0.03833,0.03031,0.04567,0.0398,0.03417,0.02641,0.03757,0.03341,0.03766,0.0428,0.03517,0.05244,0.03906,0.02641,0.03155,0.03612,0.03388,0.03272,0.04071,0.04384,0.03368,0.04514,0.04521,0.03581,0.04197,0.03238,0.03304,0.06228,0.03424,0.03887,0.04975,0.03876,0.03462,0.03488,0.04598,0.03346,0.03024,0.03008
1965,0.0408,0.06349,0.03998,0.03415,0.03207,0.04049,0.03008,0.04144,0.03901,0.03217,0.03334,0.03209,0.03478,0.0359,0.03071,0.03557,0.03255,0.03809,0.02816,0.03148,0.04458,0.03343,0.04104,0.03832,0.03458,0.02964,0.02248,0.03903,0.03451,0.03222,0.04412,0.04375,0.03518,0.02903,0.04031,0.0362,0.03012,0.05309,0.03547,0.04011,0.04412,0.03384,0.03649,0.04573,0.02854,0.02903,0.03221,0.04048,0.03274,0.03136,0.04559,0.03718,0.04088,0.03496,0.05907,0.02198,0.03827,0.02968,0.04229,0.03393,0.04033,0.0355,0.03921,0.0273,0.03825,0.02726,0.03774,0.0348,0.03263,0.03912,0.02989,0.04638,0.03979,0.0342,0.02589,0.03711,0.03431,0.03899,0.04097,0.03508,0.05406,0.03921,0.02633,0.03087,0.0356,0.0332,0.03139,0.04128,0.04393,0.03352,0.04579,0.04639,0.03627,0.04198,0.03302,0.03279,0.06207,0.03521,0.03903,0.05251,0.03989,0.03467,0.03478,0.04363,0.0334,0.02845,0.02959
1966,0.04105,0.06245,0.04002,0.03417,0.03184,0.0406,0.02928,0.04136,0.03596,0.03214,0.03357,0.03101,0.03528,0.03611,0.02972,0.03576,0.03157,0.03544,0.0277,0.03235,0.04341,0.03452,0.03949,0.03934,0.03478,0.02964,0.02247,0.03921,0.03325,0.0325,0.0467,0.04499,0.03576,0.02899,0.04201,0.03617,0.03005,0.05306,0.03605,0.04111,0.04572,0.03447,0.03697,0.04648,0.02768,0.02991,0.03256,0.04118,0.03192,0.03204,0.04816,0.03821,0.04012,0.03514,0.05664,0.02174,0.03721,0.02893,0.04271,0.03354,0.04019,0.03622,0.03929,0.02691,0.03638,0.02769,0.03899,0.03502,0.03184,0.03992,0.02946,0.04641,0.04039,0.0342,0.02686,0.03718,0.03693,0.03839,0.04189,0.03581,0.05544,0.04055,0.02518,0.03026,0.03576,0.03263,0.03066,0.04258,0.04445,0.033,0.04657,0.04678,0.03551,0.04272,0.03286,0.03365,0.06411,0.03601,0.03807,0.05454,0.04056,0.03515,0.03494,0.0457,0.03371,0.02835,0.02928
1967,0.04086,0.06284,0.04076,0.03431,0.03128,0.04124,0.02812,0.04155,0.03584,0.03065,0.03385,0.03022,0.0367,0.03703,0.02996,0.03642,0.03071,0.0386,0.02859,0.03279,0.04282,0.03635,0.03895,0.04004,0.03543,0.02941,0.02245,0.03941,0.03322,0.03264,0.04842,0.04708,0.03574,0.02886,0.04303,0.03666,0.03047,0.05823,0.03666,0.04245,0.04689,0.03473,0.03669,0.04928,0.02674,0.0308,0.03285,0.04207,0.03144,0.03324,0.0492,0.03835,0.03917,0.03542,0.05472,0.02157,0.03721,0.02816,0.04319,0.03289,0.04344,0.03662,0.03979,0.02638,0.03358,0.02687,0.03898,0.03441,0.03146,0.04106,0.02867,0.04626,0.04218,0.03414,0.02751,0.03704,0.03754,0.04025,0.04228,0.03756,0.05594,0.04175,0.02673,0.02941,0.03646,0.03182,0.02966,0.04211,0.04603,0.03305,0.04699,0.04692,0.03601,0.04452,0.03424,0.03403,0.06457,0.03618,0.03982,0.05522,0.04085,0.03562,0.03585,0.04062,0.03338,0.02836,0.02885
1968,0.04101,0.06234,0.04087,0.03422,0.03042,0.04158,0.02807,0.04535,0.03526,0.03081,0.0337,0.02943,0.03764,0.03723,0.02944,0.03654,0.03015,0.03802,0.02838,0.03237,0.04176,0.03839,0.04085,0.04062,0.03554,0.02942,0.02226,0.0389,0.03327,0.03318,0.04867,0.04904,0.03596,0.02917,0.04273,0.03724,0.03055,0.05903,0.03649,0.04113,0.04675,0.03459,0.03644,0.0495,0.02616,0.0321,0.03412,0.04276,0.03079,0.03362,0.04831,0.03689,0.03884,0.03536,0.0565,0.02057,0.03663,0.02794,0.04255,0.03214,0.04269,0.03693,0.04047,0.02584,0.03188,0.02706,0.03686,0.03533,0.03086,0.04211,0.02796,0.04539,0.04242,0.03418,0.02783,0.03807,0.03863,0.0416,0.04372,0.03865,0.05757,0.0421,0.02761,0.02929,0.03629,0.03093,0.02932,0.04293,0.0464,0.03279,0.04699,0.04717,0.03551,0.04587,0.03536,0.03349,0.06248,0.03597,0.04032,0.0567,0.0412,0.0364,0.03602,0.04045,0.03255,0.02909,0.0285
1969,0.0391,0.06136,0.04082,0.03486,0.03049,0.04155,0.02805,0.04547,0.03897,0.03057,0.03352,0.029,0.03844,0.03724,0.02816,0.03657,0.0295,0.03704,0.02787,0.03155,0.04116,0.03924,0.04147,0.04094,0.03516,0.02907,0.02175,0.03886,0.03284,0.03381,0.0477,0.04831,0.03664,0.02958,0.04519,0.03663,0.03062,0.05932,0.03703,0.04043,0.04592,0.03432,0.03892,0.04984,0.02541,0.03287,0.03472,0.04263,0.0306,0.03613,0.0481,0.03513,0.03824,0.03644,0.05914,0.01933,0.03744,0.0276,0.04148,0.03185,0.04395,0.03744,0.03958,0.02592,0.03197,0.02655,0.03809,0.03562,0.03044,0.04309,0.02754,0.04223,0.04105,0.03499,0.02704,0.03808,0.0387,0.04361,0.0446,0.03855,0.05862,0.04261,0.03046,0.02915,0.03673,0.0302,0.02884,0.04293,0.04598,0.03248,0.04577,0.0472,0.03523,0.04764,0.03627,0.03245,0.0625,0.03569,0.04129,0.05702,0.0419,0.03796,0.03604,0.0402,0.03269,0.03025,0.02845
1970,0.03489,0.0609,0.0406,0.03535,0.0301,0.04193,0.02824,0.04551,0.0349,0.03147,0.03411,0.029,0.03839,0.03793,0.02793,0.0365,0.02914,0.03564,0.02684,0.03078,0.0398,0.03855,0.04164,0.04172,0.03526,0.02945,0.0217,0.03938,0.03329,0.03379,0.04785,0.04782,0.03741,0.03004,0.0466,0.03605,0.03136,0.05993,0.03823,0.04023,0.04521,0.03483,0.03857,0.04999,0.02403,0.03334,0.03482,0.04275,0.0303,0.03869,0.05005,0.03659,0.03683,0.03771,0.05937,0.02064,0.03717,0.027,0.04062,0.03214,0.0435,0.03652,0.03973,0.02641,0.03169,0.0267,0.0378,0.03515,0.02986,0.04322,0.02669,0.04235,0.04102,0.03438,0.02502,0.03709,0.03776,0.04344,0.04545,0.03859,0.05953,0.04169,0.03307,0.02886,0.03679,0.02954,0.02932,0.04279,0.04686,0.03371,0.04646,0.04677,0.03711,0.0495,0.03673,0.03212,0.05955,0.03519,0.04093,0.05968,0.0438,0.03707,0.03658,0.04004,0.03217,0.02919,0.02822
1971,0.03645,0.05991,0.04106,0.03614,0.03114,0.04254,0.02833,0.04339,0.03355,0.03126,0.03163,0.02752,0.03918,0.03743,0.02797,0.03669,0.02878,0.03376,0.02706,0.03008,0.04008,0.04049,0.04023,0.04249,0.03617,0.03016,0.02125,0.03938,0.0327,0.03297,0.0494,0.04765,0.03754,0.02982,0.04659,0.03675,0.03139,0.06008,0.0388,0.03991,0.04528,0.03518,0.03895,0.05058,0.02398,0.03403,0.03339,0.04321,0.03099,0.03859,0.04913,0.03736,0.0381,0.039,0.05946,0.02027,0.03837,0.02669,0.0402,0.03171,0.04824,0.0362,0.03937,0.02709,0.03176,0.02625,0.03866,0.03687,0.02975,0.04385,0.02586,0.04177,0.04097,0.03533,0.02499,0.03774,0.03778,0.04578,0.04532,0.03778,0.05966,0.04249,0.0341,0.02858,0.03676,0.02929,0.0319,0.0434,0.04633,0.03442,0.04714,0.04721,0.03675,0.05097,0.03794,0.03166,0.05556,0.03489,0.0416,0.05876,0.04348,0.03758,0.03638,0.03752,0.03238,0.03024,0.02815
1972,0.03607,0.05776,0.04144,0.03672,0.0313,0.04282,0.02773,0.03554,0.03495,0.03152,0.0333,0.02792,0.04047,0.03708,0.02804,0.03675,0.02853,0.03659,0.02741,0.03008,0.04187,0.0421,0.03985,0.04454,0.03697,0.03063,0.02121,0.03941,0.03357,0.03368,0.05068,0.04738,0.03779,0.02956,0.04746,0.03773,0.03142,0.06059,0.04248,0.03962,0.04726,0.035,0.0417,0.05131,0.02395,0.03455,0.03535,0.04385,0.03202,0.03907,0.04722,0.03922,0.03866,0.03976,0.05695,0.02007,0.04046,0.02664,0.0404,0.03244,0.04946,0.03736,0.03875,0.02738,0.03081,0.02605,0.03779,0.03861,0.02973,0.04447,0.02555,0.0406,0.04071,0.03502,0.02554,0.03969,0.0378,0.04436,0.04482,0.03795,0.06036,0.04259,0.03557,0.02844,0.03689,0.02907,0.03466,0.04392,0.04531,0.03417,0.04691,0.04797,0.03621,0.05269,0.03859,0.03206,0.05887,0.03536,0.04185,0.05877,0.04227,0.03965,0.03572,0.03983,0.03227,0.03105,0.0284
1973,0.03308,0.05612,0.04237,0.03549,0.03141,0.04294,0.02842,0.03642,0.03707,0.0313,0.03287,0.02669,0.04143,0.03674,0.02806,0.03661,0.02835,0.03218,0.02767,0.02981,0.04267,0.04292,0.03994,0.04564,0.03665,0.03128,0.02156,0.0373,0.03481,0.03383,0.04992,0.04936,0.03832,0.02977,0.04858,0.03792,0.03139,0.06163,0.04134,0.03945,0.04566,0.0353,0.04264,0.05197,0.0238,0.03441,0.03451,0.04484,0.03345,0.04035,0.04633,0.03999,0.03901,0.04034,0.05206,0.01981,0.04119,0.02617,0.04036,0.03206,0.05548,0.03794,0.03963,0.0275,0.03167,0.02534,0.03808,0.03917,0.02973,0.04479,0.02483,0.03917,0.04095,0.0349,0.02668,0.03989,0.03775,0.04711,0.04413,0.03787,0.06031,0.04311,0.03629,0.02849,0.03861,0.02941,0.03653,0.04399,0.04362,0.03427,0.04706,0.0486,0.03686,0.05533,0.03893,0.03287,0.06056,0.03664,0.04306,0.05805,0.04008,0.04113,0.03523,0.0357,0.03211,0.032,0.02848
1974,0.03222,0.05103,0.0432,0.03389,0.0313,0.04304,0.02788,0.03752,0.04155,0.03095,0.03251,0.02549,0.0424,0.03651,0.02801,0.0382,0.02786,0.03766,0.02775,0.02991,0.04264,0.04325,0.0402,0.04628,0.03833,0.03176,0.02116,0.03717,0.03564,0.03378,0.05088,0.04983,0.03852,0.0299,0.04992,0.03713,0.03174,0.0528,0.04104,0.0394,0.04428,0.03744,0.04221,0.05242,0.02371,0.03665,0.03391,0.04586,0.03461,0.04059,0.04626,0.04154,0.04076,0.04136,0.05318,0.01955,0.04172,0.02716,0.04014,0.03151,0.05559,0.03844,0.04108,0.02717,0.03254,0.02609,0.03713,0.04008,0.02979,0.04483,0.02458,0.0387,0.04107,0.03602,0.02622,0.04018,0.03727,0.04605,0.04563,0.03954,0.05924,0.04422,0.03781,0.02809,0.03983,0.02983,0.03871,0.04469,0.04226,0.03384,0.04813,0.04887,0.03628,0.05707,0.04102,0.03294,0.05986,0.03731,0.04314,0.05867,0.03861,0.04185,0.03555,0.03238,0.03288,0.03237,0.02879
1975,0.0355,0.04922,0.04378,0.03504,0.03068,0.04343,0.02857,0.03601,0.04266,0.03166,0.03356,0.02542,0.04262,0.03648,0.02851,0.03829,0.02749,0.03764,0.02769,0.02966,0.04329,0.04322,0.03979,0.0468,0.03875,0.03194,0.02164,0.03802,0.0369,0.03448,0.05244,0.0504,0.03852,0.02963,0.04851,0.03939,0.03156,0.0561,0.03963,0.04014,0.04525,0.03756,0.04351,0.05299,0.0234,0.03528,0.03457,0.04622,0.03627,0.04041,0.0468,0.04182,0.04128,0.04091,0.05319,0.01967,0.04205,0.02731,0.04003,0.03128,0.05337,0.04204,0.04181,0.02685,0.03271,0.02596,0.03678,0.03708,0.02994,0.04511,0.02344,0.03884,0.04167,0.03696,0.02532,0.03987,0.03773,0.04834,0.04779,0.04201,0.0576,0.04528,0.03959,0.02793,0.03968,0.02963,0.0417,0.04443,0.04273,0.03423,0.04816,0.04967,0.03623,0.05666,0.04306,0.03236,0.05919,0.03777,0.04548,0.05747,0.0395,0.04256,0.03683,0.03385,0.03172,0.03278,0.02976
1976,0.03991,0.04745,0.04361,0.03491,0.02995,0.04314,0.02955,0.0374,0.04332,0.03213,0.03512,0.02495,0.04287,0.03649,0.02816,0.03829,0.02799,0.04022,0.02815,0.02926,0.04215,0.04253,0.0409,0.04606,0.0384,0.03097,0.0219,0.03719,0.03795,0.0367,0.05207,0.05051,0.03863,0.02975,0.0481,0.04024,0.03107,0.05409,0.03772,0.03973,0.04576,0.03782,0.04379,0.0533,0.02291,0.03795,0.0351,0.04662,0.03772,0.04121,0.04676,0.04238,0.04134,0.04215,0.05067,0.01964,0.0419,0.02744,0.0394,0.03123,0.05533,0.04318,0.04348,0.02647,0.03111,0.02691,0.03724,0.03882,0.03001,0.04535,0.02551,0.03833,0.04201,0.03606,0.0261,0.04007,0.03706,0.04792,0.04732,0.04408,0.05692,0.0446,0.04023,0.02846,0.04151,0.02988,0.04255,0.04548,0.04227,0.034,0.04786,0.04957,0.03751,0.0585,0.04452,0.03363,0.05702,0.03871,0.04667,0.05732,0.0411,0.04295,0.0371,0.03448,0.03117,0.03488,0.03073
1977,0.03195,0.04719,0.04347,0.03545,0.0308,0.04275,0.03005,0.03897,0.04319,0.03313,0.0363,0.02458,0.042,0.03645,0.02796,0.03744,0.02848,0.04121,0.02815,0.02893,0.04074,0.04187,0.04218,0.04613,0.03762,0.0297,0.0208,0.03744,0.03764,0.03723,0.05577,0.05075,0.03803,0.02949,0.04773,0.04039,0.03105,0.06062,0.03796,0.03933,0.04462,0.03771,0.04425,0.0542,0.02271,0.03956,0.03404,0.04718,0.03827,0.04274,0.04741,0.04252,0.04137,0.04174,0.04916,0.01962,0.04091,0.02681,0.03876,0.03074,0.05465,0.04296,0.04376,0.02644,0.03149,0.02734,0.03908,0.04026,0.03021,0.04537,0.02702,0.03706,0.04231,0.03533,0.02772,0.04071,0.03736,0.05269,0.04796,0.04681,0.05606,0.04376,0.04098,0.02781,0.04309,0.03024,0.04294,0.04634,0.04159,0.03462,0.04845,0.04865,0.03987,0.05819,0.04289,0.03238,0.05958,0.03995,0.05066,0.0572,0.0418,0.0438,0.03675,0.0357,0.03103,0.03476,0.03119
1978,0.03521,0.04657,0.04374,0.03573,0.03057,0.04191,0.03047,0.03911,0.0426,0.03303,0.03754,0.0247,0.04127,0.03624,0.02752,0.03707,0.02852,0.04017,0.02796,0.02937,0.03947,0.04137,0.04206,0.04724,0.03851,0.02957,0.02188,0.03674,0.03776,0.03706,0.05841,0.05301,0.0379,0.02933,0.04715,0.04083,0.03133,0.07078,0.03933,0.03883,0.04526,0.03735,0.04437,0.05441,0.0224,0.03826,0.0343,0.04787,0.03862,0.04415,0.04706,0.0419,0.04104,0.04019,0.04711,0.02085,0.04105,0.02979,0.03848,0.03052,0.05068,0.04351,0.04468,0.02666,0.03337,0.02765,0.03768,0.04328,0.03033,0.04528,0.0275,0.03636,0.04174,0.03481,0.03002,0.04108,0.03793,0.05408,0.04899,0.04474,0.05465,0.04413,0.04163,0.02784,0.0446,0.03028,0.04289,0.04626,0.0408,0.03406,0.0488,0.04757,0.04356,0.05651,0.04414,0.03317,0.05804,0.04093,0.05214,0.05707,0.04144,0.04491,0.03633,0.03762,0.03254,0.0351,0.0313
1979,0.03177,0.04597,0.04313,0.03703,0.03115,0.04146,0.02956,0.04186,0.04133,0.03193,0.03606,0.0249,0.04296,0.0362,0.02779,0.03638,0.02876,0.03693,0.02841,0.03003,0.04042,0.04017,0.04195,0.04699,0.04021,0.02956,0.02131,0.03676,0.03775,0.03866,0.0581,0.0567,0.03775,0.02879,0.04654,0.03977,0.03153,0.06823,0.03962,0.03804,0.04544,0.03728,0.04654,0.05511,0.02235,0.03872,0.03412,0.04892,0.03933,0.04488,0.04603,0.0415,0.04007,0.03907,0.04443,0.02111,0.04259,0.02923,0.03823,0.0295,0.05128,0.0435,0.04617,0.0265,0.03229,0.0278,0.03645,0.04291,0.03037,0.04533,0.02857,0.03596,0.04155,0.03423,0.03179,0.04064,0.03846,0.05046,0.04941,0.0428,0.05374,0.04465,0.04438,0.02838,0.04538,0.03001,0.04427,0.04615,0.03911,0.03759,0.04815,0.04708,0.0439,0.05553,0.04492,0.03349,0.05705,0.04162,0.05135,0.05661,0.04099,0.04631,0.03638,0.03575,0.03413,0.03515,0.03116
1980,0.03073,0.04373,0.0424,0.03767,0.0315,0.04038,0.02954,0.04578,0.04059,0.03092,0.03706,0.02511,0.0452,0.03647,0.02789,0.03609,0.02863,0.03413,0.02864,0.03088,0.03984,0.03861,0.03995,0.0475,0.041,0.02961,0.02034,0.03685,0.03826,0.03914,0.06002,0.05835,0.03728,0.02842,0.0468,0.03846,0.03163,0.06707,0.03979,0.03741,0.04542,0.03765,0.0483,0.05542,0.02237,0.03974,0.03352,0.04952,0.03904,0.04343,0.04566,0.0425,0.03961,0.03878,0.04329,0.02135,0.04287,0.02975,0.03751,0.0304,0.05178,0.04295,0.04848,0.02656,0.03159,0.02824,0.03563,0.04209,0.03046,0.0445,0.02892,0.03558,0.04114,0.03438,0.03155,0.04036,0.039,0.04694,0.04933,0.04023,0.05292,0.04545,0.04792,0.0286,0.04824,0.03002,0.04541,0.0456,0.03794,0.03938,0.0472,0.0464,0.04272,0.05491,0.0451,0.03552,0.05576,0.04228,0.05146,0.05558,0.03998,0.04828,0.03724,0.03502,0.03378,0.03466,0.03085
1981,0.03126,0.04264,0.04213,0.04033,0.03149,0.04045,0.03011,0.03888,0.04084,0.03202,0.03721,0.02471,0.04468,0.0369,0.02752,0.03502,0.02842,0.03336,0.02891,0.03218,0.03981,0.03798,0.03746,0.05028,0.04074,0.02971,0.02018,0.03717,0.03891,0.04059,0.06219,0.05633,0.03666,0.02841,0.0473,0.03798,0.03238,0.06433,0.04162,0.03773,0.04474,0.03784,0.04708,0.05559,0.02277,0.04015,0.03354,0.05028,0.04007,0.04219,0.04487,0.04187,0.03966,0.03776,0.04329,0.02208,0.04311,0.02951,0.03761,0.03129,0.05078,0.04396,0.04735,0.02669,0.03038,0.02851,0.03522,0.04159,0.03054,0.0449,0.03041,0.03627,0.04077,0.03598,0.0326,0.03987,0.03956,0.04526,0.04833,0.03885,0.05181,0.04631,0.04861,0.02918,0.04824,0.03014,0.04672,0.04606,0.03772,0.0406,0.0473,0.04669,0.04282,0.05562,0.04605,0.03698,0.05735,0.0422,0.04975,0.05436,0.04009,0.04983,0.03732,0.03492,0.03271,0.03456,0.0308
1982,0.03161,0.04252,0.04235,0.04257,0.03328,0.04028,0.02952,0.08127,0.04339,0.03418,0.03725,0.0247,0.04407,0.03786,0.02808,0.03484,0.02822,0.03714,0.02873,0.03359,0.0405,0.0369,0.03712,0.04993,0.04122,0.02949,0.02033,0.03719,0.0389,0.0403,0.06428,0.05507,0.03649,0.0283,0.04898,0.03811,0.03279,0.06582,0.04234,0.03821,0.04399,0.03786,0.04629,0.05588,0.02246,0.0346,0.03376,0.05114,0.04043,0.04086,0.04549,0.04138,0.04024,0.0373,0.04346,0.02434,0.04402,0.02896,0.03735,0.03129,0.0484,0.04568,0.04907,0.02642,0.02968,0.02895,0.03821,0.04087,0.03064,0.04565,0.03062,0.03687,0.04113,0.03783,0.03543,0.04002,0.03943,0.04462,0.04958,0.04137,0.05016,0.04726,0.0485,0.02934,0.04816,0.0292,0.04655,0.04679,0.03765,0.04103,0.04759,0.04674,0.04336,0.05624,0.04807,0.03714,0.05599,0.0431,0.05027,0.05301,0.04144,0.04954,0.03774,0.03627,0.03207,0.03466,0.03114
1983,0.03098,0.04264,0.04235,0.04325,0.03395,0.04018,0.0324,0.07901,0.04691,0.03517,0.03776,0.02442,0.04334,0.03797,0.02959,0.03368,0.02799,0.04064,0.02857,0.03506,0.04108,0.03658,0.04176,0.04812,0.04229,0.02968,0.02032,0.03788,0.03729,0.04098,0.06778,0.05288,0.0372,0.02854,0.04838,0.03756,0.03323,0.06572,0.04104,0.03824,0.04267,0.03753,0.04596,0.05618,0.02248,0.03561,0.03386,0.05222,0.04212,0.0386,0.0458,0.04119,0.04001,0.0372,0.04395,0.02578,0.04426,0.03055,0.03771,0.03088,0.04682,0.04757,0.04853,0.02622,0.02921,0.02913,0.04313,0.04118,0.0318,0.0461,0.03001,0.0373,0.04168,0.03823,0.03644,0.04004,0.03948,0.04869,0.04931,0.04367,0.04792,0.04832,0.04768,0.02921,0.04828,0.02912,0.0456,0.04763,0.03799,0.04175,0.04777,0.04628,0.04249,0.05711,0.04867,0.03758,0.05329,0.04453,0.05066,0.05268,0.04175,0.04929,0.03826,0.03877,0.03199,0.03469,0.03131
1984,0.03062,0.04194,0.04226,0.04364,0.03355,0.03998,0.03283,0.05331,0.04881,0.03524,0.03736,0.02432,0.0428,0.03791,0.03136,0.03343,0.02799,0.03999,0.02899,0.03617,0.04127,0.03587,0.04347,0.04652,0.04294,0.0293,0.02063,0.03802,0.03574,0.03919,0.0705,0.05152,0.03699,0.02824,0.04814,0.03754,0.03333,0.0667,0.04109,0.03828,0.04118,0.03794,0.04396,0.05667,0.022,0.0352,0.03339,0.05287,0.04305,0.03725,0.04572,0.04242,0.0399,0.03717,0.04361,0.02589,0.04338,0.03011,0.03751,0.03042,0.04584,0.04766,0.04771,0.02698,0.02843,0.02942,0.04015,0.04081,0.03139,0.0457,0.03099,0.03729,0.04214,0.03872,0.03613,0.03958,0.03999,0.04217,0.04625,0.04124,0.04846,0.0492,0.04711,0.02897,0.04731,0.02946,0.0446,0.0485,0.03819,0.0428,0.04733,0.04618,0.04268,0.05711,0.04963,0.03745,0.05312,0.04481,0.05093,0.05298,0.04155,0.04895,0.03813,0.03849,0.03271,0.03432,0.03133
1985,0.0306,0.04246,0.04231,0.04408,0.0331,0.04005,0.03262,0.05117,0.04888,0.03396,0.03676,0.02469,0.0426,0.03791,0.03285,0.03261,0.0278,0.04318,0.02869,0.03756,0.04265,0.03581,0.04313,0.04669,0.04209,0.03002,0.02102,0.03869,0.03557,0.03781,0.07088,0.04994,0.03641,0.02916,0.04721,0.03712,0.03347,0.06663,0.04076,0.03848,0.04022,0.03744,0.04726,0.05645,0.0222,0.03549,0.0331,0.05314,0.04291,0.03669,0.046,0.04292,0.04012,0.03685,0.04396,0.02655,0.04296,0.02949,0.03738,0.03045,0.0456,0.04936,0.04632,0.02725,0.02858,0.02989,0.03966,0.04035,0.03154,0.0451,0.03176,0.03752,0.04272,0.0382,0.03448,0.03949,0.04059,0.04909,0.04601,0.04141,0.04803,0.04896,0.04731,0.02888,0.0475,0.02985,0.04428,0.04882,0.03774,0.04314,0.04732,0.04608,0.04236,0.05699,0.05097,0.03667,0.05291,0.04594,0.05081,0.05345,0.04187,0.04807,0.03846,0.03699,0.03211,0.03385,0.03129
1986,0.03046,0.04365,0.04247,0.04281,0.03227,0.04005,0.03327,0.0494,0.0506,0.03058,0.03825,0.02465,0.04254,0.03795,0.03466,0.03278,0.02804,0.04301,0.02917,0.03828,0.04344,0.03586,0.04468,0.04544,0.04139,0.03031,0.02128,0.03955,0.03565,0.03706,0.06866,0.04808,0.03531,0.029,0.04724,0.03707,0.03374,0.0683,0.04002,0.03871,0.04037,0.03715,0.04682,0.05565,0.02223,0.03667,0.03341,0.05366,0.04201,0.03695,0.04461,0.04311,0.04031,0.03693,0.04468,0.02595,0.04208,0.03003,0.03653,0.03058,0.04664,0.05005,0.04447,0.02785,0.02902,0.03035,0.04153,0.03973,0.03067,0.04445,0.03281,0.03792,0.04379,0.03768,0.03346,0.03893,0.041,0.04211,0.04561,0.03909,0.04631,0.0481,0.04718,0.02878,0.04745,0.0297,0.04435,0.04919,0.03716,0.0429,0.04788,0.04558,0.04179,0.05537,0.05028,0.03606,0.05391,0.04657,0.05069,0.05329,0.04184,0.04649,0.03894,0.0365,0.0328,0.03342,0.03082
1987,0.0301,0.04334,0.04215,0.0446,0.03194,0.04035,0.03294,0.04769,0.05269,0.03108,0.03808,0.02479,0.04264,0.03774,0.0358,0.03287,0.02818,0.04265,0.02924,0.03908,0.04429,0.03544,0.04561,0.04612,0.04218,0.02995,0.0216,0.0397,0.03515,0.03712,0.06825,0.04655,0.03658,0.02878,0.0475,0.03679,0.03383,0.07024,0.03797,0.03879,0.04083,0.03707,0.04626,0.05589,0.02194,0.03649,0.03349,0.05388,0.04313,0.03659,0.04413,0.04407,0.04044,0.03634,0.0444,0.02514,0.04215,0.02973,0.03705,0.0308,0.04606,0.04949,0.04393,0.02746,0.02905,0.03125,0.04305,0.03999,0.03029,0.04399,0.03295,0.03848,0.04373,0.03717,0.03335,0.03853,0.04147,0.04202,0.04574,0.04063,0.04458,0.04739,0.04788,0.02872,0.04813,0.03008,0.04441,0.04832,0.03677,0.0423,0.04765,0.04554,0.0429,0.05381,0.04842,0.03563,0.05447,0.04709,0.04879,0.05162,0.04262,0.04477,0.0392,0.03548,0.03532,0.03299,0.03046
1988,0.02983,0.04192,0.0417,0.04478,0.0315,0.04047,0.03335,0.03736,0.05258,0.03402,0.03772,0.02506,0.04285,0.03774,0.0367,0.033,0.02807,0.04145,0.02947,0.04059,0.04392,0.03485,0.04635,0.0466,0.04267,0.02955,0.02188,0.0406,0.03462,0.03762,0.06592,0.04561,0.03751,0.02878,0.04688,0.03558,0.03375,0.06564,0.03792,0.03884,0.04104,0.0369,0.04597,0.05667,0.02166,0.03589,0.0341,0.05443,0.04377,0.03601,0.04442,0.04513,0.0404,0.03621,0.04376,0.02458,0.04222,0.02865,0.03802,0.03152,0.0453,0.04807,0.04322,0.02779,0.02919,0.0323,0.03958,0.04012,0.03033,0.04375,0.03298,0.03872,0.04399,0.03676,0.03325,0.03813,0.04194,0.04161,0.04613,0.04376,0.04304,0.04755,0.04893,0.02864,0.04816,0.03058,0.04515,0.04783,0.03646,0.04251,0.04789,0.04569,0.04258,0.05303,0.04796,0.03558,0.05413,0.04692,0.04981,0.05004,0.04122,0.04417,0.03924,0.03565,0.03434,0.03261,0.03004
1989,0.0298,0.04134,0.04162,0.04593,0.03104,0.04051,0.0335,0.0378,0.05037,0.03245,0.03715,0.0266,0.04289,0.0379,0.0373,0.033,0.02817,0.0397,0.03042,0.04193,0.04451,0.03483,0.04693,0.04654,0.04305,0.02938,0.0223,0.03979,0.0341,0.03724,0.06384,0.04452,0.03935,0.0293,0.04588,0.03569,0.03401,0.06829,0.04117,0.03888,0.0416,0.03658,0.04574,0.05811,0.02177,0.03515,0.03444,0.05514,0.04527,0.03549,0.04421,0.04547,0.04082,0.03642,0.04369,0.02453,0.0423,0.02795,0.03915,0.03344,0.0455,0.04796,0.04226,0.02863,0.02906,0.03548,0.03938,0.04028,0.03042,0.04338,0.03301,0.03913,0.04358,0.03613,0.03279,0.03815,0.04237,0.0472,0.047,0.04393,0.04207,0.04837,0.04929,0.02852,0.04859,0.03125,0.04571,0.04758,0.0365,0.04239,0.04766,0.04582,0.04197,0.05238,0.0488,0.03464,0.05247,0.04675,0.05004,0.04824,0.04089,0.04337,0.03936,0.03545,0.0358,0.03261,0.02982
1990,0.02958,0.04169,0.04168,0.04177,0.03118,0.04077,0.03325,0.03662,0.05417,0.03617,0.0367,0.02639,0.04258,0.03824,0.03784,0.03293,0.02841,0.04002,0.03074,0.04211,0.05507,0.03492,0.047,0.04692,0.04369,0.02982,0.02238,0.03999,0.03465,0.03738,0.06183,0.04453,0.03446,0.0299,0.04521,0.03632,0.03416,0.06707,0.04375,0.03852,0.04306,0.03664,0.04766,0.05726,0.02176,0.03595,0.0341,0.05592,0.04396,0.03475,0.04193,0.04411,0.04026,0.03711,0.04435,0.02466,0.04287,0.02714,0.04032,0.03533,0.04674,0.04845,0.04195,0.02945,0.02896,0.03659,0.03774,0.04145,0.03042,0.04298,0.03259,0.03938,0.04347,0.03582,0.03271,0.03845,0.04267,0.04376,0.04728,0.03673,0.04197,0.04881,0.0486,0.02904,0.04813,0.03204,0.04676,0.04751,0.03636,0.0419,0.04833,0.04574,0.04056,0.05247,0.04989,0.03502,0.05096,0.04696,0.04916,0.04689,0.04184,0.04285,0.03977,0.0345,0.03786,0.03189,0.0295
1991,0.02911,0.04218,0.04162,0.04494,0.03136,0.0416,0.03409,0.03603,0.0582,0.03474,0.03591,0.02606,0.04327,0.03849,0.03838,0.03276,0.02843,0.0413,0.0306,0.0421,0.05006,0.03446,0.04629,0.04855,0.0434,0.03011,0.02246,0.04019,0.03468,0.03716,0.05738,0.042,0.04095,0.03011,0.04838,0.03828,0.03445,0.06478,0.04477,0.03838,0.04414,0.03663,0.04692,0.06114,0.02178,0.03252,0.03488,0.05761,0.04534,0.03359,0.04214,0.04286,0.04,0.038,0.04464,0.02509,0.04375,0.02591,0.04052,0.03997,0.04564,0.04974,0.0433,0.03092,0.02866,0.03995,0.03647,0.0432,0.03068,0.04435,0.03132,0.03967,0.04408,0.03533,0.03381,0.03795,0.04297,0.04332,0.04748,0.03597,0.04364,0.04978,0.04793,0.02938,0.0484,0.03294,0.04783,0.04729,0.03637,0.04162,0.04791,0.04644,0.03964,0.05221,0.0532,0.03641,0.05052,0.0482,0.05017,0.04616,0.04349,0.04457,0.04035,0.03373,0.03707,0.03189,0.02942
1992,0.02878,0.04273,0.04209,0.04262,0.03203,0.04179,0.03521,0.0367,0.06091,0.03218,0.03571,0.02575,0.04418,0.03835,0.03873,0.03259,0.02842,0.03887,0.03036,0.0421,0.04416,0.03303,0.04889,0.04731,0.0433,0.0298,0.02249,0.04009,0.03412,0.03718,0.05775,0.03972,0.04402,0.03028,0.05016,0.0403,0.03434,0.06423,0.04541,0.03815,0.04673,0.03689,0.04551,0.06207,0.02158,0.03153,0.03558,0.05788,0.04537,0.03379,0.04174,0.04259,0.03997,0.03791,0.04522,0.02422,0.04398,0.02499,0.04246,0.03958,0.04785,0.05187,0.04476,0.03205,0.02818,0.04216,0.0356,0.04511,0.03089,0.04356,0.03058,0.03962,0.04327,0.0347,0.03497,0.03744,0.0431,0.04331,0.04713,0.03646,0.04418,0.05044,0.04804,0.02878,0.04766,0.03342,0.04835,0.0467,0.03634,0.04194,0.04848,0.04734,0.0386,0.05181,0.05635,0.03633,0.05069,0.04886,0.05035,0.04591,0.04662,0.04736,0.04043,0.03359,0.03605,0.03173,0.03035
1993,0.02938,0.04293,0.04219,0.04154,0.03122,0.04206,0.03623,0.03765,0.06254,0.03137,0.03539,0.02656,0.04363,0.03817,0.0386,0.03249,0.0287,0.03807,0.02999,0.04264,0.0419,0.03333,0.05014,0.0475,0.04324,0.0306,0.02238,0.03966,0.0338,0.03771,0.05695,0.03851,0.04662,0.0297,0.04976,0.04191,0.03428,0.06336,0.04921,0.03818,0.04745,0.03712,0.0449,0.06268,0.02245,0.03216,0.03587,0.05861,0.04401,0.03474,0.04142,0.04261,0.04058,0.03874,0.04532,0.02433,0.04444,0.02479,0.04163,0.04049,0.04849,0.05232,0.04421,0.03305,0.02852,0.04413,0.03523,0.04688,0.03058,0.04391,0.02952,0.03957,0.04278,0.03394,0.0362,0.03657,0.04375,0.04374,0.04622,0.0364,0.04472,0.05108,0.04755,0.02851,0.04832,0.03426,0.04833,0.04643,0.0365,0.04183,0.0492,0.04734,0.04026,0.05124,0.05736,0.03653,0.04983,0.05056,0.04967,0.04523,0.04822,0.05022,0.04022,0.03282,0.036,0.03168,0.03059
1994,0.0298,0.04187,0.04181,0.04063,0.03084,0.04183,0.0378,0.0393,0.06386,0.032,0.03442,0.02634,0.04364,0.03778,0.03868,0.03169,0.02878,0.03983,0.03022,0.04212,0.04134,0.03262,0.05384,0.04855,0.04305,0.03046,0.02217,0.03965,0.03328,0.03807,0.05501,0.03803,0.04368,0.02921,0.05117,0.04023,0.03426,0.06299,0.05054,0.03757,0.04737,0.03723,0.04518,0.06384,0.0227,0.03697,0.03512,0.05892,0.0423,0.03551,0.04071,0.04237,0.0402,0.03945,0.04486,0.02491,0.0448,0.02408,0.04247,0.04219,0.04946,0.05261,0.04703,0.03436,0.02895,0.0456,0.03443,0.04815,0.03004,0.04371,0.0286,0.03931,0.04253,0.03324,0.03802,0.03594,0.04455,0.0441,0.04545,0.03471,0.04533,0.05082,0.04637,0.0283,0.05139,0.03679,0.04867,0.04603,0.03593,0.04245,0.04851,0.04702,0.0413,0.05041,0.05749,0.0352,0.04847,0.05227,0.05186,0.04376,0.04802,0.05173,0.04017,0.03217,0.03683,0.03257,0.03084
1995,0.03039,0.04148,0.04146,0.04038,0.03067,0.04135,0.03876,0.03885,0.06406,0.0325,0.03497,0.02582,0.04464,0.03781,0.04019,0.03145,0.02899,0.0438,0.03059,0.04228,0.04149,0.0328,0.06048,0.04885,0.04305,0.03037,0.02184,0.03949,0.03313,0.03863,0.05433,0.03756,0.03327,0.02999,0.05144,0.0367,0.03416,0.06247,0.04989,0.03698,0.04872,0.03672,0.04581,0.06377,0.0228,0.03476,0.03462,0.05917,0.04126,0.0356,0.04019,0.04292,0.0403,0.04009,0.04414,0.02524,0.04569,0.02337,0.043,0.04322,0.04944,0.05288,0.04844,0.03497,0.029,0.04878,0.03891,0.04899,0.02943,0.04331,0.02771,0.03882,0.04269,0.03329,0.0394,0.03553,0.04531,0.04646,0.04518,0.03358,0.04596,0.05091,0.04618,0.02822,0.04841,0.03517,0.04912,0.0458,0.0353,0.04306,0.04795,0.0471,0.04311,0.04986,0.05641,0.03439,0.04792,0.05397,0.05121,0.04183,0.0474,0.05395,0.04014,0.03229,0.03578,0.03227,0.03126
1996,0.03059,0.04061,0.04127,0.03997,0.03087,0.04136,0.04083,0.03933,0.06624,0.03224,0.03474,0.02603,0.04499,0.03782,0.04003,0.03299,0.02889,0.04338,0.03034,0.04229,0.04256,0.03247,0.0646,0.04885,0.04357,0.03016,0.0218,0.03965,0.03248,0.03901,0.05659,0.03819,0.02827,0.02969,0.05274,0.03659,0.03424,0.06192,0.04984,0.03689,0.04892,0.03626,0.04667,0.0642,0.02287,0.03658,0.03374,0.06127,0.04057,0.03499,0.039,0.04305,0.04048,0.04031,0.04378,0.0253,0.04751,0.02291,0.04269,0.04416,0.04952,0.05487,0.04958,0.0366,0.02926,0.04932,0.03748,0.0505,0.02926,0.04317,0.02685,0.03821,0.04299,0.03272,0.03884,0.03511,0.04567,0.04914,0.04558,0.0352,0.04656,0.04891,0.04627,0.02823,0.04686,0.0361,0.04884,0.04597,0.03491,0.04332,0.04789,0.04752,0.04457,0.05003,0.05612,0.0342,0.04774,0.05465,0.0513,0.04261,0.04758,0.05498,0.04023,0.03222,0.03775,0.03237,0.03263
1997,0.0308,0.04085,0.04148,0.04058,0.03103,0.04123,0.04236,0.03804,0.06589,0.03179,0.03508,0.02569,0.04556,0.03773,0.04068,0.03202,0.02887,0.04283,0.03017,0.04183,0.04382,0.03235,0.06442,0.04883,0.04487,0.03012,0.02165,0.03939,0.03177,0.03875,0.05375,0.0373,0.03667,0.03058,0.05273,0.0368,0.03409,0.06097,0.05105,0.03686,0.04977,0.03603,0.04453,0.0623,0.02271,0.03832,0.034,0.06265,0.04049,0.03494,0.03817,0.04374,0.04061,0.04104,0.04419,0.02545,0.04928,0.02255,0.04231,0.04568,0.04866,0.05589,0.05152,0.03691,0.02903,0.05088,0.03559,0.05161,0.02879,0.04441,0.02623,0.03814,0.04338,0.03186,0.03916,0.03482,0.0464,0.05294,0.04497,0.03524,0.04708,0.04697,0.04693,0.02919,0.04614,0.03812,0.05028,0.04643,0.03482,0.04352,0.04805,0.04805,0.04573,0.04986,0.05819,0.0341,0.04679,0.05575,0.05138,0.04149,0.0475,0.05513,0.04019,0.0324,0.03488,0.03407,0.03288
1998,0.03123,0.04125,0.04176,0.04127,0.03145,0.04125,0.04372,0.0355,0.06633,0.03174,0.03679,0.02454,0.04594,0.03821,0.04068,0.03141,0.02891,0.04298,0.02986,0.04298,0.04688,0.03174,0.06496,0.04835,0.04618,0.02973,0.02156,0.03907,0.03051,0.03859,0.05333,0.03648,0.04173,0.03031,0.05162,0.03621,0.03414,0.06127,0.05016,0.03681,0.05079,0.03564,0.04374,0.0614,0.02352,0.03967,0.03349,0.06263,0.03795,0.03511,0.03777,0.04378,0.04073,0.04172,0.04535,0.02577,0.04943,0.02262,0.04285,0.04679,0.04829,0.06038,0.05334,0.03694,0.02862,0.05359,0.03492,0.05182,0.02859,0.04405,0.02557,0.03835,0.04329,0.03131,0.03966,0.03479,0.04637,0.05326,0.0454,0.03607,0.04791,0.04537,0.04737,0.03027,0.04561,0.03928,0.05156,0.04686,0.03472,0.04326,0.04772,0.04766,0.04654,0.04995,0.06055,0.03322,0.04788,0.05645,0.05323,0.03989,0.04618,0.05422,0.04007,0.03335,0.0326,0.03546,0.03261
1999,0.03179,0.04051,0.04231,0.04057,0.03286,0.04162,0.0451,0.03833,0.06705,0.03187,0.0391,0.02656,0.04662,0.03878,0.03972,0.03052,0.02876,0.04296,0.02965,0.04296,0.04974,0.03173,0.06718,0.05095,0.04772,0.02984,0.02159,0.03948,0.03106,0.03925,0.05281,0.03622,0.04502,0.03038,0.053,0.03627,0.03442,0.06405,0.04978,0.03699,0.0522,0.03563,0.04547,0.05898,0.02322,0.04468,0.03457,0.06208,0.03635,0.03577,0.03823,0.04358,0.0411,0.0415,0.04524,0.02572,0.05013,0.02263,0.0424,0.04837,0.04771,0.05912,0.05397,0.03734,0.02887,0.05369,0.0347,0.05257,0.02819,0.04465,0.02533,0.03864,0.04313,0.03096,0.04001,0.03544,0.04578,0.05959,0.04486,0.03746,0.04609,0.04466,0.04547,0.03066,0.04472,0.04014,0.05083,0.04804,0.03463,0.04348,0.04901,0.04857,0.04753,0.05064,0.05885,0.03412,0.0497,0.05657,0.05456,0.03943,0.04524,0.05418,0.04043,0.03384,0.03262,0.03795,0.03343
2000,0.03219,0.04045,0.04251,0.03996,0.03455,0.04225,0.04605,0.03951,0.0677,0.03158,0.03875,0.02651,0.04694,0.03973,0.04079,0.03046,0.02886,0.04261,0.0296,0.04168,0.04505,0.03195,0.0661,0.05042,0.05043,0.02976,0.02152,0.04019,0.03076,0.03872,0.05238,0.03577,0.04538,0.03018,0.05192,0.03639,0.03514,0.06309,0.04948,0.03743,0.04877,0.03608,0.04556,0.05765,0.02339,0.04922,0.0346,0.06291,0.03943,0.03757,0.0394,0.04452,0.04131,0.04079,0.04492,0.02604,0.05007,0.02253,0.04398,0.04903,0.04773,0.05721,0.05515,0.03787,0.02874,0.05626,0.03403,0.05407,0.02725,0.04606,0.02493,0.03923,0.04364,0.03068,0.04094,0.036,0.0451,0.058,0.04363,0.03717,0.04308,0.04437,0.04514,0.03122,0.04376,0.04093,0.05048,0.04844,0.03464,0.04343,0.04986,0.04953,0.04795,0.05134,0.05797,0.03299,0.04995,0.05744,0.05313,0.03914,0.04519,0.05378,0.04119,0.0342,0.03202,0.0444,0.03309
2001,0.03241,0.04078,0.04289,0.03893,0.03528,0.04256,0.04617,0.0367,0.0677,0.03166,0.03877,0.02651,0.04617,0.0403,0.0408,0.02995,0.02648,0.04181,0.02981,0.04226,0.04323,0.03136,0.06422,0.04929,0.04981,0.02995,0.02124,0.04027,0.03114,0.03736,0.05231,0.0352,0.04413,0.03034,0.05231,0.03613,0.03551,0.0621,0.04727,0.03804,0.05159,0.03645,0.04895,0.05671,0.02332,0.05003,0.03556,0.06282,0.03862,0.03811,0.04025,0.04534,0.04191,0.04048,0.04494,0.02651,0.04954,0.02287,0.04409,0.04949,0.04732,0.05722,0.05553,0.03929,0.02892,0.05595,0.03425,0.05405,0.02875,0.04544,0.02449,0.0391,0.04339,0.02991,0.04224,0.03606,0.04436,0.05873,0.04198,0.03636,0.04076,0.04421,0.04635,0.0316,0.04281,0.03966,0.05121,0.04842,0.03471,0.04387,0.05014,0.05006,0.04707,0.05378,0.05753,0.03247,0.04847,0.05705,0.05494,0.03805,0.04489,0.05316,0.04165,0.03406,0.03148,0.04484,0.03437
2002,0.03657,0.03982,0.04348,0.03815,0.03616,0.043,0.04627,0.03495,0.0669,0.03183,0.03828,0.02646,0.04827,0.04065,0.04092,0.02954,0.0258,0.04098,0.0301,0.04318,0.04097,0.03088,0.06261,0.04926,0.04872,0.02999,0.0209,0.04077,0.03149,0.03696,0.05096,0.03458,0.05274,0.03049,0.05277,0.03658,0.03582,0.06034,0.04926,0.03842,0.05563,0.03611,0.04768,0.0543,0.02333,0.05013,0.03622,0.06291,0.03816,0.03909,0.0406,0.04576,0.04211,0.04059,0.04498,0.02678,0.0506,0.02338,0.04465,0.05225,0.04701,0.05719,0.05717,0.04012,0.02982,0.05565,0.03523,0.05306,0.02819,0.04591,0.02443,0.03893,0.04326,0.03011,0.04211,0.03604,0.04358,0.05904,0.04097,0.03553,0.04013,0.04395,0.04606,0.03213,0.04211,0.04,0.05209,0.04865,0.03472,0.04271,0.05052,0.05051,0.04765,0.05367,0.05723,0.03207,0.04966,0.05656,0.05277,0.03708,0.04348,0.05304,0.04164,0.03604,0.03286,0.04647,0.03565
2003,0.0344,0.03814,0.04339,0.0369,0.03652,0.04309,0.04585,0.03604,0.06715,0.03186,0.0374,0.02548,0.04849,0.0403,0.04217,0.02937,0.03183,0.04045,0.03032,0.04325,0.03912,0.03065,0.05982,0.04875,0.04777,0.03013,0.02084,0.04087,0.03181,0.03753,0.04911,0.03391,0.05229,0.03081,0.05279,0.03633,0.0354,0.05915,0.04452,0.03818,0.05403,0.03632,0.047,0.05288,0.02315,0.04948,0.03557,0.06268,0.03685,0.0399,0.03924,0.04535,0.0421,0.04063,0.04404,0.02678,0.05038,0.02405,0.04401,0.05014,0.04547,0.05617,0.05791,0.03883,0.02914,0.05393,0.0351,0.05077,0.0299,0.04686,0.02429,0.03838,0.04284,0.03047,0.04202,0.03571,0.04274,0.05372,0.03952,0.03411,0.03977,0.04345,0.04562,0.03224,0.04186,0.04069,0.05205,0.0485,0.03423,0.04142,0.04892,0.0507,0.04772,0.05318,0.05659,0.03206,0.04826,0.05506,0.05132,0.03612,0.04242,0.05161,0.04095,0.03709,0.03357,0.04773,0.0383
2004,0.03304,0.03738,0.0432,0.03565,0.03703,0.04291,0.04584,0.03532,0.06652,0.03189,0.03698,0.02579,0.04678,0.04002,0.04145,0.02884,0.03396,0.039,0.03135,0.0433,0.03564,0.03029,0.05643,0.04857,0.04629,0.02988,0.02093,0.04078,0.03127,0.03751,0.04724,0.03382,0.05433,0.03042,0.05387,0.03638,0.03495,0.0567,0.05026,0.03794,0.05345,0.03688,0.04543,0.05007,0.02327,0.05517,0.03443,0.06314,0.03418,0.04153,0.03834,0.04477,0.04165,0.04056,0.04349,0.02661,0.04895,0.02439,0.04322,0.0492,0.04421,0.05592,0.05923,0.0388,0.02739,0.05259,0.03545,0.04963,0.03082,0.04529,0.02417,0.03825,0.04286,0.03075,0.04526,0.03498,0.04249,0.05274,0.03854,0.03292,0.03954,0.04267,0.04459,0.03287,0.04182,0.03914,0.05122,0.04892,0.03376,0.0409,0.0472,0.05066,0.04769,0.05222,0.05639,0.0318,0.05039,0.05338,0.0501,0.03542,0.04143,0.0501,0.03985,0.03489,0.03308,0.04884,0.04067
2005,0.03189,0.03691,0.04296,0.03512,0.03775,0.04274,0.04515,0.03807,0.06471,0.03202,0.03662,0.02771,0.04713,0.03965,0.04246,0.02829,0.03404,0.03822,0.0322,0.04357,0.03394,0.02995,0.05192,0.04821,0.04495,0.03005,0.02083,0.0409,0.03038,0.03717,0.04683,0.03374,0.05456,0.03086,0.05244,0.03531,0.03494,0.05337,0.05088,0.03773,0.05479,0.03776,0.04558,0.04733,0.02329,0.05423,0.03342,0.06294,0.03264,0.0432,0.03783,0.04463,0.04105,0.04069,0.04312,0.02705,0.04704,0.02467,0.0426,0.05046,0.04282,0.0549,0.06037,0.03796,0.02937,0.05149,0.03511,0.04824,0.03112,0.04511,0.02428,0.03792,0.04279,0.0309,0.04506,0.03457,0.04173,0.05107,0.03862,0.03236,0.03877,0.04194,0.04358,0.03379,0.04128,0.03673,0.05169,0.04947,0.03322,0.04101,0.04702,0.05052,0.0479,0.05234,0.05643,0.03148,0.04922,0.05123,0.05049,0.03483,0.04102,0.04838,0.03871,0.03333,0.03261,0.05078,0.04039
2006,0.03115,0.03663,0.04288,0.03406,0.03798,0.0428,0.04369,0.04256,0.06268,0.03203,0.03677,0.02956,0.04543,0.03962,0.04148,0.02798,0.03485,0.03837,0.03265,0.04356,0.03302,0.03019,0.04706,0.04729,0.04327,0.02996,0.02075,0.03996,0.02951,0.03728,0.04596,0.0331,0.05496,0.03102,0.05179,0.03523,0.03446,0.05175,0.0506,0.03732,0.0556,0.03728,0.0448,0.04741,0.02343,0.054,0.03403,0.06307,0.0317,0.04502,0.03744,0.04447,0.04075,0.04069,0.04301,0.02911,0.04679,0.02444,0.04283,0.04946,0.04187,0.05476,0.06123,0.03773,0.03521,0.04938,0.03426,0.04618,0.03175,0.04404,0.02428,0.03737,0.04327,0.03138,0.04291,0.03436,0.04105,0.04909,0.03809,0.03188,0.03938,0.04126,0.04284,0.0344,0.0408,0.03525,0.05116,0.04993,0.03278,0.04028,0.04666,0.05037,0.04792,0.05255,0.05745,0.03122,0.05346,0.04749,0.05138,0.03466,0.04032,0.04724,0.0378,0.03343,0.03164,0.05134,0.03964
2007,0.0305,0.03539,0.04232,0.03373,0.038,0.04275,0.04242,0.04307,0.05942,0.03223,0.03682,0.03137,0.04513,0.03981,0.0401,0.02775,0.0338,0.03836,0.03214,0.04426,0.03313,0.03054,0.04317,0.04812,0.04155,0.02974,0.02074,0.04058,0.02915,0.0373,0.04503,0.03277,0.0532,0.0319,0.05184,0.03419,0.03427,0.0504,0.05066,0.03675,0.05611,0.0374,0.04491,0.04648,0.02346,0.05361,0.03537,0.06373,0.03105,0.04587,0.0375,0.04452,0.04059,0.0414,0.04295,0.03113,0.04759,0.02406,0.04218,0.04772,0.04251,0.05526,0.06181,0.03761,0.03732,0.04935,0.03365,0.04495,0.03235,0.04374,0.02448,0.03739,0.04311,0.03243,0.04495,0.03464,0.04131,0.04648,0.03803,0.03169,0.03891,0.04075,0.04255,0.03499,0.04011,0.03428,0.05118,0.05062,0.03283,0.0402,0.0466,0.05065,0.04851,0.05258,0.05797,0.03122,0.05412,0.04538,0.05202,0.03467,0.03936,0.04739,0.03788,0.0341,0.02957,0.05093,0.03889
2008,0.02663,0.03633,0.04189,0.03319,0.03898,0.04311,0.04214,0.04388,0.05768,0.03249,0.03652,0.03308,0.04515,0.03966,0.04066,0.02763,0.03314,0.03825,0.03166,0.04481,0.0336,0.03065,0.04114,0.04732,0.03992,0.0298,0.02098,0.04105,0.02939,0.03733,0.04478,0.03316,0.05134,0.03218,0.04973,0.03419,0.0343,0.04895,0.05074,0.03673,0.05689,0.03797,0.0445,0.04425,0.02413,0.05466,0.03533,0.06504,0.03015,0.04565,0.03825,0.04541,0.04079,0.04178,0.04292,0.03165,0.04856,0.02375,0.04252,0.04515,0.0433,0.05557,0.06356,0.038,0.03792,0.04831,0.03363,0.04534,0.03243,0.04332,0.02464,0.03716,0.04342,0.0329,0.04812,0.03511,0.04128,0.04594,0.03741,0.03204,0.03711,0.04041,0.04261,0.03635,0.04026,0.03426,0.04996,0.05114,0.03335,0.03931,0.04734,0.05083,0.04948,0.05303,0.05797,0.03074,0.05414,0.04378,0.05328,0.03524,0.04002,0.04789,0.03829,0.03449,0.03134,0.05123,0.03807
2009,0.02781,0.03634,0.04184,0.03281,0.03935,0.04347,0.04186,0.04605,0.0574,0.0333,0.03564,0.03347,0.04587,0.03995,0.04174,0.02757,0.03156,0.04037,0.0307,0.04512,0.03443,0.03222,0.03912,0.04801,0.03854,0.03025,0.0213,0.04169,0.03044,0.0367,0.04828,0.03343,0.04848,0.03198,0.04961,0.03467,0.03485,0.04789,0.04975,0.03703,0.06203,0.03908,0.04504,0.04739,0.02468,0.05804,0.03566,0.06551,0.03059,0.04661,0.04,0.0463,0.04102,0.04224,0.04344,0.03302,0.04981,0.02443,0.04344,0.04837,0.04546,0.05376,0.06419,0.038,0.04065,0.04646,0.03393,0.04562,0.03308,0.04332,0.02483,0.03745,0.04437,0.03373,0.04913,0.0356,0.04209,0.04797,0.0382,0.03456,0.03713,0.04057,0.04245,0.03774,0.04238,0.03349,0.04987,0.05221,0.03481,0.0386,0.04947,0.05105,0.0489,0.05277,0.05883,0.03046,0.05451,0.0426,0.05343,0.03577,0.04088,0.04875,0.03942,0.03587,0.03282,0.05192,0.03745
2010,0.02834,0.03614,0.04165,0.0324,0.03905,0.04395,0.04203,0.04712,0.05578,0.0333,0.03625,0.03396,0.04619,0.03907,0.04091,0.02757,0.03135,0.04026,0.03075,0.0454,0.03443,0.03289,0.03561,0.04727,0.03769,0.03007,0.0214,0.04181,0.02998,0.03719,0.04848,0.03267,0.04878,0.03224,0.04832,0.03465,0.03454,0.04592,0.04865,0.03679,0.06013,0.0396,0.04462,0.0478,0.02535,0.05728,0.03464,0.06596,0.02981,0.047,0.04144,0.0462,0.0404,0.0419,0.04337,0.03207,0.04996,0.02456,0.04218,0.04812,0.0479,0.05551,0.06582,0.0373,0.0417,0.04541,0.03402,0.04608,0.03445,0.04342,0.02471,0.03725,0.04354,0.03515,0.05229,0.03576,0.04206,0.04703,0.03782,0.03449,0.03699,0.04025,0.04222,0.03735,0.04331,0.03398,0.04822,0.05226,0.03451,0.03704,0.04878,0.05126,0.04826,0.05135,0.05828,0.03058,0.05381,0.04173,0.05186,0.03599,0.04029,0.04906,0.03945,0.03627,0.03343,0.05028,0.03605
2011,0.02912,0.03543,0.04128,0.03188,0.03789,0.04353,0.04107,0.04727,0.05412,0.03349,0.03649,0.03416,0.04547,0.03826,0.04123,0.02772,0.03102,0.03975,0.03096,0.04572,0.03423,0.03393,0.03384,0.04576,0.037,0.02997,0.02148,0.0412,0.03042,0.03824,0.04875,0.03199,0.04788,0.03303,0.04787,0.03401,0.03412,0.04419,0.04833,0.03639,0.05984,0.03979,0.04419,0.04684,0.02607,0.05663,0.03376,0.06529,0.0288,0.04645,0.04175,0.04594,0.04007,0.04102,0.04309,0.03139,0.05036,0.02428,0.04151,0.0477,0.05162,0.05597,0.06774,0.03677,0.0436,0.04425,0.03406,0.04509,0.03402,0.043,0.02519,0.03693,0.04274,0.03779,0.05721,0.03524,0.04163,0.04581,0.03795,0.0354,0.03635,0.03981,0.04207,0.03703,0.044,0.03314,0.04767,0.05142,0.03433,0.03691,0.04869,0.05126,0.04788,0.05146,0.05805,0.03108,0.05284,0.04203,0.05134,0.03658,0.04003,0.04964,0.03909,0.03684,0.03299,0.04901,0.03628
