,United States,AL,AZ,AR,CA,CO,CT,DE,DC,FL,GA,ID,IL,IN,IA,KS,KY,LA,ME,MD,MA,MI,MN,MS,MO,MT,NE,NV,NH,NJ,NM,NY,NC,ND,OH,OK,OR,PA,RI,SC,SD,TN,TX,UT,VT,VA,WA,WV,WI,WY
1929,7063.46,3223.52,6042.85,3051.74,10034.36,6366.21,10398.14,10418.35,13369.04,5244.54,3466.05,5042.44,9599.84,6103.48,5759.9,5315.28,3920.78,4132.98,6052.95,7831.45,9205.74,8003.23,6002.43,2799.11,6255.05,5982.22,5901.37,8831.85,6952.3,9296.69,4092.56,11681.49,3304.37,3809.62,7801.13,4537.19,6719.89,7841.55,8902.59,2698.06,4193.61,3769.2,4779.71,5537.59,6366.21,4395.72,7477.77,4628.13,6770.41,6790.62
1930,6512.85,2758.26,5432.62,2349.24,9323.54,6019.93,9711.59,8998.43,13780.81,4897.75,3177.77,5117.99,8495.02,5369.69,5243.84,4824.33,3377.03,3702.15,6009.44,7561.62,8830.62,6890.4,5736.76,2066.07,5873.1,5254.33,5348.72,8746.72,6785.53,8914.53,3481.91,10917.67,3009.96,3230.2,6963.82,3828.0,6345.04,7519.66,8327.22,2506.55,3744.1,3366.54,4268.48,5180.91,5998.95,4058.73,6890.4,4268.48,6124.8,6103.83
1931,6171.83,2571.6,5026.3,2419.64,8801.87,5517.24,9421.39,9059.03,14646.41,4640.56,2969.02,4278.2,7866.74,5084.75,4628.87,4605.49,3354.76,3682.06,5751.02,7551.14,8953.83,6312.1,5341.91,1975.45,5715.96,4523.67,4780.83,7773.23,6545.88,8661.6,3354.76,10379.89,2852.13,2279.37,6592.64,3436.59,5879.6,7071.89,8392.75,2372.88,2828.76,3191.12,4032.73,4348.33,5505.55,4336.65,6241.96,4137.93,5482.17,5575.69
1932,5322.39,2105.12,4249.97,2012.45,7732.03,4713.36,8301.34,7824.71,14656.43,4197.01,2608.24,3548.26,6474.25,4077.85,3879.25,3535.02,2753.87,3151.07,5031.11,6911.16,8221.9,5216.47,4779.56,1615.25,4832.52,4422.08,3998.41,7374.55,5679.86,7837.95,2753.87,9082.48,2422.88,2356.68,5335.63,2820.07,4991.39,6024.1,7718.79,2065.4,2502.32,2568.52,3468.82,4024.89,4792.8,3786.57,5322.39,3389.38,4792.8,4964.91
1933,5105.51,2232.81,4206.94,2083.05,7474.47,4805.99,8032.68,7705.92,12865.9,3934.65,2750.17,3104.15,5990.47,4002.72,3430.91,3417.29,2777.4,3076.92,5078.28,6453.37,7719.54,4737.92,4220.56,1715.45,4547.31,4070.8,3716.81,6793.74,5718.18,7188.56,2872.7,8631.72,2763.78,2055.82,5268.89,2995.23,4860.45,5759.02,7733.15,2341.73,1851.6,2736.56,3458.13,4043.57,4588.16,3893.81,5119.13,3512.59,4533.7,5064.67
1934,5510.39,2671.31,4671.57,2348.69,7807.46,4787.71,8530.13,8349.46,12427.41,4490.9,3110.08,5020.0,6555.68,4607.05,3497.23,3716.61,2993.93,3393.99,5394.24,6852.5,7962.32,5858.82,4632.86,2155.12,4749.0,4710.29,3406.89,7226.74,6181.44,7446.12,3174.6,8878.56,3187.51,2374.5,5897.54,3226.22,5626.53,6284.68,7846.17,2671.31,2439.02,3122.98,3755.32,4052.14,4916.76,4168.28,5703.96,4039.23,4903.86,5342.62
1935,6031.87,2731.41,5260.5,2579.67,8409.21,5627.21,9041.48,8915.02,13037.43,4779.97,3376.33,4982.3,7283.76,5298.43,5285.79,4552.35,3338.39,3654.53,5500.76,7056.15,8257.46,6727.36,5677.79,2200.3,5311.08,6006.58,5108.75,8434.5,6360.65,7979.26,3705.11,9256.45,3376.33,3426.91,6562.97,3743.05,5804.25,6626.2,8282.75,2883.16,3856.85,3325.75,4109.76,4944.36,5235.2,4476.48,6208.9,4274.15,5829.54,6297.42
1936,6736.66,3112.11,5774.28,3037.12,9711.29,6761.65,10186.23,10886.14,14285.71,5661.79,3749.53,5824.27,8173.98,6011.75,4886.89,4836.9,3662.04,4099.49,6361.7,7836.52,9061.37,7761.53,5911.76,2774.65,5836.77,5974.25,4924.38,10561.18,6761.65,8936.38,4286.96,10236.22,3674.54,2974.63,7461.57,4024.5,6824.15,7599.05,9011.37,3199.6,3087.11,3774.53,4649.42,5786.78,5861.77,4924.38,7124.11,4886.89,6474.19,6899.14
1937,6936.62,3186.77,6050.08,3031.03,9608.24,6397.51,10410.93,11441.24,14496.23,5882.35,3737.87,5043.73,8793.58,6541.27,6145.92,5115.61,4061.34,4217.08,6145.92,8074.76,8889.42,8230.5,6445.43,2635.68,6074.04,6157.9,4947.89,9284.77,6828.8,9021.21,4336.89,10159.34,3845.69,3881.63,7799.21,4480.65,6661.08,7703.37,8877.44,3246.68,3845.69,3977.48,5007.79,5355.22,5810.47,5103.63,7200.19,5019.77,6601.17,7260.09
1938,6548.28,2984.34,5907.02,2811.69,9618.94,6264.64,9606.61,9865.58,14070.79,5746.7,3551.61,5191.76,8040.45,5820.69,5549.39,4723.15,3650.27,4279.2,5870.02,7929.46,8422.74,7078.55,6079.66,2417.07,5870.02,6350.97,4957.45,9680.6,6622.27,8681.71,4168.21,9877.91,3588.61,3477.62,6979.9,4254.53,6548.28,7029.23,8422.74,3058.33,3909.24,3674.93,4982.12,5500.06,5635.71,4858.8,7189.54,4575.16,6264.64,6905.91
1939,6983.69,3124.61,6112.29,3062.37,9846.88,6460.85,10544.01,11290.92,14490.23,6249.22,3834.18,5365.37,8838.54,6448.4,5825.97,4755.38,3796.84,4469.07,6224.32,8377.94,9149.76,7817.75,6435.95,2502.18,6274.12,6597.78,4967.01,10755.63,7045.94,9423.63,4431.72,10431.97,3883.98,3933.77,7718.16,4332.13,7095.73,7581.23,9099.96,3423.38,4244.99,3859.08,5191.09,5726.38,6112.29,5365.37,7680.82,4854.97,6411.05,7294.91
1940,7379.17,3455.91,6223.1,3160.74,10527.61,6739.64,11437.71,12753.66,15004.3,6530.56,4156.93,5632.76,9322.35,6788.83,6075.51,5226.91,3960.15,4488.99,6542.86,8879.6,9740.5,8399.95,6444.47,2607.31,6395.28,6961.01,5399.09,11093.35,7194.69,10195.55,4636.58,10859.67,3972.45,4329.11,8166.28,4599.68,7514.45,8104.78,9420.74,3861.76,4390.6,4169.23,5386.79,5952.53,6370.68,5903.33,8203.17,5030.13,6739.64,7403.76
1941,8410.14,4366.36,7476.96,3963.13,11923.96,7546.08,13352.53,13571.43,14642.86,7304.15,4976.96,6831.8,10368.66,8364.06,6947.0,6405.53,4619.82,5357.14,7384.79,10311.06,10610.6,9608.29,7096.77,3629.03,7442.4,8156.68,6313.36,11532.26,8283.41,11163.59,5483.87,11658.99,4953.92,6002.3,9539.17,5023.04,9470.05,9055.3,11036.87,4781.11,5414.75,5069.12,6198.16,6923.96,7488.48,7073.73,10195.85,5760.37,7753.46,9124.42
1942,9926.35,5678.3,10171.84,5240.69,14131.71,9776.92,15359.16,13992.96,15732.74,8933.72,6318.71,9808.94,11185.83,9798.27,8837.66,9179.21,5881.1,6585.55,9317.96,12349.24,11762.19,11292.56,8528.12,4867.11,8730.92,9616.82,8784.29,16992.21,9285.94,12648.09,7001.81,12712.14,6276.02,7023.16,11015.05,6820.37,12082.4,10299.93,12690.79,6190.63,8058.49,6083.89,7919.74,9680.86,8346.68,9040.45,13160.42,6585.55,9307.29,10395.99
1943,11567.13,6901.48,10668.71,5839.71,16222.56,10893.31,16539.05,15211.84,16641.14,10791.22,7646.76,10617.66,13047.47,11740.68,10444.1,10842.27,7320.06,8279.73,11495.66,13517.1,13231.24,13996.94,9739.66,5635.53,9994.9,11791.73,10505.36,15824.4,10229.71,14844.31,8198.06,14466.56,7279.22,9790.71,12996.43,8187.85,14323.63,11934.66,12720.78,6891.27,8708.52,7605.92,9903.01,11893.82,9657.99,9055.64,15385.4,7636.55,10872.89,11955.08
1944,12147.2,7509.72,10731.03,6961.2,16116.49,10830.76,16176.32,15238.86,16655.03,11508.93,8497.06,11070.11,14012.17,12047.47,10012.96,11788.17,7759.05,8935.87,11199.76,13553.41,13264.19,13992.22,10092.75,6402.71,10790.86,11818.09,10980.35,15218.91,10780.89,15707.59,9055.55,15647.75,7759.05,10172.53,13264.19,9614.04,13982.25,12685.75,13084.67,7509.72,9733.72,8766.33,10651.24,10750.97,9594.1,9354.74,15528.07,8267.68,11129.95,12386.56
1945,12257.0,7766.33,11168.35,7319.21,15756.22,11790.44,15474.34,15075.82,17039.27,11809.88,8738.34,11119.75,14463.45,12286.16,10643.47,11459.95,7921.85,8825.82,10701.79,13112.36,13433.13,13034.6,10867.03,6220.84,11148.91,11780.72,11625.19,16115.86,11061.43,15629.86,9438.18,16349.14,8116.25,10079.7,13238.72,9603.42,13335.93,12684.68,12801.32,7503.89,10526.83,9000.78,10517.11,11207.23,10176.91,9593.7,14103.81,8748.06,11576.59,12383.36
1946,11008.78,6576.0,9743.5,6541.57,14692.72,10604.23,13788.95,13590.98,15725.6,10337.41,7393.7,10363.23,13349.97,10432.09,10655.88,9829.57,7195.73,7281.8,9889.83,11645.72,12256.84,11525.22,10277.16,5319.33,10328.8,11275.61,10216.9,15389.91,10061.97,13324.15,8151.14,14864.86,7540.02,9295.92,11404.72,8271.65,11972.8,11241.18,12101.91,6817.01,9648.82,7583.06,9132.38,9657.43,9442.24,9046.31,12334.31,8022.03,10457.91,11749.01
1947,10405.84,6285.4,9303.95,5742.22,13393.34,10654.15,13362.3,13013.11,14580.59,9288.43,6952.74,9878.17,12819.12,10211.84,9404.83,10118.72,6758.75,6906.18,9179.79,10755.02,11321.49,11437.88,9870.41,5191.28,9552.26,11484.44,9854.89,13913.25,9575.54,12330.26,7969.27,13610.62,7030.34,11383.56,10956.78,8000.31,11763.79,10700.71,11554.28,6231.09,9730.74,6960.5,8954.76,9288.43,8784.05,8163.27,11887.95,8039.11,10079.93,11732.75
1948,10650.5,6497.61,9886.07,6490.26,13274.53,10856.3,12789.42,12377.8,15626.61,9084.9,7350.24,9871.37,13406.84,10679.9,11914.74,9930.17,7379.64,7519.29,9239.25,11363.47,11275.27,11466.37,10650.5,5865.49,10113.93,12039.69,11370.82,13164.28,9614.11,12252.85,8452.77,13171.63,7431.09,10768.1,11370.82,8438.07,12238.15,10606.39,10797.5,6828.37,11069.46,7144.43,8967.29,9423.01,8849.69,8849.69,12252.85,8151.41,10525.54,11988.24
1949,10360.06,6185.11,9807.82,6037.85,13180.18,10787.13,12377.59,13305.35,16898.61,9152.49,7260.14,9476.47,12502.76,10021.35,10021.35,9682.64,6950.89,7967.01,8843.24,11332.01,11059.57,11206.83,9807.82,5227.89,9807.82,10544.14,10028.72,13585.16,9505.93,12068.33,8703.34,12863.56,7223.33,9086.22,10765.04,8718.06,11979.97,10374.79,10411.6,6538.55,8276.27,7083.43,9704.73,9491.2,8313.08,8740.15,12119.87,7503.13,10205.43,12465.95
1950,11160.42,6707.89,10170.97,6198.62,14092.4,11415.06,13939.61,15183.7,17686.43,9799.93,7937.43,9749.0,13459.44,11124.05,11189.52,10789.38,7297.2,8243.0,8817.75,12375.41,12280.83,12484.54,10498.36,5674.79,10461.99,12200.8,11524.19,15009.09,9930.88,13233.9,9116.04,13655.87,7988.36,10120.04,11764.28,8490.36,12229.9,11342.31,11655.15,6882.5,9457.98,7588.21,10127.32,10076.39,8519.46,9676.25,12993.82,7668.24,10978.54,12935.61
1951,11586.03,7298.18,11334.6,6605.06,14650.72,12666.49,14868.17,14779.83,17328.08,9778.47,8460.18,10315.3,13930.42,11715.14,11191.9,11035.61,7998.1,8392.23,9146.51,12863.55,12639.3,12877.14,10804.57,5884.75,10702.64,12449.04,11334.6,15547.7,10396.85,13753.74,9533.84,13780.92,8297.09,10084.26,12557.76,8990.21,12646.1,11728.73,12082.09,7896.17,10349.28,7767.06,10356.08,10831.75,9146.51,10301.71,13216.91,8038.87,11851.05,13651.81
1952,11982.37,7614.21,11815.39,6986.37,15315.26,13044.35,15569.06,15148.28,17986.91,10259.15,8856.53,11194.23,14126.37,11962.33,11635.05,12463.26,8422.39,8749.67,9845.04,13605.4,12990.92,13244.72,10987.18,6151.48,11234.3,12383.12,12009.08,16611.01,10720.01,14313.38,10005.34,13926.0,8415.71,9036.87,12897.41,9631.31,12990.92,12055.84,12249.53,8302.16,9076.94,8035.0,10733.37,11027.25,9297.36,10806.84,13698.9,8342.24,12075.87,13177.93
1953,12350.73,7903.94,11671.18,7178.2,15405.42,12416.71,16005.81,15603.35,17140.6,10780.5,9065.12,10397.84,14745.66,12924.72,11057.6,11750.35,8788.02,9078.31,9817.25,13940.75,13168.83,14501.55,11380.88,6307.32,11631.59,12152.8,11262.12,16771.13,11116.98,14923.8,10061.36,14336.61,8629.68,9065.12,13465.73,10041.56,12885.14,12614.63,12733.39,8444.94,9790.86,8603.29,10839.88,10938.84,9526.95,10892.66,14198.06,8438.35,12172.59,13149.04
1954,12138.84,7661.13,11491.7,7216.63,15119.62,12138.84,15590.27,15302.65,17106.81,10622.3,8863.9,10413.13,14413.65,11870.83,11851.22,12034.25,8602.43,8942.35,9752.91,13282.78,12916.72,13518.11,11393.65,6203.43,11478.62,11812.0,11740.1,16426.98,11360.96,14681.66,10112.43,14407.11,8726.63,9203.82,12962.48,9850.96,12472.22,12053.86,12629.1,7948.75,9850.96,8530.53,11001.44,10661.52,9635.25,10988.36,14158.71,8033.73,11642.04,12570.27
1955,12558.65,8425.99,11716.69,7751.14,15862.2,12552.22,16151.42,16427.79,16813.42,11176.81,9518.61,10469.82,14788.87,12314.42,10881.16,11581.72,8830.9,9145.83,10469.82,13779.81,13619.13,14326.11,11633.14,6889.9,11890.22,12436.53,10881.16,16871.26,11960.92,14936.69,10482.68,14955.97,9049.42,9923.52,13548.43,10045.63,13002.12,12423.68,13117.81,8213.9,8920.88,8708.79,11273.22,11106.11,9917.09,11305.35,14152.58,8509.54,12115.17,12790.03
1956,12814.62,8688.09,11975.64,7867.75,16071.1,12740.04,16947.36,17463.18,17593.69,11596.54,9682.43,10987.51,15455.84,12547.39,11068.3,11633.83,9060.97,9539.49,10682.99,14200.48,13951.9,14101.05,11540.61,6705.61,12050.21,12255.3,10682.99,16139.46,12075.07,15368.84,10670.56,15225.9,9185.26,10042.88,13697.1,10229.32,13175.07,12951.34,12938.91,8159.84,9129.33,9036.11,11434.96,11323.1,10434.4,11403.89,14026.47,9228.76,12435.52,13050.77
1957,12878.2,8824.06,11867.67,7729.32,16072.18,13221.05,17172.93,16306.77,17618.05,11494.74,9545.86,11019.55,15380.45,12354.89,11831.58,11837.59,9112.78,9936.84,10694.74,14315.79,14159.4,13840.6,11729.32,6562.41,11921.8,12234.59,12012.03,16114.29,12384.96,15512.78,11043.61,15398.5,8830.08,10009.02,13636.09,10321.8,12673.68,13215.04,12679.7,8084.21,10424.06,9100.75,11524.81,11639.1,10508.27,11266.17,14147.37,9648.12,12451.13,13329.32
1958,12722.78,8846.54,11628.73,7905.42,15852.01,13210.99,15699.08,16128.46,17746.01,11534.62,9640.61,10922.89,14852.07,11940.47,11858.13,12616.9,9222.99,9828.83,10887.59,13752.13,13934.47,13105.11,11981.65,6970.18,12416.92,12487.5,12422.8,16116.7,12152.23,14616.79,11458.15,15452.03,9093.58,11375.8,12958.06,10946.41,12693.37,12869.83,12916.89,8081.88,10640.55,9170.05,11393.45,11522.85,10364.1,11181.7,13875.65,9375.92,12240.46,13169.81
1959,13122.93,9056.1,11962.64,8365.72,16441.38,13633.46,16041.07,16319.55,17926.55,12072.87,9966.93,11214.25,15385.51,12449.96,11893.02,12467.37,9439.0,9961.13,11057.61,13929.34,14358.65,13500.03,12067.07,7425.89,12751.64,12043.86,12258.51,16789.46,12722.63,15176.65,11701.57,16064.28,9427.39,10204.79,13558.04,11156.23,13325.98,13111.33,13424.61,8441.14,9392.59,9555.03,11678.37,11846.61,10784.94,11672.56,14271.62,9514.42,12919.88,13511.63
1960,13292.52,9115.36,12273.98,8182.65,16708.63,13916.23,16342.41,16599.91,17795.83,11982.15,10048.07,11095.22,15512.7,12743.19,11913.48,12645.91,9470.13,9824.9,11358.43,14230.95,14631.49,13761.73,12422.75,7278.55,12748.91,12188.14,12685.97,17372.4,12966.35,15552.76,11427.1,16411.08,9567.41,10935.0,13818.95,11312.66,13384.07,13269.63,13487.07,8583.2,11089.49,9533.07,11558.71,12079.42,11181.05,11776.15,14408.33,9538.8,12932.02,13504.23
1961,13503.88,9196.9,12417.23,8715.83,16860.04,14222.65,16837.4,16509.14,18201.37,11987.1,10221.29,11404.15,15875.26,12836.04,12479.48,12875.66,9932.65,10028.86,11160.79,14686.74,15037.64,13560.47,12756.81,7714.08,12971.87,11789.01,12581.36,17578.81,13317.11,15762.07,11687.14,16735.53,9819.46,9813.8,13764.22,11364.54,13634.05,13339.75,13917.03,8846.0,10877.81,9853.42,11845.61,12298.38,11494.71,12083.31,14839.55,9694.95,13051.11,13809.5
1962,13971.82,9515.82,12624.4,8967.91,17337.58,14385.55,17359.95,17013.31,19093.15,12277.76,10661.97,11914.35,16303.25,13552.5,12881.58,13138.77,10326.51,10292.97,11472.66,15257.74,15565.25,14284.92,13116.4,7816.17,13468.63,13591.64,13340.04,18584.37,13764.96,16459.8,11819.3,17175.44,10309.74,13664.32,14212.23,11478.25,14066.87,13787.32,14564.46,9308.96,12031.76,10181.15,11998.21,12898.36,11824.89,12618.81,15492.56,10097.28,13491.0,14284.92
1963,14313.36,9896.06,12699.03,9287.93,17713.4,14611.9,17586.25,17492.26,19819.77,12654.8,11228.44,12206.99,16563.47,13893.19,13561.48,13379.04,10675.59,10752.99,11726.01,15579.39,15761.83,14855.15,13688.63,8491.82,13860.02,13268.47,13439.85,18338.12,13821.32,16668.51,11958.2,17525.43,10642.41,12444.71,14551.08,11676.25,14385.23,14053.52,14927.02,9591.99,11488.28,10548.43,12256.74,13047.32,12002.43,13113.67,15612.56,10498.67,13583.59,14329.94
1964,14897.09,10459.54,13111.18,9811.61,18387.24,14962.43,18131.33,18109.55,20706.74,13290.86,11739.08,12479.58,17140.37,14396.17,13998.69,13927.91,10857.02,11091.15,12468.69,16225.63,16258.3,15795.49,13922.47,8662.75,14260.05,13285.42,13546.77,18218.45,14330.83,17265.6,12234.56,18300.12,11205.49,12093.0,15158.44,12283.57,14973.32,14679.3,15496.03,10083.85,11205.49,11014.92,12795.38,13465.1,12599.37,13993.25,16073.18,11020.36,14232.82,14423.39
1965,15607.96,10993.48,13426.37,10180.73,18826.86,15570.53,18752.01,19147.68,21933.48,13875.52,12506.68,13864.83,18062.24,15415.46,15265.75,14602.72,11522.83,11635.12,13175.06,16853.81,16859.16,16875.2,14971.66,9228.96,15142.77,14030.58,14736.39,18372.37,14891.46,17933.91,12672.44,18923.11,11752.75,13827.4,15912.74,12955.83,15575.87,15324.56,16287.03,10859.8,12544.11,11699.28,13383.6,13779.27,13399.64,14656.19,16987.49,11640.47,14902.15,14928.88
1966,16305.2,11400.63,13975.14,10974.15,19618.25,16117.96,19722.27,19259.37,22416.39,14464.03,13273.0,13611.07,18796.48,15935.92,16060.75,15264.99,12222.4,12331.62,13600.67,17626.25,17558.64,17569.04,15681.07,9798.72,15582.25,14614.86,15551.05,18749.67,15764.29,18666.46,13012.95,19633.85,12607.27,13652.68,16684.87,13439.43,16065.95,16008.74,17194.57,11743.9,13366.62,12456.44,14089.56,14053.15,14490.04,15275.39,18125.55,12087.17,15691.48,15296.2
1967,16819.97,11715.35,14490.04,11295.87,20155.67,16511.67,20772.26,19599.72,23309.41,15212.78,13918.93,14080.66,19225.72,16046.7,15728.29,15551.4,12751.44,13014.25,13802.69,18336.2,18341.25,17542.71,16183.16,10370.97,16051.75,14606.29,15637.32,19210.55,16349.94,19331.85,13155.77,20463.96,13085.01,13721.82,16845.24,14060.45,16476.3,16622.86,17916.71,12240.98,13428.69,12827.25,14798.34,14277.77,14879.21,16051.75,18578.79,12483.57,15991.1,15955.73
1968,17530.42,12313.96,15605.76,11712.8,20943.42,17035.92,20962.82,20158.05,23861.93,16289.33,14495.56,14277.4,19673.24,16575.36,16192.37,16109.95,13259.32,13579.29,14248.32,19135.11,19135.11,18461.24,16885.64,10922.58,16929.27,14704.03,15896.64,20807.68,17050.47,20133.81,13744.12,21520.34,13681.1,13860.47,17646.77,14684.64,16997.14,17225.0,18509.72,12890.87,13841.08,13642.31,15479.71,14568.28,15455.47,16842.0,19251.47,12730.89,16614.15,16236.0
1969,18159.14,13062.56,16786.8,12387.95,21606.14,17840.31,22631.92,20926.9,22585.71,17507.62,15174.2,15488.4,20330.84,17248.87,17151.83,16953.15,14019.04,13667.87,14984.75,20631.18,19753.26,18907.68,17637.0,11519.27,16814.53,15668.61,16902.32,21726.27,17794.1,21194.9,14282.41,21416.69,14522.69,14836.89,18293.13,15382.13,17438.31,17854.17,18533.41,13654.01,14388.69,14009.8,16084.47,14929.3,15899.64,17895.76,19610.02,13067.18,17322.8,17017.84
1970,18416.43,13491.92,17556.18,12816.01,21796.0,18644.66,22647.47,20786.52,24003.69,18258.43,15506.5,16015.63,20373.95,16831.99,17262.11,17371.84,14290.73,13930.83,15541.61,21409.76,20079.88,18337.43,17990.7,11982.09,17275.28,16423.81,17139.22,22550.91,17595.68,21580.93,14918.36,21659.94,14861.31,14927.14,18153.09,15910.29,17701.02,18139.92,18864.12,14128.34,14896.42,14317.06,16537.92,15515.27,16221.91,18262.82,19219.63,13816.71,17464.01,17630.79
1971,18662.55,13938.43,18077.77,13286.83,21761.83,19318.32,22526.21,21080.99,25579.55,18645.84,15935.01,16173.09,20667.47,17267.45,17087.84,17956.64,14493.96,14209.93,15588.32,21987.39,20295.73,18817.09,18090.31,12388.79,17597.43,16402.82,17714.38,22743.41,17693.5,21874.61,15254.17,21924.73,15095.44,16173.09,18265.74,16173.09,18086.13,18203.08,18741.91,14377.01,15417.07,14773.82,16670.15,16010.19,16415.35,18833.8,19092.77,14234.99,17706.03,18299.15
1972,19429.1,14660.9,18740.49,14048.36,22631.92,20073.66,23216.43,21859.24,26863.64,19581.23,16790.78,17135.08,21390.82,17951.8,18288.09,19108.82,15185.36,14696.93,16062.13,22780.05,20930.42,19909.52,18772.52,13279.69,18228.04,18007.85,18628.39,23152.37,18280.09,22615.9,16054.13,22495.8,16058.13,18336.14,18972.7,16754.74,19024.74,19008.73,19308.99,15145.33,16906.88,15629.75,17355.27,16630.63,17026.98,19717.35,19733.37,14881.1,18400.19,19333.01
1973,20321.22,15464.94,19402.36,15461.14,23222.08,20955.31,23958.69,22736.07,27178.49,20495.88,17621.6,18346.81,22603.18,19409.96,20776.85,20560.43,16004.1,15434.56,16919.16,23628.36,21441.32,20959.11,20757.87,14128.41,19117.59,19561.83,20454.11,23905.53,19015.07,23313.21,16649.58,22880.36,16972.32,24247.26,19911.15,17769.68,19926.34,19778.26,19508.68,15935.76,20188.33,16619.2,18286.06,17021.68,17507.69,20583.21,20886.97,15358.62,19379.58,21008.47
1974,20290.56,15534.96,19175.7,15527.99,23419.15,21154.58,23938.26,22440.16,27537.19,20172.11,17426.75,19158.28,22656.17,18977.11,19747.06,20374.18,16322.34,15960.0,17015.64,23541.09,21280.01,20485.66,20433.4,14075.18,18729.75,19252.34,19440.48,23182.25,18858.66,23237.99,16771.77,22760.69,16918.09,21990.73,20011.85,17893.6,20349.79,19970.04,19231.44,16158.59,18555.55,16621.96,18534.65,17040.03,17207.26,20635.47,21307.88,15541.93,19450.93,21865.31
1975,20126.91,15627.69,18357.2,15241.86,23296.45,20968.72,23471.83,21931.7,27773.35,19642.23,17021.14,18312.55,22582.19,18743.02,20161.98,20311.85,16039.03,16147.44,16577.92,23219.92,21019.74,20063.14,20091.83,13851.6,18736.65,19112.91,20292.72,23038.17,18497.5,22983.96,16989.25,22531.17,16603.42,20978.29,19575.27,18051.08,20279.97,19913.27,19208.57,15780.75,18720.7,16373.84,18851.44,16906.35,16970.12,20439.4,21628.77,15844.52,19383.95,21730.81
1976,20723.63,16361.88,18873.74,15872.2,24045.58,21485.36,24000.24,22504.01,28434.54,19931.69,17688.84,18885.83,23123.66,19668.71,20125.14,20705.5,16685.31,16978.51,17688.84,23846.08,21455.13,21219.36,20412.3,14702.42,19336.21,19188.1,19995.16,23806.79,19426.9,23610.31,17465.16,22679.32,17265.67,19284.83,20376.02,18486.84,21258.65,20617.84,19798.69,16473.72,17401.69,17090.35,19605.24,17561.89,17691.87,21059.15,22295.44,16404.2,20091.89,21914.58
1977,21329.16,16763.91,19322.61,16334.14,24653.48,22035.01,24881.17,22723.78,29358.19,20552.16,18107.3,18850.15,23839.48,20375.69,20825.39,21087.23,17409.99,17566.53,17848.3,24212.32,22009.39,22373.7,21514.16,15218.44,20088.23,19214.46,20327.31,24758.79,20093.92,24329.02,17950.76,23210.47,17575.07,18750.53,21212.47,19063.61,21778.85,21312.08,20287.46,16678.53,18528.53,17535.22,20139.46,18070.3,17814.15,21662.16,22794.93,17017.22,21007.54,23147.86
1978,22174.35,17477.79,20530.82,17424.61,25679.49,23142.39,25833.73,23171.64,29732.46,21599.91,18929.84,19669.17,24525.29,21083.98,22405.72,21671.72,17937.88,18522.95,18270.3,25046.54,22730.17,23195.57,22411.04,15656.08,20791.45,20711.66,21881.81,26352.32,21110.58,25190.15,18804.85,23812.56,18299.56,21953.62,21865.86,19889.9,22695.6,21988.19,20759.53,17304.93,19927.13,18427.21,21232.91,18714.43,18850.06,22629.12,24070.53,17560.24,21844.58,24679.54
1979,22630.57,17771.34,21308.9,17420.04,26413.8,23831.87,26782.29,23473.2,29622.17,22092.57,19191.27,19466.42,24875.94,21353.12,22183.46,22709.18,18442.0,19120.03,18599.22,25364.81,23338.08,23365.11,22841.84,16213.83,21338.38,20419.59,21748.64,26553.82,21846.9,25770.16,19169.16,24175.8,18478.85,20770.89,22303.84,20915.84,23080.14,22458.61,21326.09,17646.05,20250.09,18675.38,21969.73,18820.32,19314.11,23109.62,24726.08,17921.19,22443.87,25411.49
1980,22878.97,17831.31,21698.18,17103.45,26874.28,24532.98,27836.49,24350.45,29497.26,22942.06,19275.75,19769.25,24686.21,21004.12,21646.35,22687.43,18309.03,19780.52,19167.59,25871.51,24100.32,22919.53,23000.65,16060.12,21101.02,20598.51,21157.36,26603.87,22610.81,26563.31,19307.3,24780.85,18692.12,18180.59,22329.13,21590.01,22887.98,22588.28,22171.4,17851.59,18653.81,18613.25,22417.02,18626.77,19649.82,23744.28,24837.19,17966.51,22502.65,25905.31
1981,23211.05,18021.43,22089.86,17666.94,27056.88,25232.89,28439.82,24472.38,29031.33,23421.27,19649.63,19645.51,24997.94,21108.82,22444.35,23355.32,18594.39,20562.65,19255.98,26090.27,24460.02,22535.04,23159.52,16401.48,21506.6,21211.87,22363.97,26459.19,23118.3,27005.36,19620.77,25251.44,19062.24,21607.58,22227.95,22648.39,22384.58,22815.33,22497.94,18114.18,19868.1,18833.47,23443.94,18664.47,20127.78,24033.39,24868.1,17889.53,22378.4,26117.07
1982,23184.55,17896.37,21410.83,17488.84,26648.55,25344.46,28820.1,24698.23,29278.09,23215.6,19749.66,19060.74,24952.45,20605.47,21903.75,23683.29,18591.11,20467.69,19573.06,26504.95,25237.73,22128.86,23236.95,16198.33,21649.52,20824.76,22617.89,25627.79,23689.11,27380.17,19706.97,25757.81,19027.75,21719.39,21952.26,22996.31,21630.12,22963.32,22714.92,17974.0,19765.19,18781.29,23332.04,18575.59,20360.95,24251.89,24568.21,17886.67,22202.6,25111.59
1983,23619.9,18398.21,22027.44,17802.67,27140.86,25598.81,29433.4,25171.29,29452.07,24181.84,20565.67,19703.16,25081.68,20845.7,21670.87,23625.5,18510.22,20319.24,20050.41,27172.59,26261.55,22789.13,23479.88,16240.08,22158.13,20847.57,22522.17,25596.94,24773.64,28361.8,19865.58,26582.66,19755.44,21760.48,22428.82,22053.58,22180.53,23175.58,23520.96,18637.17,19736.77,19230.84,23239.06,18676.37,20748.62,24913.66,25033.14,17707.46,22518.44,23711.38
1984,24988.28,19456.96,23335.02,19022.46,28601.31,26674.0,31668.05,26518.95,31024.41,25305.59,22087.4,20167.31,26664.98,22319.98,23336.82,24899.94,19945.55,20859.63,21277.9,28750.95,28404.79,24333.83,25621.1,17064.51,23573.0,21113.84,24086.83,26302.6,26545.99,30142.79,20639.67,28347.1,21268.89,22500.27,23919.16,22873.47,23133.09,24213.03,24890.92,19819.35,21438.36,20545.92,24213.03,19556.12,21972.02,26398.15,25687.81,18555.51,23848.84,24140.92
1985,25714.54,20204.4,24175.4,19580.71,29292.45,26984.63,32718.38,27707.9,31794.2,26217.68,22968.2,20447.24,27215.23,22824.95,23656.53,25398.32,20183.44,21004.54,22096.44,29942.35,29591.19,25504.89,26177.5,17365.48,24329.14,20738.99,24657.58,27021.31,27854.65,31149.55,21298.04,29346.61,21989.87,22664.22,24627.88,23188.33,23460.87,25003.49,25752.97,20380.85,21306.78,21205.45,24828.79,20076.87,22865.13,27368.97,26098.88,18929.07,24301.19,24704.75
1986,26473.16,20863.09,24998.72,20121.59,30093.33,27248.91,34295.74,28464.77,32554.16,27039.99,24073.98,20583.95,28098.3,23618.46,24298.31,26038.19,20387.02,20604.5,23373.58,31173.9,31161.91,26466.31,27038.27,17614.52,25015.84,21366.56,25051.8,27788.34,29384.37,32432.57,21373.41,30627.62,22971.14,22791.33,25286.41,22967.72,24157.89,25774.47,26892.71,21092.56,21888.86,22147.44,24479.84,20409.28,23983.22,28461.34,27062.25,19260.21,25099.75,24258.93
1987,27160.39,21412.71,25373.63,20300.58,30877.52,27380.81,36302.91,29544.96,33509.23,27753.19,24759.12,21175.59,28977.21,24365.03,25024.63,26405.61,21005.26,20455.87,24505.3,32226.77,32742.76,26664.44,27926.86,18193.2,25532.27,21641.48,25662.52,28397.76,30829.09,33911.66,21517.91,31819.32,23817.32,23139.35,25762.71,22603.32,24640.56,26567.59,27808.3,21800.12,22466.39,23045.84,24263.17,20639.56,25148.2,29357.94,27519.41,19509.06,25714.29,23646.99
1988,28114.61,22208.06,25678.42,21036.75,31631.76,27979.09,38388.56,30687.94,35936.24,28672.84,25630.02,22138.69,30168.44,25100.84,24915.3,26659.35,22091.9,21127.1,25634.86,33517.8,34530.99,27398.28,28025.88,18858.7,26034.98,21603.05,26401.21,29694.1,31920.56,35791.04,21772.45,33630.73,24900.78,20860.9,26601.27,23093.8,25552.58,27719.34,29426.29,22680.78,22554.94,24010.2,24805.59,21059.34,26109.19,30502.4,28275.95,20407.54,26143.07,23903.71
1989,28967.88,23240.46,25933.35,21693.69,31954.28,29017.58,39978.57,32361.16,37248.42,30002.17,26202.01,23307.24,30867.19,26181.82,26082.43,26998.7,22869.3,21788.42,26500.19,34325.69,34844.39,28300.1,29233.45,19698.1,26757.98,22946.95,26889.99,30418.37,32233.82,36925.39,22249.66,34918.93,25799.79,22842.9,27470.8,23824.39,26615.11,28849.86,30722.76,23462.54,23440.8,24655.24,25324.57,21577.21,27407.13,31302.03,29435.33,21084.92,27268.92,25580.82
1990,29339.7,23692.21,25764.9,21917.54,32189.66,29369.66,39563.9,32215.12,38535.04,29886.33,26569.12,23904.87,31479.79,26485.26,26423.85,27565.03,23304.33,22799.63,26329.5,34546.9,34564.87,28378.24,29645.22,19900.26,26798.26,23262.4,27662.38,30665.09,30999.06,37137.77,22669.34,35933.69,26013.51,24166.95,27958.91,24231.35,27054.35,29339.7,30232.28,23988.74,24734.55,25070.01,26007.52,22263.49,27060.34,31207.22,30194.84,21821.69,27524.6,26940.53
1991,28965.45,23923.13,25469.59,22157.81,31630.82,29401.7,38439.91,32332.31,39250.1,29301.7,26385.59,23640.5,30816.28,26095.72,26008.75,27442.17,23612.96,23076.7,25769.61,34167.2,34013.57,27776.97,29226.33,20118.56,26900.11,23728.91,27542.18,30735.12,31064.12,36351.38,22994.09,34599.11,25836.28,23731.81,27434.92,23950.66,26903.01,29372.72,29304.6,23740.51,24702.88,25123.2,25823.24,22495.51,26474.0,31062.67,30511.91,21920.11,27336.37,27029.1
1992,29843.13,24850.86,25689.75,23311.94,32087.74,30292.34,40468.19,32478.85,40760.11,29738.27,27295.27,24697.81,32297.47,27364.71,27108.22,28549.36,24601.45,23960.95,26341.59,34700.79,34914.76,28577.7,30361.77,21010.64,27815.33,24206.1,28359.48,31985.72,31628.62,37894.83,23561.34,35522.68,27084.13,25336.9,28389.24,24595.79,27547.51,30149.22,29935.24,24391.73,25827.2,26447.87,26753.96,23086.62,27506.41,31784.49,31372.13,22997.35,28533.78,27571.6
1993,30032.67,25027.68,26021.48,23510.69,31784.96,31007.09,40787.29,32424.43,41642.68,30238.9,27663.05,25574.41,32320.62,27872.05,26413.19,28901.84,24655.35,24436.66,26481.01,34928.3,35277.1,29213.27,30142.01,21604.75,28133.65,24998.62,28362.03,32328.92,31602.26,37825.27,24125.24,35386.45,27636.75,24959.86,28706.68,24737.02,28186.25,30382.85,30416.07,24748.09,26039.48,27031.89,27038.81,23559.13,27642.29,32176.67,31481.84,23150.81,28973.81,28028.46
1994,30545.5,25666.46,26773.73,24072.64,31896.73,31740.87,40897.2,32490.34,42137.29,30499.42,28462.42,25941.59,33048.72,28733.48,28051.77,29317.61,25132.48,25319.51,27006.84,35405.57,36054.75,30573.96,31285.49,22603.51,28890.7,24659.48,29271.53,33010.77,32707.19,38044.32,24545.64,35595.31,28234.74,26368.5,29520.91,25085.04,29001.83,30647.15,30504.85,25415.73,27134.24,27641.12,27384.97,24231.21,28141.22,32713.97,31842.52,23595.58,29836.69,28282.17
1995,31288.83,26374.06,27340.56,24665.45,32652.28,32895.23,42114.07,33152.78,42157.88,31445.49,29387.71,26562.58,34098.03,29127.5,28463.7,29682.44,25544.32,25833.73,27629.97,35843.82,37083.8,31416.28,32086.72,23104.19,29450.11,25041.16,29981.15,33649.3,33604.16,39308.85,25270.83,36668.26,29017.31,25777.97,30145.77,25442.09,29981.15,31320.69,31474.7,26059.42,26867.93,28553.98,28114.55,25199.14,28811.53,33227.13,32337.63,23834.37,30413.95,28710.64
1996,32240.32,26817.82,28125.53,25351.05,33748.81,34016.09,43211.78,34302.92,43724.17,32160.78,30467.15,27154.2,35344.66,29950.85,30334.16,30903.92,26407.12,26365.4,28557.09,36541.55,38492.03,32198.59,33609.3,23859.5,30340.68,25463.17,31744.87,34695.37,34442.43,40514.22,25602.68,37748.86,29886.96,28207.67,30913.05,26207.64,31146.43,32291.16,31905.24,26876.49,28992.56,29128.15,29099.47,26240.24,29575.35,33849.2,33614.52,24370.59,31326.35,29257.23
1997,33264.11,27534.23,29072.45,25828.08,34798.49,35107.42,45139.21,34734.4,45628.88,32752.65,31134.95,27303.49,36434.14,30723.48,31088.81,32028.41,27335.54,27140.7,29481.36,37603.19,39932.32,33166.69,34530.59,24520.59,31400.3,25993.44,31877.15,35250.99,35926.52,42083.27,26093.42,39047.84,30941.39,27243.24,32093.78,26933.04,31977.13,33325.64,33069.27,27654.72,29026.3,29877.45,30540.17,27215.04,30460.7,35059.99,34990.77,25014.1,32442.44,30722.2
1998,34885.05,28861.64,30642.03,26870.74,36943.15,37705.27,47622.97,36708.56,48172.05,34299.19,33012.08,28765.26,37890.41,32574.6,32113.01,33493.96,28459.66,27958.76,31011.05,39679.68,41688.33,34541.4,36821.42,25454.29,32381.85,27533.95,33524.39,36253.31,38037.51,43931.57,27003.89,40341.62,32300.69,29637.71,33487.62,28075.43,33104.66,34712.59,34774.72,28947.87,30961.59,32102.87,32336.19,28425.42,32195.44,36669.25,37322.31,25780.19,34106.44,32247.43
1999,35754.7,29371.14,31208.39,27297.82,38297.63,39206.89,48910.26,37484.54,49225.0,34846.69,33871.23,29633.42,38543.68,33166.8,32308.75,34027.35,29042.65,27986.01,31834.13,41094.11,43443.45,35481.17,37706.86,25721.6,32975.71,27781.18,34380.82,37127.33,38987.07,44864.8,27187.91,41543.75,33053.14,29602.2,34034.85,28473.12,33671.39,35626.05,35427.47,29619.68,32012.74,32622.24,33031.91,29208.77,33347.9,38067.82,38814.71,26070.07,34730.53,33828.76
2000,37371.01,30101.24,32426.39,27846.91,40776.92,41806.39,51545.42,39211.35,52783.71,36143.71,35039.75,30844.94,40233.49,34342.45,33657.36,35102.03,30473.7,28783.57,33105.38,43163.14,46940.3,36663.94,39483.68,26355.83,34211.78,28812.88,35387.79,38137.92,41878.44,47828.1,28622.37,43142.38,34042.03,31592.32,34964.04,30286.86,35265.67,37237.9,36897.19,30704.51,33298.33,33586.53,34639.2,30262.43,34872.45,39646.1,40155.34,27000.62,35881.15,35364.59
2001,37657.9,30528.69,32499.94,28503.71,40703.73,42083.96,52171.84,40587.91,53839.82,36504.53,35334.43,31132.84,40302.55,34209.71,33869.43,35567.26,30724.5,29993.79,33764.36,43960.89,47489.08,36111.71,39790.34,27229.74,34379.25,29552.02,36031.71,37955.2,41964.56,48029.94,30164.53,43350.77,34009.12,31688.04,35124.29,31726.25,35033.55,37638.8,37698.5,30874.94,33956.59,33606.75,35481.29,30699.43,35780.98,40250.02,39688.85,27826.73,36383.93,36697.95
2002,37412.25,30683.57,32443.94,28501.04,40341.49,41159.94,51041.29,41010.6,54235.12,36491.49,35122.71,31073.98,40065.15,33925.61,34218.42,35114.48,30785.87,30157.93,34169.03,44359.65,46733.85,35669.52,39862.89,27249.85,34390.1,29746.35,36096.38,37491.03,41763.19,48170.84,30311.97,42665.13,33522.27,31935.94,35053.33,31523.18,34461.84,37756.79,38450.59,30883.48,33558.72,33646.91,34486.53,30527.17,35944.68,40162.75,39545.39,28464.59,36524.42,36973.62
2003,37691.82,31181.18,32796.45,29356.08,40792.07,40827.81,50944.83,40857.79,55144.98,36809.82,35133.45,31165.04,39922.75,33934.4,34239.93,35478.18,30779.96,30285.35,34935.15,44969.16,46975.27,35810.23,40647.95,27648.58,34889.03,30740.76,37598.43,38446.99,41735.17,48263.1,30264.6,42888.11,33528.56,34007.03,35255.66,31761.11,34620.4,38110.34,39357.81,31017.47,35673.03,33958.61,34599.64,30340.69,36639.19,41211.74,39964.26,28441.81,36784.46,38508.1
2004,38505.39,32318.22,33911.58,30133.53,41790.84,41153.5,52855.7,41812.16,57164.5,38197.94,35375.9,32330.57,40536.36,34440.08,36072.71,35905.52,31469.93,30825.85,35639.59,46490.13,47883.75,36015.48,41431.78,28340.44,35498.2,31620.29,37890.48,40107.72,43076.75,49019.3,30784.34,44144.97,34543.31,33344.93,35605.92,32528.05,35329.89,38877.92,39903.5,31569.79,36539.5,34700.4,34870.96,30907.76,37760.32,42361.98,41278.05,28610.86,37421.45,40049.37
2005,39031.18,32832.54,35253.51,30346.35,42446.84,42032.66,53790.71,41930.47,58596.77,39455.15,35870.98,32411.84,40974.91,33995.74,35731.83,36399.31,31711.75,31860.68,35120.89,47072.44,48480.24,35780.75,41078.18,29127.71,35442.67,32135.71,37800.58,42052.22,43058.88,49290.12,31531.29,44985.22,35053.49,34166.41,35533.98,33653.3,35258.95,39037.7,39779.1,31962.86,36355.83,34455.58,36232.99,31958.52,37338.57,43523.07,41042.31,28655.91,37299.43,42575.12
2006,40230.35,33415.95,36754.07,31091.4,43973.46,42935.64,56281.77,42963.06,60887.63,40934.88,36302.66,33692.28,42418.84,34682.64,36466.13,37955.37,32269.5,35065.5,35879.72,48414.79,50562.15,35696.21,41801.84,29584.24,36290.0,33206.07,37950.09,42098.21,44415.38,51093.72,32165.08,46904.47,35622.38,34621.47,36297.38,35355.54,36435.55,40291.52,40900.08,32888.6,35752.1,34880.92,37498.68,33524.58,38598.73,44704.37,42403.02,29867.95,38251.73,46602.82
2007,40910.45,33811.4,36911.97,32033.04,44363.4,43421.31,58274.86,42503.88,62778.8,41037.84,36580.13,33853.52,43518.91,34794.58,37822.21,39164.96,32548.77,36838.0,36317.13,49013.22,51473.75,35808.58,42697.02,30351.25,36822.59,34287.06,39536.87,42059.03,44831.87,52071.67,32702.88,49087.19,36056.18,37151.34,36606.84,35508.59,36623.28,41180.64,41804.25,33330.59,38276.3,35163.4,38004.05,34563.42,39512.21,45637.32,44129.16,30118.04,38704.71,46749.95
2008,41394.11,34167.62,36351.09,32680.41,44118.65,43962.48,58214.94,42640.51,66723.09,40322.03,36167.7,33103.6,43951.39,35313.26,39637.87,41247.0,33203.35,38145.62,36973.78,49681.6,52135.1,36100.2,43584.63,30936.26,37725.45,35177.24,40934.65,40548.74,45216.94,52653.0,33627.55,49404.51,36189.87,41233.9,36921.39,38025.71,37029.2,41991.62,42207.24,33703.12,40399.61,35575.24,40195.07,34774.2,40415.73,45964.57,44797.78,31635.53,39276.14,49305.77
2009,39376.0,33027.0,34063.0,31629.0,41588.0,41508.0,55505.0,41633.0,62823.0,37479.0,34396.0,31392.0,41529.0,33588.0,38123.0,38889.0,32251.0,36348.0,36586.0,48739.0,50296.0,34159.0,41064.0,30188.0,36306.0,33627.0,39226.0,36931.0,43936.0,50300.0,32293.0,47655.0,34944.0,39422.0,35530.0,34578.0,35390.0,40785.0,41081.0,32499.0,38661.0,34468.0,37037.0,32428.0,39268.0,44458.0,42248.0,31429.0,38320.0,43153.0
2010,39791.15,33661.99,33772.64,31605.1,41899.41,41371.85,56655.24,41278.98,62972.11,38250.96,34070.99,31663.39,41645.51,33975.16,38220.33,38761.72,32579.21,36777.94,36654.45,49083.69,51020.05,34774.4,42053.53,30411.67,36196.05,34317.98,39540.21,36472.67,44761.46,50584.36,32620.7,48688.51,35139.94,42445.74,35938.19,35515.36,35359.26,41412.36,42221.48,32456.7,39719.03,35171.56,37820.22,32220.59,39582.7,44864.21,42304.46,31716.74,38346.79,44305.04
2011,41092.43,34073.82,34531.66,32872.59,43414.54,42927.67,57964.79,42159.11,65200.22,39238.8,35415.4,32468.95,42883.14,35191.8,40710.09,41044.03,33469.81,37271.93,37360.01,50139.87,52585.88,36146.2,43764.94,30951.21,36822.8,35774.51,42415.62,36535.32,46466.49,51839.59,33448.52,49944.34,35448.31,46327.11,37563.28,37785.91,36309.78,42607.27,42872.49,33123.29,42823.13,36126.84,39913.47,33312.04,41365.39,46160.62,43364.21,33114.58,39528.22,47565.12
2012,42072.35,34250.19,34964.93,34492.56,45254.43,44102.5,59628.95,42529.51,65554.96,39204.86,35407.84,33119.17,43784.1,36104.51,41304.39,41558.16,34039.2,38518.64,37627.12,50447.66,53939.59,36736.56,44949.34,31485.35,37927.46,37164.26,43319.33,37481.7,48041.14,52409.38,33821.54,50916.23,36739.41,52643.18,38330.45,39489.99,37146.2,43512.27,43800.25,33703.69,42572.28,37197.52,41349.06,34211.23,42092.31,46875.89,44997.81,33621.0,40358.7,49569.45
2013,41558.42,33831.79,34343.35,34161.92,45006.5,43716.86,58087.14,41914.73,64160.33,38632.18,35159.78,33331.46,43465.29,35809.74,40900.97,41439.65,33636.34,38173.93,36998.38,49140.08,52884.62,36657.03,44337.83,31449.84,37685.75,36364.32,43256.74,36681.35,47260.33,51617.43,32969.54,50132.33,35326.24,50849.63,38108.46,39242.86,36871.19,43045.39,43154.8,33173.41,41870.77,36764.58,40968.31,34174.08,41933.43,45783.65,44392.07,32884.44,39967.64,48434.94
2014,42368.84,34514.1,34866.5,34762.53,45990.28,44963.47,59680.18,42671.55,64256.67,39321.53,35864.78,33798.28,43835.45,36414.99,41345.71,41303.39,34407.38,38671.03,37488.73,49846.35,54042.84,37484.13,45082.16,31679.33,38311.28,36714.02,43756.33,37485.97,48555.47,53015.11,34126.75,51166.66,36040.52,51342.4,38860.57,40149.61,37925.77,43868.58,44494.23,33745.84,41660.38,37223.75,42019.21,34653.96,42717.55,46321.51,45645.25,33244.39,40654.73,50221.74
2015,43424.28,35495.33,35581.87,35624.69,47962.65,45921.2,61008.43,43417.9,65129.58,40173.99,36940.1,34168.98,45065.82,37347.3,40966.52,41790.94,35517.19,39400.59,38330.22,51129.13,55597.36,38649.05,46040.54,32287.86,38945.12,37604.19,43731.27,38428.6,49935.78,54458.67,35032.57,52566.61,37035.75,49534.05,39606.47,40329.77,39147.35,44800.73,45620.59,34653.61,40994.76,38322.93,42582.56,35568.21,43601.91,47493.51,46591.66,33748.12,41555.0,50378.5
