,AL,AR,AZ,CA,CO,CT,DC,DE,FL,GA,IA,ID,IL,IN,KS,KY,LA,MA,MD,ME,MI,MN,MO,MS,MT,NC,ND,NE,NH,NJ,NM,NV,NY,OH,OK,OR,PA,RI,SC,SD,TN,TX,UT,United States,VA,VT,WA,WI,WV,WY
1840-01-01,962.3062221278403,1234.6570397111914,NaN,NaN,NaN,1652.2616266723296,NaN,1234.6570397111914,1252.8137608834147,1034.933106816734,689.9554045444893,NaN,853.3658950944999,744.4255680611595,NaN,944.149500955617,2051.7094924612447,1942.7691654279042,1143.8734338500744,1034.933106816734,798.8957315778298,NaN,962.3062221278403,1525.1645784667658,NaN,925.9927797833935,NaN,NaN,1162.0301550222978,1507.0078572945424,NaN,NaN,1452.5376937778722,871.5226162667234,NaN,NaN,1361.7540879167552,2142.4930983223617,1016.7763856445106,NaN,853.3658950944999,NaN,NaN,1180.1868761945211,980.4629433000638,1180.1868761945211,NaN,1452.5376937778722,980.4629433000638,NaN
1880-01-01,1129.7515396050117,1250.7963474198343,4781.2699086854955,3913.782119345933,4458.483754512636,2945.423656827352,NaN,2178.8065406668084,968.3584625185814,1129.7515396050117,2118.284136759397,4640.0509662348695,2279.677213845827,1876.1945211297514,1472.711828413676,1170.0998088766191,1392.0152898704607,2884.9012529199404,1734.975578679125,1775.3238479507327,2138.4582713952004,1956.8910596729665,1654.2790401359098,1291.1446166914418,4841.792312592907,928.0101932469738,2118.284136759397,1876.1945211297514,2380.5478870248457,2501.5926948396686,1190.2739435124229,6415.374814185602,2461.244425568061,1977.0651943087703,NaN,2884.9012529199404,2299.851348481631,3026.1201953705668,1028.8808664259927,2118.284136759397,1049.0550010617965,1210.4480781482268,1634.104905500106,1916.542790401359,1028.8808664259927,2098.110002123593,2824.378849012529,1896.3686557655553,1089.4032703334042,3106.816733913782
1900-01-01,1350.8600552134212,1372.6481206200892,4357.613081333617,3943.639838606923,3812.9114461669146,3398.938203440221,NaN,2723.5081758335104,1459.8003822467615,1220.1316627734127,3006.7530261201955,3769.335315353578,2919.600764493523,2418.4752601401574,2658.143979613506,1503.3765130600977,1590.52877468677,3398.938203440221,2178.8065406668084,2440.2633255468254,2331.322998513485,2592.779783393502,2157.0184752601403,1350.8600552134212,5904.5657252070505,1176.5555319600765,1514.2705457634318,2919.600764493523,3006.7530261201955,3093.9052877468675,2244.1707368868124,6122.4463792737315,3093.9052877468675,2701.7201104268424,1786.6213633467828,3268.2098110002125,3093.9052877468675,3507.878530473561,1241.9197281800807,1514.2705457634318,1329.071989806753,1830.197494160119,2483.8394563601614,2462.0513909534934,1438.0123168400935,2570.991717986834,3943.639838606923,2331.322998513485,1721.2571671267785,5163.771501380335
1929-01-01,3387.131025695477,3217.243576130814,6349.543427479296,10554.257804204715,6699.936292206415,10925.886600127416,14058.1864514759,10947.122531323,5510.72414525377,3641.9622000424724,6062.858356338927,5298.364833297941,10097.685283499683,6423.869186663836,5585.0499044383105,4119.7706519430885,4342.747929496709,9672.966659588024,8228.923338288385,6370.7793586748785,8409.42875345084,6307.07156508813,6572.520705032916,2941.1764705882356,6285.835633892547,3472.074750477809,4002.9730303673823,6200.891909110215,7305.160331280527,9779.146315565938,4300.276067105543,9280.10193246974,12274.368231046934,8197.06944149501,4767.466553408368,7071.565088129116,8239.541303886177,9354.42769165428,2834.996814610321,4406.455723083458,3960.5011679762165,5032.915693353154,5818.645147589723,7421.9579528562335,4618.815035039287,6689.318326608623,7857.294542365684,7114.036950520282,4873.646209386282,7135.272881715864
1930-01-01,2898.7104596054223,2468.863661412983,5709.247217017524,9798.302656232778,6326.46313237077,10217.127741651051,14482.530585252947,9456.62956023366,5158.161578309269,3339.5789705720267,5521.878099856717,5378.595833792571,8927.587347073735,5643.1169403725335,5069.987876115948,3548.991513281164,3890.664609280282,9280.282155847019,7946.654910173041,6326.46313237077,7252.287005400639,6028.876887468312,6172.159153532459,2171.2774165105257,5521.878099856717,3163.231566185385,3394.687534442852,5621.073514824204,7142.069877658988,9379.477570814504,3670.2303537969797,9192.108453653696,11484.624710680038,7318.41728204563,4022.925162570263,6668.136228369888,7902.56805907638,8762.261655461258,2634.18935302546,3934.7514603769423,3537.9698005069986,4485.837099085197,5444.726110437562,6844.48363275653,4265.402843601895,6304.41970682244,7241.265292626474,6447.701972886586,4485.837099085197,6414.636834564091
1931-01-01,2702.37071612824,2542.685173811571,5281.906399705196,9249.477951111658,5797.813536420587,9912.787126888588,15391.229578675839,9531.99852597961,4876.550792285961,3120.009826802604,4864.267289030832,4495.762191376981,8266.797690701389,5343.323915980838,4839.7002825205755,3525.36543422184,3869.3035253654343,9409.163493428327,7935.143102812923,6043.483601523155,6633.091757769316,5613.560987593662,6006.63309175777,2075.9120501166935,4753.715759734677,2997.1747942513207,2395.283134750031,5023.9528313475,6878.761822871883,9102.075912050117,3525.36543422184,8168.529664660362,10920.034393809115,6915.612332637268,3611.349957007739,6190.8856405846955,7431.51946935266,8819.555337182164,2493.5511607910576,2972.607787741064,3353.3963886500433,4237.808623019286,4569.463210907751,6485.689718707776,4557.179707652623,5785.530033165459,6559.390738238546,5760.963026655202,4348.36015231544,5859.231052696229
1932-01-01,2212.0200333889816,2114.63550361714,4479.68836950473,8124.652198107958,4966.61101836394,8722.8714524207,15400.667779632722,8222.0367278798,4410.127991096271,2740.6789092932668,4076.238174735671,3728.436282693378,6803.005008347245,4284.919309961047,3714.524207011686,2907.623817473567,3311.074012242627,8653.311074012243,7262.103505843072,5286.588759042849,5495.269894268225,5022.259321090707,5077.907623817474,1697.2732331663885,4646.63327768503,2545.9098497495825,2476.349471341124,4215.358931552588,5982.192543127435,8249.860879243182,2893.7117417918753,7749.026154702282,9543.683917640512,5606.566499721758,2977.1841958820255,5244.852531997774,6329.994435169728,8124.652198107958,2170.2838063439067,2629.3823038397327,2698.9426822481914,3644.9638286032277,4229.27100723428,5592.654424040067,3978.8536449638286,5050.08347245409,5592.654424040067,5036.171396772398,3575.403450194769,5217.0283806343905
1933-01-01,2346.544570038632,2189.1543854628703,4421.233366719131,7869.509228788096,5050.794105022178,8456.145371297755,13521.24767491773,8098.440406352841,4135.0693947632,2890.2561167549006,3605.666046644728,3262.2692802976107,6309.915581628274,4206.610387752183,3591.3578480469314,2918.872513950494,3233.6528831020178,8127.056803548434,6796.394333953356,5336.958076978109,4979.253112033195,4435.541565316927,4778.938331664044,1817.1412219201604,4278.151380741165,2904.5643153526976,2160.5379882672773,3906.138217198455,6009.443411074546,7569.037058234369,3019.0299041350695,7139.791100300473,9071.397911003005,5537.2728573472605,3147.8036915152384,5108.026899413364,6052.368006867936,8141.365002146231,2461.0101588210046,1945.9150093003293,2875.947918157104,3634.282443840321,4249.534983545572,5365.574474173702,4092.14479896981,4821.862927457433,5379.882672771499,4778.938331664044,3705.8234368293033,5322.649878380313
1934-01-01,2808.3028083028084,2469.135802469136,4911.138244471578,8207.841541174876,5046.805046805047,8967.575634242301,13064.713064713065,8777.642110975445,4721.204721204721,3269.569936236603,3676.57034323701,5277.438610771945,6891.8735585402255,4843.304843304843,3907.2039072039074,3147.469814136481,3568.036901370235,8384.208384208385,7217.473884140551,5670.872337539005,6159.272825939493,4870.438203771538,4992.538325871659,2265.6355989689323,4951.838285171619,3350.9700176366846,2496.2691629358296,3581.603581603582,6512.006512006512,7841.541174874508,3337.4033374033374,7597.340930674264,9333.876000542667,6199.972866639533,3391.670058336725,5928.639261972596,6606.97327363994,8262.108262108262,2808.3028083028084,2577.669244335911,3283.13661646995,3947.903947903948,4259.937593270926,5792.972459639126,4382.037715371049,5168.905168905169,5996.47266313933,5155.338488671822,4246.37091303758,5616.605616605617
1935-01-01,2871.195001993886,2711.684168549781,5529.708892728965,8839.55868669414,5915.193406885552,9504.187159377909,13704.639106739334,9384.55403429483,5024.5912534893005,3549.116044131331,5556.294031636316,5237.272364748106,7656.520005317028,5569.586601089992,4785.3250033231425,3509.2383357703047,3841.55257211219,8680.047853250035,7417.253755150871,5782.267712348797,7071.646949355311,5968.3636847002535,5596.171739997342,2312.907084939519,6313.9704904958135,3549.116044131331,3602.286321946033,5383.490628738536,6699.4550046524,8387.611325269176,3894.7228499268913,8866.14382560149,9730.160840090392,6898.843546457531,3934.6005582879175,6101.289379237007,6965.306393725908,8706.632992157385,3030.7058354379906,4054.233683370996,3495.9457663166295,4320.085072444504,5197.39465638708,6340.555629403164,4705.56958660109,5516.41632327529,6526.65160175462,6127.874518144358,4492.888475342284,6619.699587930348
1936-01-01,3269.8621142481948,3191.0702560735394,6066.973079448458,10190.413657255418,7117.5311884438615,10702.560735390676,15009.848982271833,11451.083388049903,5948.785292186474,3939.5929087327645,5134.602757715036,6119.500984898227,8588.312541037427,6316.480630334866,5082.074852265267,3847.669074195667,4307.288246881156,9520.682862770847,8233.749179251477,6684.175968483257,8154.957321076822,6224.556795797768,6132.6329612606705,2915.298752462246,6277.084701247538,3860.801050558109,3125.4103742613265,5187.130663164807,7117.5311884438615,9389.363099146422,4504.267892317794,11096.520026263954,10755.088640840448,7839.789888378202,4228.4963887065005,7183.1910702560735,7984.241628365069,9468.154957321078,3361.7859487852925,3256.730137885752,3978.988837820092,4885.095206828628,6080.1050558109,7078.135259356533,5173.998686802364,6172.028890347998,7485.226526592252,6802.36375574524,5134.602757715036,7248.8509520682865
1937-01-01,3349.7040674977966,3185.9967258531674,6371.993451706335,10086.890819795995,6724.593879863997,10955.799017755951,15249.968517818916,12026.193174663142,6183.100365193301,3928.9761994711,6460.14355874575,5301.599294799144,9243.168366704445,6875.708349074424,5377.156529404358,4268.98375519456,4432.691096839189,9343.911346178063,8487.596020652312,6472.736431179953,8651.30336229694,6774.965369600806,6397.179196574739,2770.4319355244934,6472.736431179953,4042.31205137892,4080.0906686815265,5213.449187759728,7177.937287495278,9482.432942954289,4558.619821181212,9759.476136506737,10678.755824203501,8197.95995466566,4722.327162825841,7001.637073416447,8097.216975192042,9343.911346178063,3412.6684296688077,4042.31205137892,4180.833648155144,5263.820677496537,5629.013978088402,7291.273139403098,5364.5636569701555,6107.5431305880875,7568.316332955547,6938.6727112454355,5276.4135499307395,7631.280695126559
1938-01-01,3137.1532278973295,2955.6650246305417,6209.489240342235,10098.522167487685,6585.429089966295,10098.522167487685,14804.252009333679,10383.717915478352,6040.964480165932,3733.471610059632,5846.51283380866,5457.609541094114,8452.16489499611,6118.745138708841,4964.998703655691,3837.1791547835105,4498.314752398237,8854.03163080114,8348.457350272232,6170.598911070781,7441.016333938294,6390.977443609023,6170.598911070781,2540.834845735027,6676.173191599689,3772.3619393310864,3655.6909515167226,5211.304122374902,6961.368939590355,9126.263935701323,4381.643764583873,10176.302826030595,10383.717915478352,7324.3453461239305,4472.387866217267,6883.588281047446,7389.162561576355,8854.03163080114,3214.9338864402384,4109.411459683692,3863.10604096448,5237.231008555872,5781.695618356235,6883.588281047446,5107.596577651024,5937.256935442053,7557.687321752657,6585.429089966295,4809.437386569873,7259.528130671506
1939-01-01,3285.770388794345,3220.316795392067,6427.542872103679,10341.66775755989,6794.082995156434,11087.838722345858,15237.596544050268,11873.28184317319,6571.54077758869,4031.9413535803114,6126.456342453201,5642.099751276345,9294.410263123445,6780.9922764759785,5000.6545359340225,3992.669197538945,4699.568006283545,9634.76894881529,8810.053671946589,6545.359340227778,8220.971331326089,6767.901557795523,6597.722214949601,2631.234454771567,6938.080900641446,4084.3042283021337,4136.667103023956,5223.1967535017675,7409.346773137845,9909.674041104856,4660.295850242178,11310.3809399136,10956.931535541302,8116.245581882446,4555.5701007985335,7474.800366540123,7972.247676397435,9582.406074093467,3599.947637125278,4463.935070035345,4058.122790941223,5458.829689749968,6021.730593009556,7343.893179735567,5642.099751276345,6440.633590784134,8090.064144521534,6741.720120434612,5105.380285377667,7671.161146746957
1940-01-01,3634.7173716207476,3324.278877247445,6545.078256370456,11072.306299314449,7088.345621523736,12042.426594231018,15793.558401241753,13426.464881645323,6868.451688009312,4372.0087957573405,6389.859009183805,5937.136204889406,9804.68244729013,7140.085370585953,5497.3483378605615,4165.0497995084725,4721.252101927305,10257.405251584529,9351.959642995731,6881.386625274867,8834.56215237356,6777.907127150433,6726.167378088216,2742.2067002975036,7321.174492303712,4177.984736774027,4553.0979174751,5691.372396843875,7579.873237614797,10735.997930410036,4876.471349113956,11667.313413529944,11421.549605484413,8588.79834432803,4837.666537317294,7903.246669253654,8524.123658000259,9921.096882680118,4061.570301384038,4617.772603802871,4384.943733022895,5665.502522312767,6260.5096365282625,7760.962359332557,6208.7698874660455,6713.232440822661,8627.603156124693,7088.345621523736,5290.3893416116925,7786.832233863665
1941-01-01,4592.269477765661,4168.181267417908,7863.807100448321,12528.777414273596,7936.5079365079355,14043.378165515569,15400.460438628377,14285.714285714284,7682.055010299285,5234.460196292257,7306.434023991275,7197.382769901853,10917.242214952137,8796.801163213377,6736.944141524294,4858.839209984248,5634.314794620138,11159.578335150853,10856.658184902459,7766.872652368835,10105.41621228644,7463.952502120441,7827.456682418514,3828.9106991397066,8578.698655034532,5210.2265842723855,6312.855931176541,6640.009693444807,8724.100327153761,11741.185023627771,5767.599660729431,12128.922815945716,12262.20768205501,10032.715376226826,5282.927420332,9972.131346177148,9523.809523809523,11607.900157518477,5028.474494123348,5694.898824669816,5343.511450381679,6530.958439355385,7270.083605961468,8845.26838725312,7439.718890100569,7875.923906458257,10723.373318793165,8154.61044468678,6058.40300496789,9608.627165879074
1942-01-01,5971.489504994949,5511.28072735436,10697.0479290605,14861.376136491188,10292.962173083399,16163.430239084071,16545.06678639578,14726.68088449882,9394.993826467617,6644.965764956785,9305.196991806039,10315.411381748792,11774.609944999438,10315.411381748792,9653.159726119655,6184.7569873161965,6925.580873274217,12369.513974632393,12986.867212930743,9799.079582444718,11875.631383993714,8968.45886182512,9192.950948479065,5129.644180042654,10113.368503760243,6600.067347625996,7385.789650914805,9237.849365809854,9776.630373779324,13301.156134246268,7363.34044224941,17869.570097654057,13368.50376024245,11583.791671343584,7172.522168593557,12706.252104613312,10831.743181052867,13346.054551577057,6510.270512964418,8474.57627118644,6398.024469637445,8328.656414861376,10180.716129756425,10438.882029408463,9507.23986979459,8788.865192501964,13839.937142215736,9787.854978112022,6925.580873274217,10932.764620047143
1943-01-01,7256.33319021039,6139.97423787033,11217.260626878488,17056.676685272647,11453.413482181193,17400.171747531127,17496.779733791325,16004.723057106054,11346.071275225419,8039.931300987548,10991.84199227136,11163.5895234006,13718.334048948045,12344.353799914124,11399.742378703306,7696.436238729068,8705.452984113354,13911.55002146844,14222.842421640187,12086.732503220266,14727.350794332331,10251.180764276512,10519.53628166595,5936.024044654358,12398.024903392014,7653.4993559467575,10294.117647058823,11045.513095749247,10755.689136968655,15607.556891369686,8619.579218548733,16638.042078145125,15199.65650493774,13664.662945470158,8608.844997853155,15060.111635895233,12548.303993130097,13374.838986689565,7245.598969514813,9156.290253327608,7996.994418205238,10412.194074710174,12494.63288965221,12161.872048089308,9521.253756977243,10165.306998711892,16176.470588235294,11431.945040790039,8029.19708029197,12569.772434521254
1944-01-01,7894.736842105262,7318.096036905011,11281.191025372194,16942.75529461103,11396.519186412244,17005.661564269238,17508.91172153491,16030.614384566994,12098.972530928915,8932.690291465715,10526.315789473683,11637.659886768713,14730.551478297337,12675.613336129167,12392.535122667225,8156.846299014468,9394.002935625917,13944.22310756972,14248.270077584399,11773.9568043615,14709.5827217446,10610.19081568463,11354.581673306771,6730.970853428391,12423.98825749633,8156.846299014468,10694.065841895575,11543.3004822814,11344.097295030404,16523.3801635563,9519.815474942336,15999.16124973789,16449.98951562172,13944.22310756972,10117.425036695324,14699.098343468231,13336.129167540365,13755.504298595093,7894.736842105262,10232.753197735374,9215.768504927657,11197.315999161248,11302.159781924931,12769.97274061648,9834.346823233382,10096.456280142587,16324.176976305303,11700.566156426923,8691.549591109246,13032.082197525686
1945-01-01,8165.559529892693,7695.452222789984,11752.682677567705,16555.952989269288,12396.525293817067,16269.800715380683,17925.39601430761,15861.011752682676,12416.964741951966,9187.53193663771,11200.817577925396,11691.364333163005,15206.949412365866,12927.950945324475,12049.05467552376,8329.075114971894,9279.509453244762,14123.658661216146,13786.40776699029,11251.916198262647,13714.86969851814,11435.871231476749,11722.023505365354,6540.623403168114,12386.305569749617,8533.4695963209,10597.853857945835,12233.009708737864,11640.265712825752,16443.536024527337,9923.352069494123,16944.302503832394,17179.35615738375,13909.044455799693,10107.307102708226,14021.461420541644,13336.739908022482,13469.596320899334,7889.626980071537,11067.961165048542,9463.464486458864,11057.741440981094,11783.341849770055,12887.072049054676,10086.867654573325,10700.051098620337,14839.03934593766,12171.691364333163,9197.75166070516,13019.928461931528
1946-01-01,6906.8525391509,6879.695845025798,10238.073685163392,15443.10672580791,11143.296822666785,14483.570200054311,16529.374490811984,14293.473341178598,10862.677650040734,7775.866751154159,11206.662442292023,10889.834344165836,14030.958631302614,10962.252195166107,10337.648230288765,7558.613198153344,7649.135511903683,12872.27301529827,12238.616819045894,10391.96161853897,12111.885579795418,10799.312030415496,10862.677650040734,5594.278989770978,11849.370869919434,7920.702453154701,9767.357653661626,10744.998642165292,10573.006246039648,14003.801937177514,8572.463112157146,16167.285235810625,15615.099121933556,11985.154340544943,8690.142120032588,12582.601611297183,11813.161944419298,12718.385081922692,7160.31501765185,10147.551371413052,7965.963610029871,9604.417488911016,10147.551371413052,11568.75169729338,9504.842943785641,9921.245587037203,12962.79532904861,10989.40888929121,8427.627410156603,12356.295826921334
1947-01-01,6599.233216412432,6036.381434048454,9780.56937760013,14063.137286891262,11191.77746961416,14038.665470266742,15319.357206949995,13679.745493107104,9747.940288767435,7308.9158985235335,9878.456644098213,10384.207521004975,13467.656415694591,10734.97022595644,10637.082959458357,7096.82682111102,7259.972265274492,11893.302879517089,11297.822008320418,9641.89575006118,12023.819234847866,10367.892976588628,10033.444816053512,5457.215107268129,12072.762868096908,7382.331348397096,11966.718329390651,10351.57843217228,10057.916632678032,12961.905538787829,8369.3612855861,14609.674524838892,14283.38363651195,11509.91108573293,8410.147646626967,12358.267395382984,11240.721102863203,12138.021045762296,6550.28958316339,10229.219349049677,7308.9158985235335,9413.49212823232,9756.09756097561,10930.744758952605,8581.450362998614,9234.0321396525,12488.783750713761,10588.139326209315,8450.934007667836,12325.638306550289
1948-01-01,6804.665173399243,6804.665173399243,10458.021163203832,14026.41538580366,11500.733760716768,13454.854406426199,16374.449679462423,12968.255194253496,9577.508303081795,7700.625627558507,12520.274967173862,10442.573569166601,14034.139182822275,11184.05808295358,10427.125975129373,7731.520815632965,7901.44435004248,11832.857032517186,11956.437784815014,9809.222213640225,12056.847146057002,11207.229474009422,10643.392291650574,6155.866223835637,12651.579516490307,7785.587394763265,11292.191241214181,11933.266393759171,10133.621688422028,12875.569630030122,8928.70935351819,13987.79640071059,13771.530084189388,11902.371205684714,8836.023789294817,12945.083803197651,11099.096315748822,11338.534023325867,7152.236039236889,11608.86691897737,7492.08310805592,9430.756159728122,9940.52676295667,11184.05808295358,9284.004016374449,9423.032362709508,12960.531397234881,11091.372518730208,8534.795705568857,12628.408125434464
1949-01-01,6483.0574036825,6328.330496673371,10389.911805663003,13925.421630821598,11434.318427974624,13012.532879467739,17685.28547114343,13956.367012223423,9639.486306668729,7604.827479498684,10536.902367321676,10034.039919542007,13074.42364227139,10498.220640569394,10165.557790499766,7272.164629429057,8370.725669193873,11589.045334983752,11921.70818505338,9391.923255454123,11782.453968745163,10328.021042859353,10304.812006807982,5500.541544174532,11086.182887204084,7566.145752746402,9523.441126411883,10529.16602197122,10034.039919542007,12679.870029398111,9190.778276342255,14451.493114652636,13445.7682190933,11264.118830264582,9128.887513538604,12695.342720099025,10854.09252669039,10939.192325545411,6846.665635153952,8672.443137861674,7419.15519108773,10204.239517252048,10018.567228841095,10877.301562741759,9167.569240290886,8873.58811697354,12811.38790035587,10761.256382484913,7860.126876063747,13167.259786476867
1950-01-01,7022.23580652556,6487.353862611752,10758.768243294873,14877.359211431192,12103.614273706733,14655.765263238329,18545.121112554447,15908.917246122108,10323.221517536487,8305.9524719187,11759.761595476428,10330.862688163828,14075.036295560481,11652.785206693667,11316.573699090703,7625.888286085429,8649.805150149004,12875.372507068085,13005.272407732866,9368.075189118974,13119.889967142968,11056.773897761139,10988.003362115078,5960.113089325285,12821.884312676704,8367.08183693742,10605.944830748072,12095.973103079394,10491.32727133797,13906.930541758999,9627.874990448538,15962.405440513488,14273.706731871323,12309.925880644916,8894.322610223888,12951.784213341485,11859.09681363185,12233.514174371516,7205.623901581723,9918.239474287462,7946.817452433714,10636.509513257432,10628.868342630092,11713.914571712388,10139.833422480326,9085.35187590739,13731.183617330176,11576.373500420266,8030.870329334455,13692.977764193476
1951-01-01,7642.357642357643,6921.649778792636,11966.604823747683,15455.972598829743,13422.291993720566,15634.365634365637,18174.682460396747,15470.244041672615,10275.438846867419,8848.294562580279,11752.53318110461,10931.925217639504,14564.00742115028,12266.305123447983,11574.140145568717,8363.06550592265,8805.480234051664,13251.03467960611,13522.192093620666,9704.581133152562,13529.327815042103,11381.475667189954,11231.625517339804,6179.534750963323,13086.913086913088,8684.172969887257,10560.867703724847,11895.247609533324,10974.739546168119,14442.700156985873,10061.367204224349,16519.195090623663,14414.15727130013,13136.863136863138,9412.016554873699,13386.613386613388,12266.305123447983,12694.448408734124,8263.16540602255,10846.296560582276,8134.722420436707,10874.839446268019,11417.154274297132,12159.269302126446,10789.21078921079,9733.124018838305,13950.33537890681,12487.51248751249,8413.0155558727,14435.564435564436
1952-01-01,7975.589225589226,7316.2177328844,12478.95622895623,16154.601571268238,13839.786756453424,16386.08305274972,18890.291806958474,15838.945005611673,10795.454545454546,9273.288439955108,12226.430976430976,11875.701459034794,14772.727272727274,12528.058361391695,13075.196408529742,8810.325476992144,9182.0987654321,13636.363636363638,14302.749719416386,10451.739618406285,13916.947250280584,11574.074074074075,11798.540965207632,6460.437710437711,13012.06509539843,8810.325476992144,9476.711560044894,12605.218855218856,11307.519640852975,15039.281705948373,10563.973063973064,17627.665544332212,14555.274971941639,13489.05723905724,10086.980920314254,13755.611672278339,12605.218855218856,12871.773288439956,8684.062850729519,9518.799102132436,8417.508417508418,11265.432098765432,11623.17620650954,12577.160493827161,11328.563411896746,9890.572390572392,14471.099887766555,12724.46689113356,8726.15039281706,13930.976430976432
1953-01-01,8268.071245408551,7512.648139164183,12322.40626516044,16251.992515073809,13202.57814124333,16848.014415413403,18012.336267239585,16286.644951140064,11338.277080878786,9487.836994940744,11615.49656940883,11061.057592348741,15406.473075057176,13528.311040266131,12329.336752373692,9196.756531984198,9522.489431007,13819.391503222676,14657.980456026058,10430.383255942892,15233.210894725898,11996.67336613764,12218.448956961674,6618.6152886547925,12765.95744680851,9037.355326079423,9508.628456580498,11816.480698593112,11726.384364820848,15676.762076373969,10645.228359553677,17839.07408690831,14969.852380622358,14075.819530112967,10520.479589715156,13673.851271744403,13188.717166816827,13375.840321574606,8829.44070968189,10277.912537251368,9009.633377226419,11372.929516945042,11553.12218448957,12953.08060156629,11414.512440224547,10139.302792986347,15025.296278328366,12821.40134451452,8822.51022246864,13895.626862568439
1954-01-01,8013.458765364278,7553.388724850648,12126.622261896586,15951.38364348005,12916.294719494608,16404.58696697109,17997.66531621232,15992.5839456156,11179.01531277896,9276.934697521114,12463.09139600357,11069.147840417496,15058.710430543157,12428.757810890613,12627.892604545767,9002.266016617454,9366.202018814804,13548.032685573027,13953.168989905926,10355.00927006798,14207.237519741811,12003.02135548994,12057.955091670672,6495.914303371557,12408.157659822838,9132.733640046694,9661.470850786238,12312.023621506556,11989.287921444757,15422.646432740506,10691.478404174963,17455.19467142759,15038.110279475382,13554.899402595618,10327.542401977615,13245.897136579,12600.4257364554,13259.630570624184,8308.727597335714,10361.87598709057,8926.732129368947,11542.95131497631,11261.415917050057,12737.76007690723,11515.484446885943,10238.275080683925,14990.043260317241,12263.956602348417,8397.994918629403,13287.097438714549
1955-01-01,8812.208791950841,8116.685799176176,12377.608211222905,16733.067729083665,13363.495171854953,16989.66844486461,17712.202039300424,17165.2373556621,11769.869673846984,9960.1593625498,11452.495104328449,11148.625835640489,15450.064150178945,12884.056992369506,12154.770747518402,9237.625768113985,9582.010939293672,14288.608278749409,14457.424539131609,11101.357282733474,15051.657775676953,12276.318454993585,12485.650617867514,7218.583293942873,13059.625903166992,9480.721183064354,10426.092241204673,11432.237153082586,12620.703626173274,15679.654264298737,11081.099331487609,17941.792153420218,15598.622459315282,14167.060571274225,10534.134647849281,13829.428050509825,12985.346748598826,13775.406847187522,8589.371328246336,9392.936727665608,9122.830711054088,11830.643527584578,11736.106421770544,13181.173610642178,11844.148828415153,10534.134647849281,15004.389222769938,12769.261935309609,8899.993247349585,13545.81673306773
1956-01-01,9077.254620257298,8241.36354731274,12649.382877293801,16959.446222164173,13570.16913733429,17827.989290145626,18546.333180957354,18265.526023640043,12211.846143799385,10135.179259452752,11650.23182916476,11702.475021223796,16149.676745249133,13132.632403839872,12218.376542806764,9482.139358714816,10004.571279305164,14634.624175537123,14895.840135832297,11317.181479788414,14824.005746751125,12172.66374975511,12649.382877293801,7033.23973094756,12871.4164435447,9619.277737869783,10546.594396917651,11219.225494677723,12740.808463397112,16123.555149219615,11264.93828772938,17201.070985437207,15881.93038594658,14321.165023182915,10722.915170116892,14014.236269836085,13524.456344282635,13589.760334356428,8528.701103637432,9625.808136877162,9456.017762685298,11996.342976555867,11983.282178541107,13446.091556194082,11944.099784496831,11082.087115522758,14869.71853980278,13106.510807810357,9651.92973290668,13811.793900607325
1957-01-01,9228.240945578662,8090.512609822388,12540.294545224702,16958.472915744896,14050.944946589976,18070.918399595477,18576.575437709376,17046.96289741483,12104.165349851464,9986.72650274951,12445.483850578346,11737.563997218887,16067.252386069149,12932.178749762974,12426.521711649075,9531.635168447001,10429.176411099173,14853.675494595791,15024.334744959233,11333.038366727767,14562.9226976803,12375.956007837685,12515.011693319007,6876.93571834903,12856.33019404589,9240.88237153151,10505.024966816258,12616.143100941787,13052.272296315025,16275.835914291132,11642.753302572532,17186.01858289615,16067.252386069149,14259.52847481196,10814.73990266102,13482.08077871184,13804.43714050945,13336.704380254094,8450.793249478542,10979.078440048039,9525.314455470578,12091.523923898616,12325.390304026296,13513.684343593959,11807.091839959548,11149.737690411479,14986.41046710069,13134.441565008534,10094.178623348715,14120.472789330637
1958-01-01,9245.411284840244,8275.137506952598,12286.014461405352,16717.137383350844,14041.159384463259,16519.374575118967,18707.125641184102,16859.279401767504,12156.232618503182,10079.723132068475,12465.237006365489,11630.92515913726,15518.200358445089,12502.317532908966,13250.108151535751,9647.116989061244,10314.56646684383,14597.367282615412,14442.865088684259,11532.043755021321,13800.135961930659,12632.099375811136,13033.805080032136,7292.50355355046,13126.506396390829,9517.335146159076,11933.74945924232,13027.62499227489,12798.961745256782,15326.617637970458,12063.531302144489,17180.643965144303,16117.668870897965,13559.112539398058,11470.24287744886,13484.951486311105,13441.690872010382,13577.652802669798,8454.360051912736,11192.138928372782,9597.676287003274,11952.289722514059,12193.313145046659,13348.98955565169,11711.266299981458,11000.556207898151,14683.88851121686,12910.203324887212,9807.799270749643,13948.458068104566
1959-01-01,9467.780284094373,8754.496128756935,12656.221422910445,17356.581113211,14503.444491861246,16881.05834298604,18935.560568188746,17027.3730415168,12747.668109492168,10418.825824544292,12516.003170151804,11942.937267573006,16088.52039261111,13052.49039809791,13101.261964274829,9882.338596598185,10461.500944949095,15046.02816557947,14643.662744619889,11729.561665548987,14229.104432116077,12741.571663720053,13387.794915564227,7772.968359446443,12686.703651771018,9870.145705053954,10711.455221605805,12875.69347070658,13399.987807108457,15917.819910991893,12327.013351216243,17874.779003840762,16765.22587331586,14210.815094799733,11699.079436688411,14155.9470828507,13698.713649942085,14125.464853990125,8827.653478022314,9882.338596598185,9998.171066268367,12272.145339267208,12522.099615923918,13777.967444979578,12229.470218862405,11455.221605803818,15119.185514844847,13637.749192220937,9955.495945863562,14338.840456014146
1960-01-01,9532.687796956758,8564.38323209238,13002.947013893065,17627.95453178565,14801.226920069766,17200.938232994526,18794.731460876887,17279.124315871773,12660.13111204667,10519.035304023577,12539.844830697059,11794.069886329464,16226.619354062668,13369.820172009382,13297.648403199615,9929.632525410478,10314.548625729236,15324.472243940578,14951.584771756781,12040.656763096169,14500.511216695735,13123.233295242677,13387.863114211825,7620.135923497925,12852.58916220605,10019.847236422685,11481.325554820472,13327.719973537018,13658.507247248452,16310.819751007397,12052.68539123113,18518.07301377278,17122.752150117278,14494.496902628254,11872.255969206712,14229.867083659108,13862.993925542793,14181.752571119263,8979.370902748542,11667.76929091237,9977.747037950321,12148.91441631082,12762.374451193842,13959.222950622481,12329.343838335239,11878.270283274192,15270.343417333253,13652.49293318097,9983.761352017802,14326.096108738799
1961-01-01,9616.757914782194,9134.729826231849,13151.630564151394,17769.578671744825,15115.448702689837,17721.970959295406,19257.319685789098,17186.38419423947,12675.553439657226,10705.784337062605,13133.777671982862,12110.2118543204,16615.091644846467,13472.982623184957,13538.443227802905,10414.187098309927,10533.206379433468,15752.201856700785,15430.849797667222,11824.565579623899,14294.215662937397,13467.03165912878,13621.756724589384,8087.3601523446805,12437.514877410142,10289.216853130207,10295.167817186384,13228.993096881695,14020.471316353249,16525.82718400381,12336.34848845513,18763.389669126398,17472.03046893597,14437.038800285647,11937.633896691264,14490.597476791241,13937.15781956677,14621.518686027137,9259.70007141157,11449.654844084742,10313.020709354916,12449.416805522495,13014.758390859319,14181.147345870031,12651.749583432516,12217.329207331588,15710.545108307546,13776.48179004999,10146.393715781956,14645.322542251844
1962-01-01,9965.312481627374,9406.784643424071,13387.03039567288,18284.437650655535,15297.783526368394,18272.679169851257,20212.82850255747,17720.03057205009,12987.242048327356,11176.436004468223,13563.407607737081,12640.366864601094,17090.95184902111,14233.641013581046,13822.094185431242,10841.31930154624,10823.68158033982,16303.133635134342,16032.6885766359,12152.38991122347,15056.734669880652,13851.490387441943,14151.331647951085,8213.298841789641,14327.708860015287,10817.80233993768,14351.225821623846,14027.867599506144,14486.448350873068,17261.44982068317,12487.506614145454,19807.160914809807,17961.079428537832,14927.39138103357,12075.95978599565,14945.02910223999,14415.897466047387,15303.662766770534,9747.780586748193,12663.883826209654,10670.82132988418,12622.729143394674,13675.113175377743,14686.34252454583,13216.532424010818,12575.695220177553,16391.322241166443,14245.399494385327,10582.632723852079,15168.440237521312
1963-01-01,10358.056265984655,9741.920483608463,13456.172983027203,18664.264124622183,15537.084398976982,18524.76168332946,20954.429202511044,18251.56940246454,13363.171355498722,11764.70588235294,14269.93722390142,12962.101836782143,17373.8665426645,14583.817716810045,14066.496163682865,11206.696117182051,11299.697744710533,16536.851894908163,16362.473843292259,12421.529876772844,15647.523831667055,14450.127877237852,14560.567309927925,8916.531039293188,13985.119739595442,11166.00790513834,13072.541269472216,14142.059986049757,14548.942106486864,17484.305975354568,12636.596140432457,19472.215763775865,18367.821436875147,15287.142524994188,12276.214833759592,15263.892118112068,14705.882352941177,15711.462450592886,10044.17577307603,12096.024180423157,11055.568472448267,12898.163217856312,13816.55428970007,15048.825854452452,13740.990467333178,12758.66077656359,16513.60148802604,14328.06324110672,11003.255056963497,15205.766100906765
1964-01-01,10958.433527997251,10300.011450818733,13895.568533150119,19369.059887781976,15910.912630253062,19099.9656475438,21911.141646627733,18905.301729073628,14021.527539219054,12298.179319821367,14720.02748196496,13260.04809343868,17989.23623039047,15109.3553189053,14645.597160196954,11393.56463987175,11656.933470743157,17061.71991297378,17027.367456773158,13219.970227871292,16626.58880109928,14691.40043513111,14977.670903469598,9103.40089316386,14010.076720485515,11765.716248711782,12710.408794228786,14261.994732623381,15086.453681438223,18109.469827092635,12939.425168899576,19397.686934615824,19185.846788045343,15922.363448986602,12916.523531432496,15876.560174052443,15366.99874040994,16311.691285926943,10563.38028169014,11805.79411427917,11542.425283407763,13477.61364937593,14267.720141990152,15658.994618115194,14651.322569563723,13397.457918241154,16993.01500057254,14994.847131569906,11559.601511508072,15304.01923737547
1965-01-01,11514.674463060834,10693.804115596535,14213.426290340716,19852.693129427636,16541.099741369613,19757.112335544807,23214.88811424716,20021.36511863263,14612.616664792531,13105.813561227931,16029.461374114471,14702.575059035194,18964.35398628134,16175.643764758797,15354.7734172945,12088.159226357808,12223.096817721802,17699.314067243897,17676.824468683233,13954.795906893061,17744.293264365228,15787.698189587314,15900.146182390643,9681.772180366579,14781.288653997524,12335.54481052513,14528.280670190035,15523.445406499492,15669.62779714382,18801.304396716518,13398.178342516585,19565.95074777915,19852.693129427636,16698.526931294276,13628.696727763408,16490.49814460812,16046.328573034969,17142.69650286742,11379.73687169684,13212.639154391092,12268.076014843135,14095.355897897221,14612.616664792531,16406.16215000562,15343.528618014167,14224.671089621048,17935.454852130886,15675.250196783985,12206.229618801302,15843.922185988979
1966-01-01,11944.869831546708,11534.675125793043,14772.478669875301,20695.690220958215,17102.384598556113,20766.790636622183,23758.477357252243,20165.17173485014,15210.019689345876,13919.273681907678,16856.267775103915,14427.915117042223,19733.099978122948,16725.005469262742,16041.34762633997,12825.42113323124,12956.683439072413,18425.946182454605,18469.70028440166,14395.099540581929,18480.638809888427,16533.581273244366,16369.5033909429,10276.74469481514,15390.505359877488,13241.085101728288,14345.87617589149,16380.441916429665,16577.335375191426,19563.5528330781,13766.134325092977,19995.624589805295,20608.1820170641,17501.640778823014,14138.044191642966,16992.99934368847,16768.7595712098,18086.85189236491,12311.310435353314,14077.882301465763,13055.130168453292,14838.109822795886,14914.679501203238,17140.66943775979,15986.654998906148,15357.689783417196,19131.48107635091,16495.29643404069,12677.75103915992,16227.302559614964
1967-01-01,12282.753122508637,11894.764815306935,15301.621047036937,21264.9481796439,17507.307998937016,21886.79245283019,24740.89821950571,20558.06537337231,15981.929311719372,14615.997874036671,16502.79032686686,14924.2625564709,20201.966516077595,16848.25936752591,16343.343077331914,13382.93914429976,13691.203826733989,19250.597927185754,19213.393568960935,14615.997874036671,18469.30640446452,17066.170608557,16869.519000797234,10884.932234918948,15386.659580122241,13754.982726547965,14424.661174594738,16460.27106032421,17193.728408184958,20249.80069093808,13925.059792718575,20499.60138187616,21493.489237310656,17672.070156789796,14796.704756842944,17422.269465851714,17427.584374169546,18846.66489503056,12840.818495880945,14148.285942067498,13457.347860749402,15593.941004517672,15142.173797501991,17688.01488174329,16800.425192665425,15779.962795641773,19606.696784480468,16800.425192665425,13101.24900345469,16922.66808397555
1968-01-01,12928.221859706362,12331.769983686787,16481.443719412724,22094.208809135398,18041.394779771614,22063.62153344209,25326.26427406199,21146.003262642742,17103.38499184339,15222.26753670473,17001.42740619902,15145.799347471451,20671.900489396412,17429.649265905384,16930.05709624796,13932.504078303426,14299.551386623165,20075.448613376837,20044.861337683524,15079.52691680261,19438.21370309951,17806.89233278956,17801.79445350734,11470.228384991844,15497.553017944536,14401.508972267537,14600.326264274061,16731.239804241435,17908.84991843393,21079.7308319739,14549.347471451876,22124.79608482871,22609.09461663948,18520.595432300164,15456.769983686787,17964.926590538336,18077.079934747144,19473.89885807504,13539.967373572594,14585.032626427406,14319.942903752039,16328.507340946166,15415.986949429038,18439.029363784666,17633.564437194127,16389.68189233279,20320.146818923327,17475.53017944535,13366.639477977162,17205.342577487765
1969-01-01,13757.4108270969,13028.477014287104,17703.372533773934,22723.2967246574,18932.84089804646,23802.118767615902,24001.36067645058,21970.065118087277,18296.2387015259,15997.66741179901,17970.648265137526,16435.027699484886,21343.182039070853,18179.609291476336,17810.28282631937,14758.479930022355,14457.187287394305,20677.422490037905,21654.193799203033,15851.88064923705,19958.20779473224,18607.25046165808,17713.091651278064,12129.45864515502,16459.325493245215,15317.329186509865,15574.885800369328,17732.529886286327,18670.424725434932,22261.638643211198,15108.368160171058,23068.32539605404,22446.30187578968,19229.27398192244,16206.628438137817,18456.604140344058,18767.615900476238,19511.12838954223,14379.43434736126,15103.508601418991,14734.182136262029,16974.438720964135,15813.004179220528,19102.925454368746,18796.77325298863,16852.949752162505,20692.0011662941,18233.064437749053,13762.270385848966,17999.80561764992
1970-01-01,14222.40686885473,13456.123343950516,18556.986566957487,22919.2632599363,19803.351336380005,23810.183261782764,25518.16461247288,21806.767299081384,19069.38097216452,16350.459308498363,18109.218483127916,17038.268014587084,21382.080044315193,17767.622212989892,18261.551954946222,15053.316715136409,14748.649771499793,21012.786779301114,22466.87901029405,16475.095785440615,19387.896413239163,19004.754650787057,18210.774131006787,12629.829663481512,17241.37931034483,15681.115265660343,15681.115265660343,17989.198171998338,18450.81475326594,22660.757974426444,15787.28707935189,23962.51673360107,22711.53579836588,19097.077967040575,16775.146563264552,18764.714028527906,19087.845635415226,19877.20998938282,14887.134745880072,15630.337441720907,15067.165212574437,17458.3391035406,16424.31796150118,19378.664081613813,19189.401283294097,17209.066149656097,20311.129575774365,18409.269260951853,14568.61930480543,18640.077551585655
1971-01-01,14695.54520692382,13953.079694227219,19128.371847816536,22884.632281873295,20521.04384500483,23697.390387487918,27198.84017221685,22107.020472717686,19475.441525349266,16795.536420349705,17933.397768210172,17212.898690800455,21685.26491520956,18236.53457516914,18882.34777260346,15271.065811440118,15055.794745628678,21237.14963535717,23073.543625340477,16536.3324839645,19901.590369914768,19123.97856075916,18548.45795624286,13065.6357086372,17221.68526491521,15930.058870046567,16993.23433793164,18601.177400931374,18561.637817414987,22972.498023020824,16154.11650997276,24167.472102627184,22994.464458307702,19225.024163078815,17054.740356734907,19172.3047183903,19163.518144275546,19765.3984711361,15152.447060890958,16184.869519374395,15543.449608997451,17603.90123890695,16936.12160618575,19642.386433529566,19791.75819348036,17428.169756611896,20187.15402864423,18675.863280906775,15016.255162112291,19348.03620068535
1972-01-01,15463.65703697465,14756.169460119601,19839.130800977007,23801.903478480588,21325.696959487916,24425.166343805275,28556.388444369582,22934.38894971785,20466.604901878214,17699.82312810579,19199.02299334625,18230.438810747077,22454.30809399478,18963.193801061232,20096.016171144616,16006.906426345491,15573.149161964122,21911.058704623938,23915.606839046577,17042.870378168955,21060.389118167273,19851.764507706564,19211.656700075804,14010.780763075887,18916.870209719535,16950.223195485556,19270.61399814706,19561.18925292681,19190.600522193214,23759.791122715407,17009.18049355681,24623.09441590163,23595.5529352312,19973.89033942559,17674.555714646678,20163.395940368908,20016.00269519077,20365.53524804178,15969.005306156829,17750.357955024007,16449.086161879895,18327.297229006992,17598.753474269353,20453.971195148657,20727.70150762234,18083.04556556894,20866.672281647436,19409.58477217216,15703.697464836185,20449.75995957214
1973-01-01,16321.315926059007,16245.458537948654,20541.382201461252,24446.04144208887,22274.124645666147,25228.570287858824,28929.61232882181,23871.12229009462,21443.68587056334,18589.05258114744,21822.9728111151,19503.33373258274,23743.36247854034,20505.44975446161,21627.340599672614,16876.272607497904,16361.24086716972,22485.72683355292,24837.305864973845,17958.238511598192,22174.312292889364,21958.717610891523,20142.13279035413,14915.95799896195,20557.352177905537,17930.291052820696,25484.089910967377,21487.60330578512,19982.433025911283,24525.891324310294,17650.81646504571,25476.104922745235,24042.79953687068,20968.579071345866,18748.75234559029,21124.286341677645,20836.82676568052,20593.284624905176,16820.377689942907,21200.143729787997,17503.094182936078,19303.709027029185,18046.07338204176,21411.74591767477,21655.28805845011,18609.015051702798,22086.477422445798,20461.53231923983,16217.511079171156,22242.184692777577
1974-01-01,16398.66671550493,16310.757847697889,20314.27420241017,24654.774550382772,22497.34441961833,25196.879235192853,29317.607413647853,23537.599355334973,21087.13966521373,18383.94198014725,20720.85271601773,20387.53159224937,23786.674480788253,20043.22186000513,21420.46078898209,17208.160873228087,16922.457052855207,22306.87520603641,24728.031940221972,18068.93520383869,21676.86165341929,21621.91861103989,19728.21508369657,14856.598659389767,20222.70246511117,17878.46599025677,23090.72927731585,20402.18307021721,19801.47247353577,24442.32811984909,17794.21999194169,24709.717592762172,23929.52639097469,21068.82531775393,18874.766492069888,21570.63843815245,21035.85949232629,20317.93707190213,17050.657485073807,19460.82561078349,17501.19043258489,19567.04882605033,18057.94659536281,21376.50635507857,21698.83887037105,18299.69598183217,22533.97311453793,20530.38350243581,16413.31819347277,23138.34658071133
1975-01-01,16487.31100606792,15987.797110194777,19527.97613061115,24539.877300613498,22360.789835395084,24697.44208656006,29615.474873445306,22944.114787622784,20473.364846290522,17948.975828891347,21096.919105568406,19611.787186965703,23681.65208354286,19802.87639545409,21314.82785209025,16892.956518823965,17141.037245633444,21992.021187435046,24355.49297663348,17653.960910523318,21254.48389151497,21254.48389151497,19722.417781353717,14616.64822823427,20040.899795501024,17529.920547118574,21955.144322639044,21241.07412249824,19397.230882698044,24147.641556874183,18073.016192296087,24576.7541654095,23688.356968051226,20594.05276744108,19031.814676992188,21515.97438734118,20982.936068926214,20342.61959837742,16638.17090750612,19541.38589962788,17224.848301987997,19936.974085621376,17905.39407958698,21200.844815448054,21469.04019578263,18106.540614837908,22900.533038318415,20446.545308257064,16732.03929062322,22974.286767910424
1976-01-01,17279.400082615743,16672.492135616918,20047.027422071114,25340.789933589655,22913.158145594356,25264.52924915001,30339.042292904578,23609.036891106098,20835.05449461409,18687.045216230817,21098.78936163452,20155.06339169394,24289.027994026248,20781.036509802678,21766.070350481397,17590.79787741095,18022.94175590226,22490.546852658004,25061.16742397763,18795.081185853644,22465.126624511457,21610.371453083793,20364.780273902958,15528.581869022275,20135.99822058403,18254.901337739506,20199.5487909504,20962.15563534683,20393.378030567826,24838.74042769534,18575.83171808967,25401.162975437706,23863.239172571575,21454.67255568619,19525.91274506689,22531.854723396144,21727.940008261576,20971.688220901782,17387.43605223857,18194.528295891458,17997.52152775571,20742.906167582856,18639.38228845604,21845.508563439358,22144.196244161292,18836.389056591783,23589.97171999619,21213.180388293986,17333.418067427156,23224.555940389564
1977-01-01,17710.764075869083,17160.2943816191,20516.962843295638,25970.801172739782,23496.679231735776,26183.210674325375,31319.930592951594,23846.70615688386,21486.26817447496,19134.80524142883,21839.286782743973,20122.060671333693,25037.396039011546,21531.143421288816,22177.346975408364,18353.975946867708,18650.152575839165,23071.86022856459,25444.26494345719,18967.270986657095,23673.188535870282,22772.691916472206,21151.19966493149,16080.296774965596,20160.952551905702,18581.34386405792,19637.408005744033,21309.758870340454,21091.366002513012,25590.857416382456,19092.921677735892,26371.686710943577,24406.15090049662,22329.92281457548,20143.002453180157,23071.86022856459,22452.581822533357,21501.22659007958,17609.046849757673,19377.13157422366,18470.651588583736,21312.750553461377,19182.67217136361,22485.49033686352,22775.683599593132,18964.27930353617,24118.949320887932,22186.322024771136,17985.998922994077,24540.77664093819
1978-01-01,18472.245514003018,18296.15965118229,21711.666387165296,27002.627312873836,24663.200849684163,27167.533120912292,31720.610430991113,24305.439096651575,22538.990441053164,19995.527978087095,23494.885124937115,20954.217675666612,25750.46117725977,22270.66912627872,22782.1566325675,18919.44770529376,19646.151266141205,23819.1067136229,26292.69383419979,19394.600033540166,24534.63021968808,23721.28123427805,21879.367208899326,16538.09603667058,21711.666387165296,19347.084800715525,23016.937782995137,22941.472413214826,22170.048633238304,26482.754765498354,19978.75789591369,28075.912571971603,25012.577561630053,23005.75772821287,21010.117949577954,24014.757672312597,23151.09844038236,21991.16775672201,18271.00452792219,20850.80216893063,19405.780088322434,22424.39487953491,19897.702498742245,23355.13444015876,23796.74660405836,20043.043210911736,25437.419643356254,23056.067974733076,18561.685952261167,26164.1232042037
1979-01-01,18776.131729726938,18298.66308780261,22484.901667268878,27765.446755794146,25344.551695658905,28152.583492489546,31505.187632271714,24639.962834873277,23070.76859546792,20260.155887059307,23269.498786971555,20670.520827956432,26111.0824343158,22536.519898828265,23876.01300779435,19447.168739998968,20249.83224074743,24469.622670727298,26611.77928044185,19707.84080937387,24689.000154854693,24157.33236979301,22441.026170443398,17119.186496670623,21416.40427398957,19532.338822071953,21795.798275951063,22823.00108398286,22959.789397615237,27081.50518763227,20332.42141124245,28248.07722087441,25372.941723016567,23455.324420585348,22084.86037268363,24418.00443916791,23628.245496309293,22562.329014607956,18631.600681360655,21220.254994063904,19666.54622412636,23171.42414700872,19996.902906106436,23826.975687812934,24325.091622361015,20492.43792907655,26211.737985856602,23672.120993134773,18930.9864244051,26936.974139265985
1980-01-01,18834.919282298917,17982.767599299343,22892.10812858022,28274.866259527527,26082.94276381196,29269.04322302703,31328.409790276004,25585.854282062206,24014.10784452966,20361.691047673154,22740.614496046965,20962.93140178952,25919.61369123704,22167.77919803058,23848.411683946408,19296.501443923684,20946.361785731195,25289.968281020687,27157.600719594753,20278.842967381526,24215.310325237893,24338.398901671164,22179.614638072242,16962.552667708187,21639.91857217251,19760.450693556788,19062.159731098804,22217.48804620556,23763.19651564645,27934.0055863277,20468.2100080481,28289.068787577522,26040.33517966198,23490.981394688253,22792.69043223027,24224.77867727122,23751.36107560479,23429.437106471618,18853.855986365572,19573.45074089855,19592.387444965203,23630.639587179852,19803.058277706765,24096.955924821286,25013.018984045826,20806.703593239596,26345.689532736826,23751.36107560479,18962.74203474885,27486.625952752922
1981-01-01,19021.257271370803,18580.10942196657,23277.036524446943,28454.036286573104,26784.594425102176,29887.766797136865,30878.186968838527,25740.112016953917,24552.90530458664,20759.898795493373,23558.16015396925,20759.898795493373,26243.972060636203,22256.341500335184,24526.955431092272,19583.504530415416,21752.4814566529,25675.237333218,27420.366325714163,20329.563393378456,23776.5715892135,24481.54315247713,22587.202387388363,17317.215578574054,22280.128884371687,20147.91427891789,22623.964708172047,23482.473022944014,24282.594122353654,28395.649071210777,20768.548753324827,28092.90054710983,26548.88307419501,23382.998507882272,23889.021041022424,23642.497242825943,23977.683108794845,23744.134247345544,19127.219254806132,20859.37331055511,19806.240944575395,24680.49218260061,19823.540860238307,24436.13087386199,25301.126657007546,21261.596349717795,26237.484592262612,23614.38487987371,18869.88300932033,27705.814934152197
1982-01-01,18883.910386965377,18378.818737270874,22690.427698574338,28091.64969450102,26945.01018329939,30301.42566191446,31132.382892057027,25951.12016293279,24321.792260692466,20859.470468431773,22949.08350305499,20287.16904276986,26209.775967413443,21763.747454175154,24873.727087576375,19574.338085539715,21702.647657841142,26503.0549898167,27871.690427698573,20749.49083503055,23419.551934826883,24582.484725050916,22757.637474541752,17097.75967413442,21875.763747454177,20105.90631364562,22690.427698574338,23718.940936863542,24885.94704684318,28802.44399185336,20940.93686354379,27175.152749490837,27142.56619144603,23114.052953156825,24250.50916496945,22932.790224032586,24152.74949083503,24057.026476578412,18981.670061099798,20674.134419551934,19747.45417515275,24647.65784114053,19692.46435845214,24437.88187372709,25529.531568228107,21588.594704684318,26006.109979633402,23456.21181262729,18875.763747454177,26610.997963340124
1983-01-01,19414.77372949454,18644.532857730825,23403.171118907158,28579.2681731768,27328.851694333924,30962.50710463908,31587.715344060518,26323.422770123274,25176.88101444446,21684.338435607468,22632.930247143442,21157.12521803892,26286.184661819178,22035.160613840813,24779.021225721728,19499.049448288024,21592.22311506575,27524.841738039704,28530.270662250354,21355.075162181758,24169.492189796754,24882.895948885794,23293.41669443192,17137.36942163338,21854.849773631497,20847.46094898379,22681.927758069887,23561.923054308838,26005.91889931991,29770.887638907938,21204.162828528308,27226.93687160692,27999.13764380769,23569.762656057068,23275.7775904984,23569.762656057068,24367.442133939592,24971.091468553393,19663.68108500088,20561.31548517335,20212.45320737706,24645.7479960018,19826.352821276676,24886.81574975991,26147.031730788072,22125.316033945473,26562.530623444327,23742.233894518155,18691.570468220212,25223.91862493385
1984-01-01,20520.581113801454,19943.628934624696,24704.90314769976,30067.720944309927,28431.446731234868,33240.01210653753,33228.66222760291,27752.34564164649,26367.660411622277,23297.518159806295,24447.6392251816,21562.878329297822,27966.101694915254,23569.915254237287,26155.796004842614,21018.084140435836,22139.830508474577,29772.624092009686,30188.78631961259,22567.342615012105,25749.09200968523,27147.018765133173,24786.243946731236,17997.124697336563,22128.48062953995,22440.60230024213,23511.27421307506,25261.047215496368,27839.361380145278,31605.629539951573,21992.282082324455,27920.702179176755,29791.540556900727,25132.415254237287,24139.300847457627,24534.654963680387,25452.103510895882,26314.69430992736,20919.718523002422,22442.493946731236,21585.57808716707,25624.24334140436,20777.845036319613,26305.23607748184,27697.48789346247,23333.459443099273,27188.634987893463,25130.523607748186,19567.191283292977,25690.450968523004
1985-01-01,21277.688132609648,20472.71527064691,25671.116326829982,30796.171336364965,28848.833797858293,34368.12380812674,34045.40120287516,28867.170309520312,27191.213143611556,24196.86078920346,24763.45899955992,22011.148599090506,28504.10737861229,24119.84744022297,26631.949537919903,21248.349713950414,22308.200088015252,30975.869150652776,31371.93780255244,23483.570485550827,26991.34516649552,27766.97960979903,25575.76646618747,18292.504034032565,21715.93076133196,23168.182484964058,23676.10385800205,25859.982396948802,29144.051635616837,32616.986944403692,22722.605251576937,28533.445797271524,30832.84435968901,25865.483350447408,24442.570045474546,24919.319348687102,26235.88088602024,27277.394748423056,21488.558016722895,22266.026111192605,22245.85594836438,26318.395188499337,21283.189086108257,27055.522957312598,28654.466774240864,24358.222091829248,27660.627842159305,25597.770280181896,19968.46119994132,26276.221211676686
1986-01-01,21970.377826508968,21044.68490491426,26482.00740554337,31613.76136894704,29118.88413560053,35992.3787611892,34917.496494949126,29663.51511665528,28058.38156522989,25360.391127727646,25417.909911205374,22103.390013301218,29424.452672825966,24927.202789660994,27308.83991803573,21454.50623719308,21900.276809145485,32627.529927742024,32667.074091382965,24767.22867311356,27972.103390013297,28646.15163389294,26271.704353452922,18560.592443469817,22365.819462918356,24224.39515404249,23812.77635977999,26259.122119567168,30702.44814322177,33975.62641550131,22764.856023295106,29307.617643886828,32201.53143761009,26550.310960923172,24249.559621813994,25601.251033540637,27017.651076679726,28419.67142394938,22247.18697199554,22847.539274544342,23219.613905165905,25931.984038537583,21664.80928928353,27842.686127188408,29796.52730344753,25491.605852536217,28610.20239421936,26426.28608404932,20302.333105654812,25860.085559190422
1987-01-01,22564.46237502193,21292.7556569023,26802.315383266097,32418.87388177513,29266.79529907034,38051.219084371165,36018.24241361165,30827.92492545168,28830.029819329946,26114.716716365554,26230.485879670236,22659.182599543943,30363.094194001056,25721.803192422383,27723.206455007898,22143.483599368534,21776.881248903705,34295.73758989651,33811.61199789511,25900.719172075078,28172.250482371517,29605.332397824946,26830.38063497632,19193.124013330995,22655.674443080163,25169.268549377306,24230.836695316615,26946.149798281007,32213.6467286441,35521.83827398702,22906.50763024031,29950.88580950711,33439.747412734614,27075.951587440803,23908.08630064901,26102.43816874233,27863.532713559027,29329.94211541835,23024.030871776882,23527.451324329068,24183.476583055606,25702.508331871602,21945.272759165062,28572.18031924224,30770.040343799337,26679.529907033855,29040.51920715664,27091.738291527807,20571.82950359586,25244.69391334854
1988-01-01,23393.36846207282,22063.333389810407,27183.54483997221,33216.99056268108,29892.750038122023,40219.58286033785,38457.49817861439,32064.858270784975,29821.5889259755,27039.5283034852,26170.346147981225,23662.764100913235,31631.11434912997,26509.2085867742,28012.06350282103,23284.93248165907,22471.662628555936,36187.11983870148,35189.16995645618,27131.021161959303,28954.101082665493,29745.34487724708,27383.473678860068,19898.002405923315,22629.23366259467,26299.113874722556,21890.51354602599,27737.584927398722,33371.17297233188,37478.1857305027,23193.439623184968,31273.614476203384,35287.44006370614,27969.70569797191,24406.567154063807,27056.471425424847,29057.45412649735,31014.38471052676,23952.491486081224,23655.986852137376,25172.396265735922,26251.67313329154,22395.418579827518,29574.21934565663,31971.671100116906,27664.72950305823,29841.920672303077,27564.765083614308,21512.681926771827,25509.56439233493
1989-01-01,24433.031711094805,22737.425613434414,27395.451210564926,33522.4586288416,30863.291758376126,41834.18928833455,39579.35925654194,33760.49563870547,31109.48072063259,27622.075487079153,27395.451210564926,24834.107768810627,32425.20583679791,27622.075487079153,28422.59721203228,24103.692834433845,23127.0889378006,36646.286785685166,36075.6501182033,28080.21521154316,29888.318252221405,30964.375968044344,28168.25629738322,20733.675715333822,24009.130186679708,27240.564115105564,23919.45871036113,28267.710116572915,33724.62704817804,38627.211217086486,23692.834433846903,32042.064074345803,36620.200538028854,28862.80264123257,25111.27415015896,28099.779897285396,30232.33064318904,32345.31670335045,24765.631368712806,24553.680606505255,25836.797913100185,26766.12048585636,22906.986223200453,30449.17257683215,32829.54267547077,28991.60348903562,31023.07002527105,28714.43710768729,22202.657536479986,27183.50044835738
1990-01-01,24926.529521773977,22979.36540365545,27224.151749933208,33764.988763338624,31200.20115981204,41479.78186732881,41068.03287705678,33720.985054454584,31058.7606669705,28028.790998098408,27703.47786456287,25383.85378196162,33042.0706888152,27923.496408983043,28976.442300136725,24536.782385943956,24153.321494240226,36331.34792789678,36309.34607345476,27904.63767660417,29939.809212490763,31329.069164400997,28162.373685782084,20989.76913768446,24310.477597397494,27478.744637047977,25276.98763181468,29053.448790683786,32503.025254985776,38902.42177554965,24066.885637503732,32242.146123744715,37701.74914742814,29361.474752872025,25514.293347582152,28537.97677232795,30749.163143750684,31927.83391743018,25316.276657603998,25891.46799515959,26259.213276547594,27431.5978061008,23589.131083905642,30835.599000487182,32751.331897974254,28654.272288664328,31780.10718046235,28976.442300136725,22957.36354921343,28519.11803994908
1991-01-01,25191.918884818264,23256.768466017056,26953.772251189515,33225.90942948786,31237.553775291486,40417.737105331165,41836.03666600793,33818.76776674825,30513.962573917273,27852.18065457641,27247.161120654273,25096.149461106972,32307.739081525622,27546.6305884499,28782.5121992004,24846.844929541065,24450.085888451424,35702.233099737015,35883.13090008056,27341.410394782844,29335.846647310093,30892.479820014287,28212.456105680798,21227.36877308727,24775.397899153275,27312.527552711184,24839.24418162747,28866.12042624994,32585.926455163186,38113.19033792925,24374.078409315476,32269.735341957647,36282.93024033565,28841.79803292644,25217.761427724487,28381.1927093626,30773.90815256221,31039.934329538024,25074.867366948907,25851.663803718286,26325.950473526595,27206.11708192086,23799.461867047718,30448.59614186036,32578.32570724959,28069.56204490522,32119.240533268472,28785.55249836584,23078.91096483894,28606.174847605
1992-01-01,26133.28973573913,24431.497280104635,27212.330192324844,33705.89459290747,32140.840046371988,42448.20308552065,43201.74786718588,33908.02889331471,30951.814749858804,28774.412175619036,28367.17101156327,26218.007788115694,33774.263547456976,28850.212538271753,29896.554799203353,25871.70417050623,25364.882137867484,36604.14375315835,36418.35855057817,27991.141761540977,30141.791266609198,32075.443655063762,29098.42156891888,22127.760768110344,25223.685383906544,28590.113254659493,26528.64064682976,29701.85190689932,33199.07256026872,39703.040932195836,24969.53122677685,33521.59567194792,37247.70369489611,29808.86418358551,25859.813917541098,29050.860557058353,31583.484438631433,31700.90068666211,25736.452543027855,26984.929104366696,27681.99518444755,28173.95440087988,24376.5048601409,31345.679379328798,33289.73573912785,29171.24936833031,33050.44439820457,29991.676822924408,24192.205939181356,29105.85297702209
1993-01-01,26320.832788884534,24617.79694237554,27512.812695094155,33411.73396053835,32868.737023970265,42709.467601666736,44062.60435268667,33845.841137099465,31419.7772841442,29163.581456799802,27662.35463217039,27132.424466803142,33853.10045443327,29374.101659479944,30275.708872337647,25946.25201446056,25856.236479521467,36980.41436183341,36643.58203754519,28158.89193780217,30807.090901171654,31864.047504972634,29422.01315388301,22746.344933722434,26060.949228334568,29160.677729866282,26146.609172873385,29731.2600723028,33147.494809588105,39743.310539076905,25576.026830436866,33915.530583503925,37140.11934317697,30129.07066219493,26002.874689664186,29693.51162216705,31839.36582603772,32202.331692727617,26120.475630471712,27203.56577667436,28285.204059410255,28491.368671690114,24848.643233590312,31553.34872308608,33671.617521088316,29353.77557094531,33189.59885012414,30468.80671341667,24362.26897222585,29645.600127763984
1994-01-01,26976.27475229932,25243.43610957113,28244.27480916031,33520.974597353124,33583.52168535972,42912.988471434466,44593.230699248015,34005.71452940424,31714.216668798956,29979.956501343342,29392.866788917796,27532.09092072157,34612.705588013705,30274.21211991983,30703.512587601464,26446.046028970675,26781.52586464242,37822.50842253401,37188.50839410352,28696.319672480706,32250.13149103729,33039.07771475685,30272.790595192408,23792.05936287262,25722.489942712557,29782.364564231597,27662.87119564445,30729.10003269507,34241.6876341564,39959.06008785023,26001.10878928739,34592.80424182979,37327.81781739094,31011.983453452176,26350.80387223336,30527.24352140106,32149.203235390283,32308.414004861617,26819.90703228283,28376.47660881061,28937.978876142555,28838.472145222968,25492.20293687009,32090.920721565955,34255.90288143063,29819.324207144586,33547.98356717415,31398.638179311132,24848.252235347638,29900.351116607675
1995-01-01,27695.863442072878,25899.78140707016,28894.643777063062,34291.24375200145,34800.82981774641,44247.66439719867,44661.18095874581,34671.34483382761,32713.754646840152,30958.04964983362,29778.76167801401,28197.09563788759,35689.12465366248,30696.29505868594,31116.77317850828,26881.361123873972,27331.07778845217,38934.60312156274,37689.876501956205,29312.337273575322,33138.409701627614,33861.01945059383,30959.441961488665,24348.74622335464,26075.21267560531,30612.75635938349,27016.415354412933,31456.49722233825,35125.23843337093,41195.7172493491,26764.40694485054,35335.4774932821,38394.38619940688,31704.328696935525,26694.791362098495,31553.95903819111,32834.88576082871,33301.310165267394,27519.039861882688,28081.533770519196,29891.53892207232,29581.053422998208,26480.3753672222,32868.301240549685,34856.52228394804,30470.74057056932,34076.82775712516,32044.052740765495,25113.12532197207,30377.45568968158
1996-01-01,28206.95124285597,26604.501080149854,29720.528316333504,35428.915201400094,36008.64119882961,45381.33391670541,46312.45043616177,35859.60786458476,33498.31824769614,32096.857994476195,31733.16196778692,28792.146353468783,37006.75435478137,31569.088572288,32388.088271486777,27774.89130137548,27904.782739478793,40396.23725012989,38446.49840028439,30270.174191254886,33937.214580655746,35456.26076731658,31886.297136919246,25138.77874702617,26540.23900024611,31502.09193579261,29570.12770379283,33321.9393475348,36012.74303371708,42456.725641937155,27107.659493013205,36461.21031474746,39563.56476797287,32489.266865377776,27517.842981760507,32779.12986409254,33830.56687358145,33712.98094014056,28377.86102983401,30294.785200579725,30491.67327517843,30622.931991577563,27595.777844622495,33868.85066586453,35512.31917744537,31287.42924334819,35409.77330525855,32991.057999945304,25659.71177773524,31027.646367141566
1997-01-01,28919.74354494012,27133.429212758234,30650.94960953776,36520.652159303216,37198.08061936316,47350.098791650424,48036.93598032231,36383.55354238632,34110.673530558204,32801.51614941061,32523.28660331456,28906.302504065912,38202.126372666295,32387.532090485085,33546.149813841585,28747.698221750292,28699.310474603153,41909.165445772116,39559.671500961034,31246.387720265055,34933.265232059566,36407.74741595989,32939.95887041492,25835.024664310004,27095.79429831046,32595.86822403527,28489.63023696555,33488.3533380825,37601.31184558932,44091.99048374306,27656.28570276482,37008.56194303687,40918.56073334319,33707.44230433204,28322.961330125403,33622.76374682455,34902.3508380489,34913.10367074826,29204.69361147327,30352.558502130403,31273.269802013467,32149.625667011653,28613.28781300824,34937.29754432183,36774.68783182569,32257.153994005293,36835.172515759616,34179.22283901665,26326.966760305917,32637.535450745305
1998-01-01,30129.19347121059,28188.633101174968,32129.565633473336,38667.65909936732,39742.9422085172,50277.792546121535,50669.8920729438,39172.736455951934,35731.56467648466,34759.95534052847,33503.907703758836,30282.045829124356,39781.48758573023,34278.802700834705,34851.666755276725,29832.792811951724,29656.01573714711,43747.67398585783,41845.65899303525,32969.58902652985,36458.61023977883,38760.69966505396,33946.51496623956,26814.291030889468,28524.90828858525,33813.59987240151,30949.279600191396,35117.49694295284,40298.527300760274,46072.35897708544,28417.247062576425,38962.73060768781,42585.99606571322,35145.40911265883,29249.29555000266,34588.49486947738,36333.670051571055,36620.76665426126,30498.697432080386,32267.797331064914,33382.954968366204,33967.781381253655,29594.874793981602,36627.41240895316,38534.74400552927,34149.87505981179,39227.23164442554,35928.279015364984,27177.14923706736,34232.28241799139
1999-01-01,30582.20614448988,28665.985110621787,32714.69015413652,40333.7003250498,41030.984586347906,52034.18265702002,52162.629757785464,40868.45968333857,36291.54870504351,35721.40085980916,33737.024221453285,31047.499213589177,40720.352312047806,34864.2130649051,35292.80696235713,30439.341512005867,29812.834224598926,45830.71196392995,43299.77980497011,33788.14092481912,37523.59232463039,39717.67851525637,34526.056411869555,27142.969487260143,28565.062388591796,34391.05588759568,31069.780853517874,36102.81010800041,41747.92911817133,47138.775296214735,28293.75065534235,39851.368354828555,44222.50183495858,35650.623885918,29375.06553423508,34886.4947048338,37340.09646639404,37349.27125930586,31147.111250917475,33168.18706092062,33824.84009646639,34772.46513578693,30251.91359966446,37607.47614553843,40155.447205620214,35339.99161161791,40576.176994862115,36611.355772255425,27572.874069413858,36067.42162105483
2000-01-01,31151.55398910605,29197.052226850363,33819.929509772504,42819.60909964754,43612.94456904838,55200.25632809996,55782.12111502723,43427.10669657161,37764.81896827939,36976.610060877916,35104.13329061198,32275.55270746555,42565.84428067927,36082.02499198974,36210.189041973725,31871.835950016015,30755.527074655554,49463.63345081704,45614.86702979814,35233.5789810958,38890.099327138734,41586.67093880166,35810.317206023705,27787.24767702659,29581.544376802303,35257.93015059275,33184.235821851966,37217.5584748478,45286.76706183915,50260.81384171739,29608.45882729894,40994.55302787568,46254.405639218196,36652.35501441845,30987.504005126557,36380.64722845241,39016.981736622874,38983.65908362704,32211.470682473562,34380.00640820249,34688.88176866389,36376.80230695289,31092.59852611342,39310.47741108618,41928.86895225888,37185.5174623518,41939.122076257605,37880.16661326498,28602.3710349247,37945.5302787568
2001-01-01,31406.43996841432,29922.414549465422,33851.82307007758,42673.251193863354,43739.894463732875,56594.763295438876,56241.30453856084,46278.02915408044,38125.91654863818,37303.686248950275,35298.24649361393,32336.462654951556,42990.36135517591,35896.118220673576,36488.976348344884,32082.022485993257,32166.000275747963,49975.558702981834,46471.05273053156,36127.99719238434,38540.79189802339,41976.36087888397,35960.04161287492,28633.91950666182,30076.582730656904,34892.14494315832,33266.485341488784,37946.68037050499,46058.68418084053,50443.07684594462,30834.889638143464,40686.61243623328,46730.5064988782,36753.44371607986,32097.063284158277,36134.26419161977,39650.050762693805,39876.91613501623,32258.75186443227,34650.23877267087,34519.88518857401,37155.78506699422,31240.991188599073,39628.74296529336,42616.84820074452,38499.429703069574,41467.48054096737,38656.10468395523,29773.25996766228,39290.325006580344
2002-01-01,31654.03697578555,29997.778490854787,33758.29980500087,42123.515908473826,42502.40663490732,55163.77459087207,55719.15187717523,46476.43966134328,38024.83153555649,37189.29726260706,35509.58951447684,32376.02744797966,42694.93742749241,35689.778589588524,36097.055266210846,32158.81322044776,32445.14106583072,48799.15088983783,46941.72241009059,36496.926912349125,37768.1238121097,41906.30168094192,35998.32152642362,28656.23380149582,30303.853084195198,34374.15150692371,33591.68661910992,37764.42129686767,45632.266186162466,49951.86730185373,31169.00747908079,39653.93824204576,45772.961765359265,36646.261693777305,32116.851381038185,35481.20356428801,39657.64075728779,40489.472514995185,32313.084688865303,34028.5834176684,34696.27033297954,36437.68666847679,31088.786315503665,39294.79426356972,42576.45693974774,38527.139436724014,40989.312072668035,38783.84716017081,30258.188729543603,39313.30683977983
2003-01-01,32281.996974281392,30977.307110438727,34363.691376701965,42689.258698941,42185.7791225416,54459.30408472012,55686.53555219364,46069.5915279879,38468.98638426626,37393.040847201206,35561.87594553706,32348.562783661117,42616.64145234493,35728.89561270802,36398.184568835095,32298.940998487138,32704.387291981846,48734.644478063536,47678.06354009077,37282.90468986384,37856.580937972765,42714.67473524962,36411.497730711046,29124.35703479576,31618.759455370648,34753.40393343419,35918.91074130106,39150.37821482602,45229.65204236006,49861.422087745836,31584.87140695915,40085.93040847201,45477.76096822995,36924.659606656576,32917.39788199697,35734.947049924354,40145.23449319213,41514.06959152799,32474.432677760968,36274.735249621786,35216.944024205746,36579.72768532526,31215.73373676248,39596.97428139183,43797.881996974276,39138.27534039334,41455.975794251135,38908.32072617247,30042.965204236003,40769.7428139183
2004-01-01,33513.666419150664,31893.02594203411,35619.90971559233,43692.46726306236,42217.979090791225,55676.95626038683,59036.10197659206,45936.6123310114,39812.35929894039,37756.797850146744,37367.84413563877,33375.76464764329,43043.032424596015,36291.73885883337,36353.028535058875,33104.675695107435,33078.74544747357,49982.90960951404,49080.065532807654,37965.41847883738,37914.73663118937,43858.65657744304,37139.18649741287,29826.856664662966,33156.53619037516,36107.86983015688,35485.54388694412,39634.3835083625,46478.790236083114,50535.69534316325,32293.766132739293,41526.11293801492,46355.0322360124,37315.983640371036,34491.9439435192,36533.3616208762,41233.80832832408,42345.27303372111,32985.632285515596,37746.19002156925,35915.750268142336,36767.91249720071,31844.70138962554,40404.0404040404,44952.44156854425,40176.561413434225,42876.84311021534,39395.118041559115,30275.921407776717,42507.92640524262
2005-01-01,34225.86396050466,32257.953922106415,36943.454013530805,44491.680380325466,43194.59681843116,56840.83013347961,60508.09105869446,44992.228926677635,41139.83360760651,38221.10989211922,37279.438654232945,33589.32163101115,43398.016090692996,36073.77948436643,37192.58548180654,33416.75809105869,34442.99689157067,50707.39623331505,49729.15523861766,37626.851343938564,37650.850246845854,43500.86853172426,37103.44669957944,30667.16950082282,34368.714573048084,36964.02450173706,36532.04424940574,39616.47467544341,46419.592247211556,50817.1055037484,32979.063814225636,43551.151947339546,46722.435545803615,37263.43938562808,36405.19290546718,36908.027061620036,41609.526421649294,42265.49643444871,33467.04150667398,38613.091972938375,36053.208996160174,38027.975863960506,33057.91735234961,40990.12616566099,45903.04443225452,39858.74931431706,42722.61839458768,39366.20040226732,30834.01901627354,45009.371000182844
2006-01-01,34892.02252671722,32833.3555052991,38471.6863997162,46279.54414438384,44495.80949847014,59527.29368985855,61865.32747993437,45511.285530575144,42554.653895614385,38569.243049088735,38188.99383619352,34894.23972329387,44748.56990820806,36720.1011041639,39565.87291029223,33989.62352002129,37526.05205977562,52935.568267482595,50525.47558866569,38192.31963105849,37483.9253248193,43974.768302957746,37824.264999334846,31019.68870560064,35689.104696022354,38119.15214402909,36979.51310363177,39930.601747150904,47839.34193605605,52874.595361624764,33919.78182785686,44085.62813179017,48920.22526717219,37929.58183672564,38639.08474125316,38486.09817746442,42247.57216974857,43266.373996718554,34348.80936543834,39132.41097955745,36655.80240344109,39499.357012992776,34729.058578333555,42259.76675092014,46987.938450623034,41027.00545430358,44373.86368675447,40284.24460112634,31821.205268059068,49323.75504412221
2007-01-01,35339.262969279596,33789.21007750265,38721.09842188209,46830.81107920814,45415.686189849104,62265.49513179768,64575.462533192294,45047.60259925304,42738.71462187777,38513.849010168175,39593.27302951146,35304.72140066061,45889.5533343408,36759.78497873535,41079.63990414715,34247.96528572354,39325.575872714326,54062.952008808104,51085.90056345934,38520.32555428424,37703.20157164137,44963.40752574427,38321.71153472507,31901.297467671255,36897.95125321129,39087.02316443946,39624.57632607241,41591.28688931587,48244.85654454783,54481.768528313296,34487.59741801775,43405.79866583191,51194.92238941301,38458.79838518167,38547.31115476782,38728.65439001749,43540.72666824982,44141.96584702403,34975.49707476091,41825.521901513355,36877.44219684377,40030.439757345484,35799.09760151983,43050.66816346798,47762.35400790139,42037.08900930464,46219.85708425984,40819.498715485424,32070.76703870815,49953.58476716824
2008-01-01,35568.053040172,34215.571018545,37861.023734629685,46142.19595632235,45491.90311272096,64573.86754784524,64485.96151198382,43311.19795803811,41729.948421398236,37532.699986231586,40990.69043306962,34782.19426174817,46028.871307681715,37500.92672025758,43695.65447632362,34952.71078914202,40798.99172835976,54872.430337114354,52093.32867325433,39359.66277973713,38095.08679397155,45712.19775680742,39517.47000074138,32604.66643366272,37907.624524724895,40071.38393755494,43502.89666274797,42930.977875215794,48598.26941611328,54839.59796227454,35637.954225314825,41131.55191222106,51032.101589722406,39003.80220082823,41649.45614759741,39178.555163685276,44194.49475211557,44099.17495419354,35198.42404600769,43601.39378726739,37131.29772609327,42307.16275325941,35947.21401412851,43451.00032832375,48204.28091803557,43446.763892860545,46856.03533187177,41363.49675383133,33475.25392135057,52686.429638102505
2009-01-01,34484.972217545044,33120.05388112477,35279.508334736485,43872.07442330359,42192.49873716114,62809.395521131504,63292.43138575518,42995.45378009766,38746.00101027109,36068.78262333726,39238.50816635798,32919.05202896111,43336.4202727732,36061.416063310324,41495.83263175619,34093.492170399055,38863.865970702136,53430.71224111803,50985.01431217377,39102.75298871864,36103.5106920357,43230.131335241625,38290.32665431891,31736.192961778077,36505.514396363025,37814.657349722176,42317.73025761913,41605.278666442166,47462.74625357804,52464.64051187069,34634.408149520124,38128.26233372622,49489.60262670484,37627.33625189426,37797.81949823203,37162.19060447887,42652.38255598586,42736.5718134366,33686.22663748106,41587.38844923388,36249.78952685637,39220.61794914969,33526.26704832463,41416.90520289611,46395.647415389794,42598.71190436101,43768.94258292642,40181.427849806365,33378.935847785826,46897.62586293989
2010-01-01,35299.37815860075,33662.625044194414,35226.58735935778,44970.15577231038,42416.23858744255,64204.6045379864,65894.39094898404,42574.29860865587,40421.77068818502,36217.582097622864,39839.444294241206,33376.66119002558,43963.56300563609,37118.108271114535,41553.14768213298,34740.96874155107,39766.65349499823,55002.80764511366,51648.1916685731,39625.23137075474,37185.69972755444,44427.34438366991,38597.841232868166,32534.36765592829,37843.93652642306,37302.1650063432,46028.74196701537,42892.498388203734,48975.729467795274,53112.32660191752,35053.96917829586,38988.83181165901,50712.30996402055,38323.315932866084,38762.14046544517,37472.70345028389,43935.48655449951,44471.01886321569,34161.761953289104,43074.47538631117,37280.327766570306,40590.22939500447,33502.48528585987,42304.97265145686,47327.537799222184,43396.83464010149,44036.353804879065,40736.85086205104,34068.17378283385,48508.82848407961
2011-01-01,35664.80583513304,34920.133653885336,35981.62259076647,46409.07053502302,44474.55278920989,64312.78269019192,68258.22093639216,44784.23862108308,41274.805427651685,37531.07045352675,41803.51248930361,34207.041277861535,45020.57780856526,38505.96960189071,43819.52650666232,35449.859418931585,39855.751599364325,55837.170449451936,52814.67747850536,40432.33772054928,38487.63294079296,46170.69394075221,39253.697893321376,33154.72067152928,39279.16547817937,37592.19265718593,49916.46632166578,46528.258832158426,50049.916466321665,53937.28861904568,35700.46045393423,39502.26152153539,51856.077584450504,39979.01471007701,40544.39509392445,38299.17281284381,45037.89576626869,45027.7087323255,35123.87433274928,45595.126522961575,38432.62295749969,42823.23458701764,34829.469051790875,43546.513996984635,48498.43119677274,44804.61268896948,45052.15761378917,41979.74817652092,35227.78207896988,51732.814473737824
2012-01-01,35824.0,36582.0,36545.0,48121.0,45630.0,64121.0,68148.0,44070.0,41540.0,37495.0,42873.0,35110.0,46029.0,39433.0,45294.0,35875.0,41003.0,56669.0,52787.0,40411.0,39266.0,47726.0,40317.0,33657.0,40701.0,39103.0,56443.0,46670.0,51123.0,54574.0,35749.0,39909.0,53102.0,40759.0,42232.0,39371.0,45855.0,45601.0,35989.0,45442.0,39373.0,44241.0,36005.0,44548.0,49309.0,45277.0,47320.0,42944.0,35453.0,54213.0
2013-01-01,35394.24673958978,36045.83738734754,36499.88697899775,47667.34479268017,46588.239919017986,61568.928069502996,66607.69918723157,43639.86594726341,40453.65647512063,37143.615296164164,42691.472319682354,35473.85283682715,46237.38341637919,39081.679786930836,45379.40659059861,35437.48955784218,40663.973818439124,55653.5070908394,51349.86388340163,39634.99130229678,38885.121522147194,47014.77135359849,39870.86122003714,33669.44796611335,39974.05430904855,37733.290090515075,53955.24368310876,45850.16363475542,49989.68069109885,53869.74083792788,34484.181973641535,38981.43507189118,52476.14274061188,40548.9872335407,43259.52570490707,39103.30119605704,45417.73545223142,44664.917298110086,35580.977091134235,44823.146701260914,38775.04889386836,44044.7759727177,35882.69402757712,44027.08572888718,47737.12297667836,44982.35889573566,47033.44438875293,42309.16649467818,34710.22397814272,52850.58623502471
2014-01-01,35748.741003723924,37383.024292357266,37389.77752908716,49458.776313504546,49006.30945260193,63189.07133347483,68949.58226407085,44392.884017982906,41981.97850541223,38560.01697956664,43123.27551276362,36351.70856889266,47502.26715804503,39736.04491867173,45355.70262604434,36317.942385243216,41566.172072471876,56846.81729600401,51767.41852702259,40323.57651417215,39754.375132652865,48205.56852605785,40483.72469948097,33665.84984660505,40996.00594284832,38872.595365350106,55495.20520192178,47231.17294074517,50787.2344530843,55053.35057016613,35906.9596928242,40300.42255966967,53340.92268508692,41319.19655777876,44970.76813244062,40648.69662531113,46368.68813552782,45535.145773438555,36807.06967410809,45813.95797557258,39316.37949331429,45700.11769926872,36822.50564377641,45234.14436490632,48544.195110656605,45961.564435525885,49096.03102629903,43132.922993806314,35280.83817315299,55713.23827348679
2015-01-01,36804.50086444871,38177.111690594225,38526.7119427649,52101.89987678024,49993.79125235216,64304.476984650064,72234.48051886026,45723.128062584175,43613.10905426445,40061.70539970007,44038.16947015503,37621.1899781261,49137.93926889609,40755.17475236649,45211.14517962385,37474.09041846959,41181.19036020288,59581.05281256268,53323.590375485954,41715.14265791711,41479.2102472992,49655.65330353135,41380.82547687958,33940.835410875814,41972.089291343094,40190.656312385974,51571.7683468493,48290.6840129524,52233.716365303604,56523.48339398802,36395.678711637105,42499.35524543657,54905.388237766376,42450.640456199675,42882.387215710994,42691.348826546695,47689.86827903067,46500.65430648289,38258.30300598905,46982.07104717693,40629.08941551805,45338.1857084181,38646.11093599259,46541.72756015321,49897.316865824185,46685.96154397226,50704.45406004337,44462.27469409978,35789.131826040444,55254.033297991235
2016-01-01,36896.16039341782,38654.246264422174,39221.675808587104,53489.69169661434,49546.05636466806,64951.76848874598,73941.74390013241,46088.519008889736,43932.28674106299,40696.99262341593,43778.13504823152,37921.31643654247,49211.27293361075,41275.77075846416,44756.951011916026,37592.207300926806,40405.71212407793,60804.80423680727,54503.49914885569,42311.32967656516,42109.89218838661,49740.87384149802,41999.24342727445,34065.632683941745,41671.08000756573,40605.2581804426,49181.95574049556,46680.53716663515,53263.66559485531,57247.02099489314,36670.13429165879,42982.78797049367,56062.03896349537,42757.707584641576,40212.78607906185,43501.986003404585,48402.68583317572,46514.09116701344,38942.689616039344,46521.65689426896,41137.696236050695,44057.12124077928,39483.639114809914,46919.80329109136,50376.39493096274,46927.36901834689,51936.82617741631,44642.5193871761,35350.86060147532,51850.76602988463
2017-01-01,37330.27684711691,38877.39097346611,40368.820128261046,54574.9844546121,51277.506055740654,64976.009058088704,74231.779413266,46791.153514185746,45527.104659904035,41757.23208568061,43848.20276754309,38475.5310954162,49755.45016659087,41777.64990858384,45152.15918477201,37820.3045967944,40887.61844657491,61883.636971108775,54900.74153820453,43042.626845724786,42428.235992909445,50363.34443939155,41985.54046905308,34248.113671588595,42725.2225078655,41384.142776267065,48743.83985002181,46537.78689361386,54164.77183082906,57972.695802281225,36620.29345980009,44070.01457090089,58388.4769232197,43291.35305200048,41228.224855915134,44523.84708906811,48651.03156409804,47315.52032965503,39682.96689528441,46500.663579244356,41651.430639727514,45690.44724312986,40131.230916296205,47842.671393702025,50932.25923210424,47119.69484635588,53146.664934245324,45251.46405071044,36325.163110562506,53071.49022264707
2018-01-01,37646.706966711674,39318.826525525874,41205.73867807393,55744.56901005084,52975.82903597096,66092.6780195579,74958.08372379666,47776.39819102946,46692.46594585776,42464.58641096982,44556.321880749325,39167.47478226193,51238.45603095913,42546.15321871686,45915.768676533226,38040.946537489006,41741.36071561279,63162.61702571167,54900.80569880096,43630.08546388856,43010.1777250111,51241.1749245507,42673.03491965669,34348.68904013993,43150.65389390877,42008.71858545029,50205.27646616336,47051.35989994471,55131.00535622037,58831.41953434415,37355.78535241392,45023.06528063513,58772.510173193514,43798.65686656576,42065.815350873214,45828.764081603054,49873.57144799209,47724.739212789675,40017.582178558805,47277.934365908695,42478.18087892766,47132.02040982789,41386.09195298126,48746.13690535531,51313.67875365917,47498.164746825685,54578.16365926825,46137.81165317793,37411.06952210913,54805.64442309609
2019-01-01,38540.572303637884,39462.95340016738,42846.204526433874,57799.28417528802,55310.81393899464,67249.23876849658,75385.06739792375,48270.98060862907,48576.36353923681,43700.030271194286,44843.21302017486,40887.48019017433,52029.06034651614,43402.660303780336,47077.049092754496,39063.19556972168,42440.214391281894,65183.674922986516,55479.086166064204,45164.621877170175,43752.559696575794,52122.54491711035,43627.02327320643,35119.037019889955,44773.76733916202,43395.5376698303,50846.70311081038,48239.81908509767,57646.14754536227,60932.35278405954,38756.03198062643,46833.09887996581,59977.91983475489,44547.623711248416,43310.95639167364,46936.37707224131,50706.03109029719,49707.08167880482,41561.45942769636,49229.86520415249,43931.51587457041,48145.44418525971,43252.194661585854,50081.01996118164,52594.419416300145,49361.633932228135,57149.34382734735,47092.18468989832,38240.531348492674,57085.24012179704
2020-01-01,40532.06074667792,41414.43436687056,45975.70835969908,62085.178935526965,57435.14026576672,69013.21802713914,81124.76270828939,49489.38339309569,50305.84264923012,45671.62342684385,46825.56422695634,43462.17394361246,54605.216902200664,45871.12423539338,49158.93271461717,41736.096463474656,44649.51135484778,69152.95647894256,57723.40575124798,48215.03902130352,46911.69232932574,54673.76784082121,45799.05786402306,37525.48688743584,47512.83132953667,45646.136539408006,53453.03381846305,50435.03480278423,60206.1801307741,62897.243900724185,41079.58939745483,48669.40870421149,63051.922941714125,47031.217042817974,44365.64016030374,50061.520073121006,53314.174224847084,52674.36546438867,43147.54271250791,53081.27680517472,45973.07178513675,48840.78605076285,45868.48766083105,52523.201856148495,54627.188356886734,52081.13618786473,60029.529635098086,49131.68811080644,39723.51121423047,57779.652675244324
2021-01-01,41777.19836830817,42548.4671348669,46742.0833508558,64594.810547121415,59476.84932082931,69712.77177341352,81297.78375877875,50335.16968753943,52261.238908280415,46970.856638210185,48008.747213928254,43968.20724168384,56491.0214895496,47466.25173472392,49503.34328609277,43145.63270112284,45570.46133142689,70308.25518314479,58631.565667185336,49011.312502628374,47578.95622187645,55706.29547079356,46520.03868960007,38594.558223642714,47813.61705706716,47180.285125530936,54061.14638967156,51482.400437360695,61633.37398544935,64770.595903948866,42299.50796921654,50605.155809748096,64555.2798687918,47903.61243113672,45256.73913957694,51683.41814205812,53864.3340762858,54077.967954918204,44106.98515496867,54169.64548551243,47618.486900206066,50298.162243996805,47100.38269060936,53927.41494596072,55670.9701837756,51934.90054249548,62033.72723831953,50285.54607006182,40723.32730560579,58525.589806131466
2022-01-01,39801.45255612148,40705.37005596428,44541.12431616676,60789.630887253974,58296.390618122365,66789.28504055839,76029.67993460353,48251.1161416085,49988.20977174118,44904.263346538384,46300.22637238257,42866.911903414446,54095.139281896496,45533.86153555933,47280.38734829906,40958.46695592027,42933.72319688109,66768.0626296925,55594.856316418285,46738.822863610636,44655.88253788593,53456.89492548576,44449.94655096522,36351.63176759102,45368.012324718606,45129.84971389046,52021.631138778845,49771.26957177891,58686.25416588065,61859.397597937495,40479.78368861221,48168.584543796766,61379.14230019493,45494.5607746966,43229.26491856882,49335.81714141986,51222.25366283091,51387.316858454375,41910.33138401559,51724.517386656604,45808.18084638118,48721.15324152676,45529.93145947305,51423.47355844809,53614.88398415393,49680.87782179463,59499.779915739164,48111.99144815443,38647.582217191724,56075.8976293781
