year,Argentina - ARG,Australia - AUS,Austria - AUT,Burundi - BDI,Belgium - BEL,Benin - BEN,Burkina Faso - BFA,Bangladesh - BGD,Bolivia (Plurinational State of) - BOL,Brazil - BRA,Barbados - BRB,Botswana - BWA,Central African Republic - CAF,Canada - CAN,Switzerland - CHE,Chile - CHL,China - CHN,Cote d'Ivoire - CIV,Cameroon - CMR,D.R. of the Congo - COD,Congo - COG,Colombia - COL,Comoros - COM,Cabo Verde - CPV,Costa Rica - CRI,Cyprus - CYP,Germany - DEU,Denmark - DNK,Dominican Republic - DOM,Algeria - DZA,Ecuador - ECU,Egypt - EGY,Spain - ESP,Ethiopia - ETH,Finland - FIN,Fiji - FJI,France - FRA,Gabon - GAB,United Kingdom - GBR,Ghana - GHA,Guinea - GIN,Gambia - GMB,Guinea-Bissau - GNB,Equatorial Guinea - GNQ,Greece - GRC,Guatemala - GTM,"China, Hong Kong SAR - HKG",Honduras - HND,Haiti - HTI,Indonesia - IDN,India - IND,Ireland - IRL,Iran (Islamic Republic of) - IRN,Iceland - ISL,Israel - ISR,Italy - ITA,Jamaica - JAM,Jordan - JOR,Japan - JPN,Kenya - KEN,Republic of Korea - KOR,Sri Lanka - LKA,Lesotho - LSO,Luxembourg - LUX,Morocco - MAR,Madagascar - MDG,Mexico - MEX,Mali - MLI,Malta - MLT,Mozambique - MOZ,Mauritania - MRT,Mauritius - MUS,Malawi - MWI,Malaysia - MYS,Namibia - NAM,Niger - NER,Nigeria - NGA,Nicaragua - NIC,Netherlands - NLD,Norway - NOR,Nepal - NPL,New Zealand - NZL,Pakistan - PAK,Panama - PAN,Peru - PER,Philippines - PHL,Portugal - PRT,Paraguay - PRY,Romania - ROU,Rwanda - RWA,Senegal - SEN,Singapore - SGP,El Salvador - SLV,Sweden - SWE,Seychelles - SYC,Syrian Arab Republic - SYR,Chad - TCD,Togo - TGO,Thailand - THA,Trinidad and Tobago - TTO,Tunisia - TUN,Turkey - TUR,Taiwan - TWN,U.R. of Tanzania: Mainland - TZA,Uganda - UGA,Uruguay - URY,United States - USA,Venezuela (Bolivarian Republic of) - VEN,South Africa - ZAF,Zambia - ZMB,Zimbabwe - ZWE
1960,20.62525,10.51084,7.09383,2.7624,9.11338,2.28456,5.16013,52.74111,3.56015,71.42694,0.23243,0.59161,1.45904,18.01712,5.27846,7.74348,654.13843,3.36031,5.44275,15.25988,1.075,16.42287,0.1781,0.19774,1.32953,0.57209,73.19131,4.58331,3.2902,11.39336,4.51505,28.02386,30.73507,23.3047,4.43543,0.39299,46.68871,0.51148,52.37476,6.8063,3.50484,0.32487,0.70799,0.2764,8.20143,4.3782,3.00858,1.92053,3.83347,94.53459,445.1438,2.8319,21.29356,0.17614,2.1018,50.12051,1.57436,0.97043,94.61525,8.16068,24.75978,9.80903,0.83113,0.31443,12.49429,5.32831,38.0337,4.82133,0.32959,7.35752,0.99561,0.66077,3.52366,8.34642,0.60286,3.6459,41.84329,1.744,11.45921,3.58001,10.10145,2.36364,44.54715,1.13881,10.04261,26.46044,8.69464,1.90747,18.67272,3.02004,3.22408,1.64464,2.62792,7.49166,0.04032,4.59954,2.97399,1.56812,27.35998,0.83322,4.11041,27.52104,10.6677,10.11004,7.04059,2.51855,184.6678,8.1393,17.49288,3.19454,3.76443
1961,20.95998,10.75181,7.13295,2.83966,9.16045,2.33654,5.18652,53.81949,3.64174,73.55704,0.22969,0.60101,1.48629,18.3803,5.42612,7.93536,648.11578,3.48165,5.53048,15.58486,1.09902,16.96169,0.1823,0.20415,1.38126,0.57778,73.80447,4.61214,3.40125,11.61514,4.64822,28.72976,30.99858,23.76771,4.46687,0.40699,47.23395,0.51662,52.80978,6.99727,3.56751,0.33476,0.71418,0.28112,8.27101,4.51915,3.09937,1.98651,3.91054,96.64561,454.17099,2.8182,21.9192,0.17919,2.17596,50.44561,1.58992,1.01422,95.47164,8.41594,25.58867,10.08321,0.84732,0.31731,12.80898,5.43367,39.27366,4.91831,0.32854,7.51054,1.00848,0.67876,3.60701,8.57904,0.61827,3.7203,43.07607,1.80022,11.61157,3.60857,10.24386,2.42414,45.72449,1.17212,10.33233,27.27805,8.68935,1.95692,18.83864,3.03409,3.3014,1.70058,2.71267,7.53132,0.04162,4.75034,3.02583,1.60621,28.21853,0.85326,4.18442,28.31384,11.03039,10.40147,7.24387,2.55121,187.75459,8.45312,17.94821,3.27603,3.88567
1962,21.29333,10.95079,7.1768,2.90615,9.21302,2.39218,5.21722,54.87671,3.72586,75.75529,0.22884,0.61075,1.51475,18.72638,5.57772,8.12723,656.79413,3.61099,5.62215,16.06461,1.12403,17.51119,0.18666,0.21092,1.43304,0.57508,74.4518,4.64924,3.51618,11.48909,4.78677,29.40873,31.25353,24.24649,4.49735,0.42149,48.19677,0.52255,53.29481,7.1946,3.6323,0.34523,0.72078,0.28247,8.32043,4.66352,3.2335,2.05684,3.98992,98.55542,463.56018,2.8299,22.56736,0.18234,2.26807,50.76511,1.60653,1.0677,96.36506,8.68265,26.39434,10.35511,0.86461,0.32122,13.13107,5.54371,40.54076,5.01847,0.32642,7.66937,1.02179,0.69842,3.70561,8.81966,0.63415,3.79811,44.34672,1.85838,11.77816,3.63767,10.40076,2.48005,46.9464,1.2064,10.63469,28.12653,8.67838,2.00764,18.95409,3.0394,3.38227,1.74833,2.79701,7.57298,0.04247,4.90607,3.07968,1.64588,29.1009,0.87913,4.25441,29.05384,11.39251,10.70553,7.45452,2.58572,190.66458,8.77146,18.437,3.35849,4.01483
1963,21.6261,11.16029,7.22305,2.95182,9.27769,2.44874,5.25228,56.21267,3.81265,78.02399,0.23083,0.62084,1.54447,19.07849,5.69881,8.3172,677.85272,3.76013,5.71798,16.56137,1.15006,18.06312,0.1912,0.21799,1.48444,0.58137,75.11018,4.68594,3.63407,11.77308,4.93049,30.08447,31.52613,24.74241,4.52926,0.43606,48.90869,0.52908,53.62783,7.39863,3.69893,0.35633,0.72781,0.28383,8.35135,4.81249,3.34669,2.1314,4.07336,100.50887,473.3486,2.8499,23.23508,0.18577,2.36206,51.11967,1.6381,1.11458,97.35069,8.96141,27.18457,10.62212,0.88288,0.32457,13.4617,5.65825,41.835,5.12193,0.32537,7.83485,1.03555,0.71249,3.80547,9.05937,0.65052,3.8791,45.65599,1.91853,11.93806,3.66529,10.57015,2.53267,48.20518,1.24168,10.94747,29.00573,8.73784,2.05968,19.08844,3.11686,3.46685,1.79308,2.887,7.61578,0.0438,5.06691,3.13562,1.68721,30.00622,0.89585,4.34168,29.7566,11.7621,11.02213,7.67282,2.61919,193.42841,9.09566,18.93924,3.4439,4.14124
1964,21.95909,11.38024,7.27135,3.03067,9.36154,2.50764,5.2918,57.34539,3.90225,80.36555,0.23336,0.63124,1.57554,19.44167,5.79528,8.50409,699.78552,3.91937,5.81822,16.93388,1.17717,18.62313,0.19593,0.22537,1.53424,0.58557,75.75248,4.72255,3.75399,12.12815,5.07918,30.82812,31.83811,25.25604,4.55453,0.45024,49.46789,0.53623,53.99385,7.61185,3.76749,0.36809,0.70065,0.28519,8.38169,4.96602,3.42857,2.21029,4.15854,102.50636,483.77893,2.8639,23.9322,0.18914,2.4519,51.52095,1.6778,1.16333,98.37066,9.25188,27.9565,10.87976,0.90206,0.32823,13.80074,5.77741,43.15638,5.2288,0.32326,8.00247,1.04988,0.73346,3.89718,9.30596,0.66738,3.96222,47.00774,1.98074,12.09884,3.69308,10.74815,2.58309,49.49943,1.27812,11.26874,29.91574,8.77719,2.11307,19.20405,3.17163,3.58529,1.83963,2.97635,7.67289,0.04525,5.23303,3.1979,1.7301,30.93389,0.91517,4.43489,30.45702,12.13714,11.35368,7.89909,2.65054,196.13397,9.42709,19.4553,3.53324,4.25841
1965,22.29309,11.60451,7.31875,3.11096,9.44259,2.56873,5.33587,58.23969,3.99478,82.78246,0.23507,0.64093,1.61822,19.7968,5.85041,8.68736,719.37115,4.09352,5.92313,17.32236,1.20541,19.1957,0.20087,0.23287,1.58476,0.58986,76.35659,4.7605,3.87503,12.49392,5.23263,31.5923,32.18282,25.78437,4.56974,0.46303,49.91377,0.54402,54.35287,7.83466,3.83796,0.38024,0.69318,0.28656,8.42099,5.068,3.51985,2.29203,4.24551,104.54834,494.68637,2.8759,24.65477,0.19259,2.5304,51.90725,1.71485,1.21398,99.43281,9.55369,28.67679,11.14202,0.92204,0.33198,14.14637,5.90013,44.50489,5.33921,0.3222,8.174,1.06479,0.75273,3.99715,9.55371,0.68476,4.04752,48.40625,2.04507,12.26333,3.72188,10.93462,2.63138,50.83138,1.31581,11.59618,30.8555,8.7833,2.16784,19.30581,3.25197,3.69161,1.88488,3.07202,7.7455,0.04625,5.40459,3.26942,1.77478,31.88395,0.9304,4.53151,31.16253,12.51186,11.69731,8.13367,2.67992,198.60135,9.76711,19.98533,3.6265,4.39732
1966,22.62174,11.82332,7.37026,3.19235,9.50226,2.63236,5.38461,59.41037,4.09032,85.23778,0.23632,0.6503,1.67545,20.16903,5.90258,8.86703,739.83734,4.28825,6.03294,17.77057,1.23481,19.76763,0.20602,0.24041,1.63891,0.59405,76.91446,4.79992,3.99774,12.88666,5.39096,32.34516,32.55141,26.33161,4.58689,0.47357,50.36794,0.5522,54.64589,8.06539,3.91035,0.39279,0.68667,0.29055,8.48335,5.17173,3.55115,2.37517,4.3341,106.63522,505.83975,2.8839,25.40476,0.19592,2.59217,52.25123,1.75603,1.2665,100.34563,9.8683,29.40707,11.41195,0.94287,0.33438,14.49684,6.02649,45.88062,5.45328,0.32114,8.3561,1.0803,0.77129,4.10837,9.8034,0.70268,4.13507,49.84351,2.11136,12.42575,3.75234,11.131,2.67837,52.20285,1.3547,11.92898,31.81704,8.76401,2.2259,19.42089,3.34517,3.80259,1.93233,3.18436,7.81956,0.04723,5.58178,3.34259,1.82117,32.85235,0.94355,4.64096,31.87164,12.87415,12.05302,8.37689,2.70785,200.90828,10.11119,20.52995,3.72468,4.53849
1967,22.94451,12.04364,7.42556,3.26828,9.55093,2.69837,5.43812,60.63669,4.18901,87.72084,0.23832,0.65932,1.72371,20.53523,5.96854,9.04359,759.35742,4.50124,6.14799,18.31965,1.26544,20.34649,0.21168,0.24801,1.69247,0.59845,77.42508,4.84124,4.12272,13.32671,5.55433,33.07043,32.95092,26.86436,4.6118,0.48456,50.76427,0.56079,54.9619,8.30478,3.98465,0.40576,0.69032,0.29453,8.58459,5.27793,3.64204,2.46083,4.42473,108.7674,517.29626,2.9,26.1644,0.19899,2.64366,52.58621,1.7956,1.43539,101.38637,10.19632,30.10139,11.68237,0.96455,0.3355,14.85453,6.15728,47.31776,5.57116,0.32114,8.54764,1.09645,0.78639,4.23967,10.05599,0.72115,4.22493,51.31136,2.17955,12.56744,3.78472,11.33657,2.71883,53.61361,1.39471,12.26855,32.79307,8.75843,2.28551,19.56702,3.43768,3.91038,1.97549,3.29096,7.87978,0.04828,5.76477,3.41715,1.86933,33.83532,0.9511,4.75109,32.5871,13.21034,12.42347,8.6291,2.73509,203.10789,10.45843,21.08922,3.82874,4.68842
1968,23.27094,12.27635,7.46422,3.33675,9.58421,2.76688,5.49655,61.89893,4.29102,90.23069,0.23996,0.66932,1.75296,20.85415,6.03646,9.21786,780.30145,4.73428,6.26855,18.89802,1.29734,20.92057,0.21758,0.25556,1.74548,0.60334,77.87841,4.86975,4.24916,13.7296,5.72252,33.75592,33.34114,27.43419,4.63255,0.49455,51.14914,0.56979,55.21692,8.55331,4.06093,0.41916,0.70166,0.29852,8.60854,5.38758,3.7202,2.54981,4.51726,110.94532,529.06525,2.9124,26.9327,0.20156,2.69607,52.90522,1.82684,1.58119,102.52808,10.53736,30.80769,11.95794,0.98683,0.33636,15.2236,6.29202,48.81949,5.69298,0.32009,8.74724,1.11323,0.8012,4.36337,10.30798,0.7402,4.31718,52.81846,2.24991,12.69501,3.81768,11.54941,2.74957,55.06407,1.43567,12.61621,33.78348,8.77002,2.34672,20.00957,3.53416,4.01685,2.00985,3.4074,7.92413,0.04948,5.95376,3.49202,1.91933,34.83393,0.954,4.85748,33.32196,13.54854,12.79874,8.89069,2.76298,205.146,10.81569,21.66387,3.93575,4.85396
1969,23.61061,12.55808,7.49004,3.395,9.60709,2.83825,5.56004,63.19813,4.39656,92.76634,0.23941,0.68116,1.78439,21.15495,6.11521,9.3909,802.90936,4.97938,6.39499,19.45675,1.33045,21.48418,0.22371,0.2629,1.79728,0.60843,78.26339,4.89315,4.37623,14.12859,5.89533,34.41184,33.66893,27.92695,4.62987,0.50554,51.58598,0.57771,55.46392,8.81228,4.13928,0.43299,0.70692,0.30251,8.64006,5.50109,3.78008,2.64252,4.61173,113.16936,541.15607,2.9255,27.71558,0.20324,2.76484,53.23512,1.85206,1.66239,103.74597,10.89307,31.513,12.22626,1.00973,0.33799,15.60565,6.43073,50.38913,5.81889,0.32009,8.95321,1.13071,0.81301,4.4862,10.55848,0.75991,4.41233,54.37445,2.32267,12.84298,3.84966,11.76977,2.77897,56.55598,1.47738,12.97328,34.78729,8.75285,2.40957,20.303,3.6426,4.13409,2.04032,3.53145,7.98002,0.05082,6.14895,3.5674,1.97147,35.84978,0.95385,4.95884,34.09009,14.06898,13.19429,9.16203,2.78811,207.16061,11.18983,22.25433,4.04767,5.02382
1970,23.97306,12.84291,7.51624,3.45561,9.63218,2.91234,5.6246,65.04777,4.50578,95.32679,0.23885,0.6956,1.82871,21.45274,6.16936,9.56386,824.78845,5.24239,6.52764,20.00994,1.36481,22.06121,0.23005,0.2702,1.84887,0.61362,78.57298,4.93124,4.50311,14.55003,6.07253,35.04627,33.98027,28.41508,4.61237,0.52053,52.0351,0.59012,55.63493,8.59698,4.21977,0.44728,0.71183,0.30652,8.65979,5.62179,3.87311,2.71666,4.70864,115.4399,553.57849,2.95,28.51401,0.20443,2.84962,53.57868,1.87538,1.71891,104.92564,11.25249,32.20931,12.48576,1.03305,0.33967,16.00001,6.5763,52.02986,5.94905,0.32009,9.16153,1.14891,0.82644,4.60372,10.80398,0.78038,4.51048,55.9814,2.3981,13.00194,3.87606,11.99793,2.81839,58.09076,1.5193,13.34107,35.80473,8.70185,2.47411,20.54891,3.75454,4.2575,2.07229,3.6686,8.05492,0.05237,6.35054,3.64355,2.11552,36.88491,0.94599,5.0604,34.87627,14.58294,13.60553,9.44606,2.8098,209.58815,11.58776,22.83945,4.17393,5.17562
1971,24.36644,13.08416,7.55034,3.50539,9.66332,2.97657,5.72338,66.42474,4.60059,97.72896,0.24003,0.71864,1.8646,21.80427,6.22163,9.74519,845.48157,5.47934,6.69774,20.56286,1.40664,22.61199,0.23464,0.27299,1.89836,0.62086,78.78661,4.96176,4.63111,14.96011,6.24884,35.86338,34.36392,29.24521,4.62938,0.5316,52.47982,0.60173,55.80975,8.82727,4.26384,0.46019,0.72626,0.30167,8.71268,5.78048,3.93783,2.79813,4.79316,118.54295,566.22479,2.98678,29.28127,0.20709,2.93667,53.94993,1.90402,1.8066,106.42527,11.65751,32.8637,12.74784,1.05445,0.34223,16.3472,6.75785,53.71872,6.04453,0.32008,9.37514,1.18295,0.8396,4.7287,11.06234,0.80416,4.63783,57.29521,2.47266,13.14793,3.90527,12.24377,2.87082,59.68714,1.56312,13.70434,36.85106,8.75051,2.53536,20.78375,3.86834,4.38846,2.11098,3.76517,8.09579,0.05371,6.57086,3.72609,2.18566,37.96492,0.95637,5.17269,35.72057,14.91356,14.04582,9.7204,2.81827,211.46159,11.93781,23.48281,4.31775,5.35119
1972,24.78295,13.29687,7.58112,3.54405,9.69285,3.04357,5.82517,67.59747,4.69808,100.1436,0.24144,0.74283,1.90032,22.15621,6.27012,9.92256,865.68652,5.73728,6.87523,21.12014,1.45052,23.1468,0.23923,0.27365,1.94705,0.628,78.90171,4.99055,4.75993,15.37709,6.42871,36.67364,34.76052,30.13258,4.65117,0.54281,52.9578,0.61312,55.95332,9.08357,4.29809,0.47454,0.74149,0.29258,8.76976,5.94157,3.99831,2.88211,4.87656,121.69801,579.4115,3.0304,30.0743,0.20993,3.03392,54.32101,1.93483,1.88121,107.97704,12.08319,33.51839,13.00228,1.07634,0.3451,16.695,6.94662,55.47815,6.14746,0.32032,9.59576,1.21794,0.8524,4.85961,11.32425,0.82944,4.76808,58.6626,2.54977,13.29187,3.93373,12.49943,2.92969,61.33826,1.60783,14.07248,37.9254,8.8398,2.59674,21.0117,3.9837,4.52511,2.15052,3.86193,8.12703,0.05513,6.80014,3.8151,2.24758,39.06199,0.96874,5.28754,36.58723,15.2205,14.50662,9.98838,2.82144,213.35178,12.28644,24.14814,4.46989,5.53587
1973,25.21339,13.48644,7.60707,3.57849,9.72076,3.11368,5.93048,68.69118,4.79851,102.58427,0.24298,0.76851,1.93684,22.50324,6.31148,10.0963,885.14594,6.01386,7.0606,21.68924,1.49605,23.6745,0.24421,0.27301,1.99574,0.63511,78.93616,5.01725,4.88944,15.80443,6.61192,37.48807,35.16556,31.02511,4.67546,0.55411,53.43918,0.62462,56.06683,9.35011,4.32436,0.48986,0.75628,0.28102,8.83514,6.10453,4.06204,2.96899,4.96066,124.89674,593.0589,3.07929,30.90427,0.21281,3.13703,54.68263,1.9667,1.94563,109.53288,12.52985,34.16454,13.25209,1.09924,0.34817,17.04917,7.14263,57.28059,6.25619,0.32085,9.82758,1.25387,0.86517,4.99694,11.5927,0.85538,4.90201,60.11043,2.6295,13.43118,3.9608,12.76496,2.98941,63.05948,1.65326,14.44765,39.02608,8.95896,2.65909,21.23347,4.10232,4.66444,2.18964,3.95832,8.1516,0.05661,7.03785,3.90763,2.30334,40.16497,0.98259,5.40535,37.4723,15.50512,14.98513,10.25643,2.82208,215.26869,12.63697,24.82969,4.6294,5.72704
1974,25.64451,13.66205,7.62629,3.61859,9.74702,3.18741,6.04004,69.88442,4.90217,105.06937,0.24454,0.7961,1.97552,22.83819,6.34106,10.26706,903.61353,6.30529,7.25447,22.28092,1.54269,24.20802,0.2501,0.27229,2.04558,0.5205,78.91722,5.04142,5.01947,16.24711,6.79821,38.32202,35.57248,31.85171,4.69878,0.56539,53.8805,0.6367,56.15218,9.60428,4.34554,0.50551,0.76894,0.26943,8.91418,6.26871,4.1391,3.05925,5.04794,128.12946,607.05023,3.13118,31.7855,0.21556,3.23956,55.02222,1.99803,2.00483,111.03014,12.99759,34.78994,13.50199,1.12385,0.35119,17.41696,7.34578,59.08819,6.36835,0.32168,10.07617,1.29079,0.87836,5.1412,11.87123,0.88078,5.04066,61.67356,2.71185,13.56244,3.98574,13.0404,3.04218,64.87083,1.69911,14.83284,40.14996,9.0914,2.72352,21.45112,4.2268,4.80235,2.2264,4.05371,8.17397,0.0581,7.28318,3.99951,2.35662,41.25954,0.99705,5.52676,38.37024,15.78482,15.47729,10.53372,2.82407,217.2184,12.99403,25.5196,4.79475,5.92094
1975,26.06697,13.83121,7.63769,3.67149,9.77159,3.26517,6.15454,71.30592,5.00926,107.6121,0.24603,0.82584,2.01737,23.15621,6.35618,10.43553,920.94507,6.60861,7.45736,22.90232,1.59004,24.75697,0.25729,0.27242,2.09741,0.5022,78.8665,5.06273,5.14993,16.7091,6.98739,39.1877,35.97532,32.56682,4.71875,0.5766,54.25202,0.64972,56.21195,9.83141,4.36451,0.52107,0.77847,0.25975,9.00992,6.43373,4.236,3.15326,5.14036,131.3891,621.3017,3.18413,32.73055,0.21807,3.33676,55.33069,2.02774,2.06292,112.42306,13.48663,35.38651,13.75516,1.15064,0.35398,17.8037,7.55603,60.8724,6.48228,0.32282,10.34449,1.32869,0.89221,5.29281,12.16237,0.90484,5.18481,63.37357,2.79675,13.68329,4.00803,13.32581,3.08263,66.7879,1.74521,15.22995,41.29512,9.22406,2.79096,21.66564,4.35909,4.93621,2.25975,4.14752,8.19734,0.05959,7.53571,4.08795,2.41045,42.33495,1.01149,5.65248,39.27721,16.07513,15.9803,10.82715,2.83017,219.20529,13.36099,26.2124,4.96483,6.11537
1976,26.47715,13.99462,7.64075,3.73966,9.79478,3.34717,6.27404,72.99914,5.11983,110.21308,0.24744,0.85786,2.06241,23.45651,6.35523,10.60184,937.01825,6.92298,7.66945,23.55907,1.63794,25.32341,0.26595,0.27365,2.1515,0.4979,78.79449,5.08127,5.28072,17.19024,7.1794,40.08903,36.3731,33.14689,4.73444,0.58752,54.54369,0.66377,56.24741,10.02347,4.3816,0.53641,0.78416,0.25219,9.12475,6.59921,4.35658,3.25116,5.23825,134.66563,635.77173,3.23759,33.73777,0.22029,3.42766,55.60429,2.05508,2.12007,113.69011,13.9967,35.94893,14.01282,1.17972,0.35656,18.21075,7.77345,62.62376,6.59677,0.32428,10.63293,1.36756,0.90693,5.45471,12.46889,0.9275,5.33492,65.22623,2.88416,13.79311,4.02747,13.62111,3.10857,68.81322,1.79145,15.6399,42.46119,9.35449,2.86158,21.8774,4.49951,5.06467,2.28889,4.23968,8.22325,0.06106,7.79466,4.17223,2.46445,43.38684,1.02566,5.7818,40.18951,16.40141,16.49331,11.13983,2.84143,221.23921,13.73914,26.90435,5.13903,6.3083
1977,26.87856,14.15207,7.63658,3.82119,9.8167,3.43344,6.39893,74.9259,5.23368,112.86787,0.24878,0.89193,2.11046,23.74159,6.34118,10.76642,951.92743,7.24883,7.89097,24.24755,1.68652,25.90513,0.2759,0.27577,2.20773,0.4975,78.7018,5.09704,5.41187,17.69018,7.37423,41.02648,36.76353,33.62239,4.74693,0.59826,54.77058,0.67877,56.26202,10.18989,4.39848,0.55182,0.78675,0.24668,9.25538,6.76552,4.49687,3.35283,5.34142,137.95822,650.48505,3.29117,34.81072,0.22227,3.51353,55.84507,2.08054,2.17614,114.83912,14.52829,36.48159,14.27327,1.2108,0.35897,18.63698,7.99816,64.34589,6.7124,0.32608,10.93694,1.40744,0.92232,5.62753,12.79055,0.94919,5.49092,67.21581,2.97381,13.89292,4.04433,13.92626,3.12241,70.94623,1.83789,16.06132,43.65033,9.48363,2.93537,22.08377,4.64761,5.18954,2.31502,4.32996,8.2507,0.0625,8.06065,4.25399,2.51857,44.41601,1.03976,5.91501,41.10825,16.73089,17.01767,11.47087,2.85711,223.32404,14.12779,27.5973,5.31763,6.50189
1978,27.27774,14.3093,7.62776,3.91377,9.83681,3.52394,6.53082,77.03384,5.35032,115.57767,0.25003,0.92759,2.16225,24.01408,6.32154,10.93078,966.03979,7.58591,8.12253,24.95465,1.7361,26.50217,0.28663,0.27874,2.26615,0.4996,78.58931,5.10969,5.54352,18.21233,7.57196,42.00465,37.1377,34.06832,4.75825,0.60935,54.9585,0.69473,56.26366,10.3545,4.42113,0.56783,0.7885,0.24449,9.39211,6.93391,4.64618,3.4581,5.45055,141.27971,665.50226,3.34315,35.97265,0.22415,3.59449,56.05703,2.10566,2.23459,115.89028,15.08299,36.9978,14.53338,1.24335,0.36107,19.08172,8.23022,66.03949,6.8313,0.3282,11.24805,1.44841,0.93782,5.80685,13.12307,0.97026,5.65236,69.29355,3.06512,13.98406,4.05918,14.2414,3.12896,73.19494,1.88452,16.49108,44.86627,9.60559,3.01283,22.2793,4.80372,5.31527,2.34143,4.41752,8.27741,0.06388,8.33642,4.33565,2.57647,45.42344,1.05412,6.05491,42.03994,17.04227,17.55549,11.81831,2.87597,225.44966,14.52593,28.29815,5.50144,6.70318
1979,27.68453,14.47324,7.61788,4.01331,9.85438,3.61853,6.67166,79.23678,5.46912,118.34263,0.25118,0.96417,2.21858,24.27805,6.30654,11.09687,979.88062,7.93428,8.36483,25.66188,1.78713,27.11351,0.29745,0.28242,2.3267,0.5032,78.45485,5.11871,5.67593,18.76076,7.77265,43.02782,37.48475,34.59023,4.77135,0.62154,55.145,0.71153,56.26213,10.55078,4.45708,0.58516,0.79246,0.24708,9.52167,7.10614,4.78932,3.56666,5.56627,144.64938,680.91583,3.39158,37.25266,0.2261,3.67128,56.2468,2.13269,2.29965,116.87803,15.66285,37.51649,14.78861,1.27666,0.36279,19.54335,8.46967,67.70969,6.95658,0.33061,11.55498,1.4906,0.95259,5.98633,13.4602,0.99123,5.81851,71.39129,3.15736,14.06859,4.07287,14.56669,3.1353,75.56768,1.93139,16.92475,46.11399,9.71416,3.09448,22.45695,4.96807,5.44811,2.37262,4.50132,8.3,0.06515,8.62569,4.42072,2.64285,46.41231,1.0692,6.20521,42.99399,17.37278,18.10988,12.17854,2.89602,227.59988,14.93174,29.01705,5.69175,6.92179
1980,28.10589,14.64911,7.60975,4.11682,9.86899,3.71716,6.82284,81.47086,5.58957,121.15976,0.25219,1.00116,2.27982,24.53742,6.30361,11.26623,993.87732,8.29368,8.61835,26.35746,1.83993,27.7379,0.30783,0.28666,2.38931,0.5086,78.30065,5.12395,5.80927,19.33772,7.97645,44.09914,37.79679,35.2649,4.78824,0.63525,55.35783,0.72916,56.26548,10.80203,4.5119,0.60437,0.80085,0.25532,9.6345,7.28346,4.91547,3.67829,5.68884,148.07793,696.78351,3.43495,38.66822,0.22826,3.74467,56.41928,2.16304,2.37442,117.82735,16.26899,38.05042,15.03586,1.31012,0.36404,20.01985,8.71655,69.36087,7.09013,0.33327,11.84833,1.53409,0.96603,6.16308,13.79813,1.01267,5.9889,73.46072,3.24991,14.14841,4.08608,14.90216,3.14662,78.06815,1.97858,17.35912,47.39697,9.80485,3.18063,22.61197,5.14072,5.59265,2.4117,4.5807,8.31634,0.06629,8.93077,4.51204,2.72084,47.38532,1.08531,6.36817,43.97592,17.70454,18.68316,12.54954,2.91578,229.76305,15.34392,29.76047,5.88923,7.16417
1981,28.54336,14.83849,7.60451,4.2232,9.88059,3.82013,6.98516,83.72127,5.7116,124.03091,0.25308,1.0384,2.3468,24.79114,6.31588,11.43914,1008.00012,8.66406,8.88302,27.03947,1.89468,28.37599,0.31761,0.2916,2.45413,0.515,78.12611,5.1253,5.94359,19.94366,8.18319,45.21651,38.07126,36.12029,4.80981,0.65096,55.60401,0.74759,56.27631,11.11761,4.58978,0.62541,0.81451,0.27006,9.72772,7.46649,5.02049,3.79294,5.81867,151.56984,713.11804,3.47289,40.21763,0.23066,3.81523,56.5765,2.19758,2.46119,118.74318,16.90168,38.60682,15.27339,1.34369,0.36478,20.5116,8.97134,70.9922,7.2343,0.33619,12.13307,1.57894,0.97807,6.32757,14.13384,1.03426,6.16401,75.48255,3.34267,14.22376,4.09897,15.24901,3.16483,80.69695,2.02607,17.79255,48.71559,9.87526,3.27146,22.73982,5.31503,5.75034,2.46039,4.65536,8.32549,0.0673,9.25285,4.61017,2.81204,48.3375,1.10256,6.54502,44.98836,18.02998,19.27711,12.93021,2.93504,231.93896,15.7618,30.53295,6.09421,7.43194
1982,28.99399,15.04107,7.60218,4.33339,9.88982,3.92771,7.15826,86.00733,5.83518,126.94736,0.25384,1.07589,2.41884,25.04095,6.34155,11.61584,1022.25342,9.04447,9.15857,27.71734,1.9512,29.02716,0.32695,0.29728,2.52117,0.5208,77.94485,5.12335,6.07882,20.5757,8.39294,46.37962,38.30971,37.13685,4.8351,0.6682,55.87684,0.76686,56.29624,11.48811,4.69061,0.64821,0.83267,0.29062,9.80417,7.65482,5.10791,3.91066,5.95527,155.1107,729.86804,3.50536,41.88333,0.23327,3.88347,56.71708,2.23533,2.55972,119.61562,17.55943,39.17955,15.50251,1.37735,0.3651,21.01682,9.23413,72.60253,7.38766,0.33934,12.40924,1.62512,0.98889,6.48445,14.47063,1.05637,6.34438,77.47291,3.43552,14.29522,4.11166,15.60724,3.18854,83.44586,2.07384,18.22573,50.06849,9.92573,3.36672,22.84232,5.48932,5.92006,2.51758,4.72572,8.32942,0.06817,9.59023,4.7152,2.91507,49.26756,1.12061,6.73396,46.02536,18.35485,19.89155,13.32333,2.95428,234.13263,16.18589,31.33026,6.30571,7.72154
1983,29.45474,15.25736,7.6031,4.44873,9.89788,4.03995,7.34091,88.33824,5.95996,129.88232,0.25452,1.11354,2.49313,25.29684,6.3771,11.79753,1037.12378,9.43273,9.445,28.40488,2.00917,29.68709,0.3361,0.30337,2.58993,0.5276,77.79008,5.11961,6.21486,21.22829,8.60621,47.59455,38.51406,38.28588,4.86218,0.68539,56.17345,0.78701,56.33088,11.89513,4.8105,0.67324,0.85411,0.31447,9.86716,7.84747,5.18391,4.03135,6.09669,158.66899,746.9491,3.53178,43.64509,0.23602,3.95012,56.83868,2.27367,2.66747,120.43809,18.2394,39.75203,15.7268,1.41044,0.36531,21.5285,9.50428,74.19655,7.54374,0.34263,12.65771,1.6725,0.99863,6.66136,14.81862,1.08108,6.52989,79.46228,3.52794,14.36539,4.12459,15.97442,3.21573,86.29764,2.12194,18.66044,51.45503,9.95842,3.46579,22.92892,5.67361,6.10049,2.58026,4.7929,8.33244,0.06891,9.93885,4.82909,3.02624,50.1862,1.13868,6.93039,47.07342,18.65315,20.52467,13.73527,2.97346,236.34401,16.61735,32.13971,6.52154,8.02757
1984,29.9209,15.48721,7.60729,4.57129,9.90637,4.15682,7.53124,90.73236,6.0855,132.80069,0.25519,1.15129,2.5658,25.57167,6.41671,11.98566,1053.21069,9.82605,9.74226,29.12147,2.06813,30.35009,0.34547,0.3094,2.65978,0.5348,77.70434,5.11606,6.35157,21.89385,8.82375,48.86895,38.68812,39.5188,4.8882,0.70037,56.48679,0.80808,56.38623,12.31116,4.94314,0.7011,0.87687,0.33809,9.92243,8.0429,5.25816,4.15489,6.24033,162.20227,764.24518,3.55165,45.47471,0.23881,4.01613,56.93769,2.30895,2.78043,121.1998,18.93774,40.3004,15.95142,1.44221,0.36579,22.03761,9.78087,75.7806,7.69367,0.34595,12.85378,1.72081,1.0075,6.89593,15.19162,1.11113,6.72034,81.49774,3.61925,14.43751,4.13827,16.34724,3.24304,89.22895,2.17041,19.09958,52.87397,9.97717,3.56775,23.01316,5.88191,6.28933,2.64395,4.85853,8.34044,0.06946,10.29305,4.95405,3.14024,51.10808,1.15569,7.12794,48.11411,18.92987,21.1736,14.17447,2.99265,238.57387,17.05779,32.94358,6.73876,8.34219
1985,30.38878,15.72964,7.61487,4.70207,9.91658,4.2785,7.72791,93.19987,6.21155,135.67628,0.25592,1.18911,2.63423,25.87395,6.45622,12.18103,1070.8634,10.22256,10.05002,29.88345,2.12777,31.01169,0.35534,0.31507,2.73023,0.5411,77.71743,5.11424,6.48886,22.5659,9.04598,50.20499,38.83588,40.80034,4.91122,0.71166,56.81077,0.83008,56.46613,12.71623,5.08477,0.7321,0.89951,0.3589,9.97474,8.24006,5.33762,4.28119,6.38419,165.67914,781.66669,3.56496,47.3427,0.24158,4.08279,57.01235,2.33864,2.89598,121.89404,19.65122,40.80857,16.1798,1.47219,0.36688,22.53738,10.06349,77.36071,7.83189,0.3492,12.9844,1.76994,1.01576,7.2111,15.59894,1.1483,6.91593,83.6133,3.70909,14.51395,4.1531,16.72396,3.26824,92.21949,2.21928,19.54496,54.32365,9.98557,3.67183,23.10365,6.12011,6.48474,2.70553,4.92386,8.35765,0.06984,10.64863,5.09154,3.25299,52.04147,1.17093,7.32188,49.13388,19.19151,21.837,14.64662,3.01191,240.82413,17.50806,33.73015,6.95521,8.65886
1986,30.85724,15.98616,7.62539,4.84157,9.92854,4.40451,7.93069,95.74243,6.33789,138.49947,0.25674,1.22681,2.69698,26.20808,6.49409,12.38411,1090.34802,10.62027,10.3683,30.68582,2.18805,31.66978,0.36576,0.32018,2.80099,0.5475,77.8375,5.11466,6.62654,23.24127,9.27291,51.6077,38.95807,42.12073,4.93034,0.71855,57.14774,0.85303,56.57428,13.1043,5.2298,0.76659,0.92163,0.37602,10.02337,8.4386,5.42452,4.41016,6.52754,169.08621,799.18146,3.57135,49.25684,0.24433,4.14895,57.06178,2.36172,3.0113,122.51965,20.37863,41.26932,16.41271,1.49986,0.36867,23.02394,10.35212,78.93413,7.95516,0.35234,13.03438,1.81995,1.02328,7.62531,16.04505,1.19359,7.11674,85.8185,3.79692,14.59575,4.16932,17.10114,3.2903,95.26446,2.26857,19.99625,55.80407,9.98322,3.77776,23.20529,6.40767,6.68616,2.76359,4.98894,8.38499,0.07,11.00427,5.24301,3.36402,52.99647,1.18405,7.50976,50.12849,19.41145,22.51124,15.15452,3.03104,243.09894,17.96855,34.49042,7.17066,8.9762
1987,31.32647,16.25493,7.63935,4.98774,9.94229,4.53526,8.14007,98.34381,6.46473,141.27348,0.25761,1.26431,2.75524,26.56977,6.53189,12.59414,1111.34167,11.01965,10.69627,31.52982,2.24915,32.32433,0.37665,0.32489,2.87221,0.5535,78.05408,5.11728,6.76462,23.9179,9.50413,53.06623,39.05721,43.49328,4.94637,0.72172,57.49849,0.87686,56.70921,13.48141,5.38148,0.80413,0.94362,0.39017,10.06828,8.63911,5.51636,4.5418,6.67057,172.42844,816.79272,3.57176,51.19748,0.24706,4.21618,57.08945,2.37928,3.12792,123.08321,21.11932,41.69083,16.64795,1.52546,0.37108,23.49777,10.64775,80.50305,8.06776,0.35539,13.02086,1.87098,1.03018,8.12009,16.52511,1.24599,7.32397,88.10163,3.88294,14.68265,4.18697,17.48092,3.31074,98.35748,2.31833,20.45171,57.31331,9.97123,3.88544,23.31207,6.73213,6.8939,2.8196,5.05371,8.42106,0.07001,11.36085,5.40809,3.47408,53.96441,1.19525,7.69225,51.10088,19.61705,23.19853,15.69541,3.04997,245.40286,18.43779,35.23025,7.38569,9.29328
1988,31.79552,16.52743,7.65884,5.13596,9.95902,4.67285,8.35631,100.97532,6.59279,144.00154,0.25853,1.30182,2.81224,26.94784,6.57227,12.80902,1132.86633,11.42426,11.03182,32.44416,2.31135,32.97554,0.38796,0.32967,2.94456,0.5593,78.35402,5.12244,6.90332,24.59149,9.73918,54.54729,39.14161,44.93206,4.96109,0.72292,57.85317,0.90146,56.86289,13.85421,5.55488,0.84305,0.96574,0.40233,10.11585,8.84258,5.60969,4.67636,6.81335,175.71539,834.48932,3.56911,53.07562,0.24976,4.29158,57.10313,2.39353,3.25267,123.59497,21.87144,42.09103,16.88219,1.55026,0.37412,23.96182,10.9524,82.08392,8.18073,0.35838,13.00255,1.923,1.03726,8.63694,17.02759,1.30274,7.54025,90.45028,3.96845,14.77404,4.20597,17.87367,3.33279,101.47484,2.36862,20.90989,58.8452,9.95667,3.99433,23.40842,7.03018,7.10798,2.87689,5.11903,8.46479,0.06999,11.71907,5.58434,3.58193,54.91233,1.20489,7.87146,52.0537,19.8397,23.90995,16.26253,3.0691,247.73958,18.91253,35.97054,7.60007,9.6043
1989,32.26356,16.79229,7.68657,5.28002,9.98018,4.82002,8.57982,103.59924,6.72305,146.69199,0.25946,1.33962,2.87267,27.32617,6.61915,13.0258,1153.56592,11.83924,11.37216,33.46544,2.37501,33.62444,0.39963,0.33518,3.01895,0.5675,78.71561,5.13036,7.04294,25.25767,9.97738,56.00657,39.22174,46.45891,4.97712,0.72462,58.19879,0.92662,57.02375,14.23387,5.77065,0.88114,0.98852,0.41414,10.17417,9.05046,5.69922,4.81414,6.9563,178.96466,852.27002,3.56729,54.77711,0.25241,4.38436,57.11316,2.40772,3.39502,124.0689,22.63302,42.49573,17.11071,1.57602,0.37771,24.42119,11.26866,83.69789,8.30953,0.36138,13.05961,1.97603,1.04559,9.09467,17.53597,1.35993,7.76899,92.84435,4.05526,14.86866,4.22612,18.29351,3.36096,104.58849,2.41949,21.36886,60.39187,9.94857,4.10391,23.47258,7.21603,7.3286,2.94026,5.18594,8.51421,0.07014,12.08044,5.76809,3.68637,55.7951,1.21362,8.05093,52.99243,20.05549,24.66058,16.84609,3.08898,250.11319,19.38834,36.74088,7.81381,9.90254
1990,32.72974,17.04143,7.72395,5.41541,10.00654,4.9785,8.81103,106.18864,6.85624,149.35214,0.26037,1.37791,2.93978,27.69268,6.67489,13.24213,1172.44519,12.26775,11.71522,34.61458,2.44046,34.27156,0.41159,0.34188,3.09599,0.5794,79.11832,5.14112,7.18365,25.91237,10.21809,57.41222,39.3061,48.08652,4.99622,0.72863,58.52631,0.95221,57.18333,14.62826,6.04109,0.91681,1.01228,0.42685,10.24854,9.26381,5.78146,4.95533,7.09973,182.18875,870.13348,3.56926,56.22618,0.25504,4.50047,57.12712,2.42424,3.56058,124.51556,23.40251,42.92313,17.32971,1.60394,0.38179,24.87914,11.59863,85.35787,8.46519,0.36443,13.24765,2.03014,1.05587,9.43755,18.03832,1.41469,8.01286,95.26999,4.14457,14.96545,4.24728,18.74941,3.39817,107.67861,2.47101,21.82666,61.94735,9.95333,4.21374,23.48937,7.2358,7.55562,3.01295,5.25498,8.56738,0.07062,12.44617,5.95686,3.78694,56.58282,1.2219,8.2328,53.9217,20.27895,24.77932,17.43891,3.10999,252.52995,19.86196,37.56052,8.02725,10.18311
1991,33.19392,17.27187,7.7727,5.54205,10.03944,5.1495,9.05008,108.72743,6.99252,151.97658,0.26127,1.41673,3.01462,28.04461,6.74107,13.45724,1189.18347,12.71001,12.06073,35.91483,2.50777,34.91677,0.42387,0.34993,3.17565,0.5949,79.56445,5.15491,7.32562,26.55433,10.46099,58.75239,39.4032,49.82108,5.01912,0.73547,58.83194,0.97822,57.33945,15.03951,6.37433,0.94949,1.03716,0.44062,10.34189,9.48327,5.85409,5.09995,7.24339,185.39299,888.05487,3.57638,57.37558,0.25762,4.6432,57.15252,2.44369,3.75343,124.94002,24.1796,43.3781,17.53963,1.63452,0.38635,25.33686,11.94282,87.07151,8.65251,0.36753,13.59197,2.0852,1.06844,9.64115,18.52945,1.46574,8.27298,97.72633,4.2368,15.06452,4.26947,19.24505,3.44617,110.73042,2.52318,22.28313,63.50846,9.97419,4.32341,23.45421,7.05176,7.78965,3.09657,5.32666,8.62514,0.0715,12.81522,6.15008,3.88227,57.2584,1.22991,8.41768,54.84053,20.50357,25.61401,18.04044,3.13205,254.97482,20.33208,38.43785,8.23973,10.44304
1992,33.65515,17.48595,7.83093,5.66114,10.0781,5.3318,9.29711,111.22194,7.13171,154.56429,0.26218,1.45583,3.09581,28.38435,6.81538,13.67103,1204.00391,13.16302,12.40893,37.34615,2.57703,35.55868,0.43645,0.35909,3.25747,0.6106,80.04616,5.17165,7.46855,27.18109,10.70567,60.03554,39.51551,51.64777,5.04493,0.74453,59.1189,1.00468,57.49454,15.46385,6.75884,0.97972,1.0628,0.45515,10.45142,9.70854,5.91929,5.24784,7.38697,188.57152,906.02112,3.58859,58.26074,0.26015,4.80886,57.18889,2.46536,3.9682,125.34148,24.96395,43.85345,17.74064,1.66712,0.39139,25.79149,12.30134,88.82831,8.86826,0.37064,14.07123,2.14144,1.08296,9.72972,19.01272,1.51372,8.54942,100.22157,4.33128,15.16586,4.29268,19.77377,3.50318,113.74713,2.57602,22.73706,65.07549,10.00958,4.43274,23.37336,6.70185,8.02973,3.18943,5.40033,8.68674,0.07271,13.18709,6.34909,3.97333,57.83788,1.23749,8.60322,55.74887,20.70423,26.49762,18.65289,3.15486,257.45428,20.79907,39.36023,8.45228,10.68287
1993,34.11092,17.68748,7.89209,5.7714,10.11867,5.52176,9.55248,113.69514,7.27383,157.13268,0.26309,1.49469,3.18122,28.7113,6.8916,13.88267,1217.12915,13.62273,12.75888,38.8336,2.64851,36.19517,0.44927,0.36901,3.341,0.6258,80.52009,5.19074,7.61146,27.78626,10.9512,61.2756,39.63863,53.53296,5.07179,0.75503,59.39402,1.0315,57.65047,15.89643,7.16324,1.00836,1.08857,0.47061,10.56942,9.93869,5.98336,5.39881,7.5307,191.71313,924.0578,3.60566,58.99122,0.26266,4.98773,57.22665,2.48878,4.18943,125.71752,25.75411,44.34056,17.92858,1.70036,0.39681,26.23742,12.67546,90.60046,9.10547,0.37378,14.637,2.19979,1.09859,9.75586,19.49497,1.55998,8.84241,102.76173,4.42658,15.26801,4.31679,20.32117,3.56446,116.74956,2.62964,23.18423,66.65025,10.055,4.5419,23.25599,6.29991,8.27217,3.28759,5.474,8.74678,0.07411,13.56417,6.5556,4.06493,58.36489,1.24441,8.78489,56.65373,20.89902,27.40533,19.27542,3.17815,260.02017,21.26344,40.30016,8.66917,10.90576
1994,34.55811,17.88274,7.94721,5.87161,10.15592,5.71422,9.81659,116.18227,7.41886,159.70512,0.26401,1.53262,3.26767,29.02619,6.96126,14.09139,1228.99194,14.08361,13.10966,40.2737,2.7225,36.82354,0.46228,0.37916,3.42569,0.639,80.93104,5.21133,7.75305,28.36225,11.19648,62.49575,39.76456,55.43112,5.0971,0.76567,59.66759,1.05866,57.81077,16.33017,7.54429,1.03683,1.11354,0.48714,10.68482,10.1723,6.05509,5.55263,7.67491,194.80196,942.20422,3.6268,59.72512,0.26514,5.16607,57.25137,2.51305,4.39595,126.06317,26.54849,44.82589,18.09835,1.73226,0.40243,26.66705,13.06654,92.34914,9.35338,0.37701,15.21704,2.2614,1.11414,9.79698,19.98689,1.60672,9.15176,105.35578,4.52072,15.36912,4.34162,20.86713,3.62328,119.76955,2.68418,23.61936,68.23623,10.10344,4.65123,23.11617,6.0051,8.51217,3.38535,5.54494,8.79823,0.07549,13.9497,6.77213,4.16364,58.90166,1.25032,8.9566,57.56413,21.08665,28.30362,19.90763,3.20161,262.74158,21.72635,41.2189,8.89611,11.11695
1995,34.99482,18.07674,7.99012,5.96206,10.18631,5.90556,10.08988,118.70687,7.56671,162.29662,0.26496,1.56909,3.35277,29.33007,7.01853,14.29661,1239.94006,14.54082,13.46099,41.59575,2.79925,37.44198,0.47539,0.38913,3.51093,0.6507,81.2406,5.2327,7.89242,28.9043,11.44058,63.71439,39.8905,57.30988,5.11901,0.7755,59.94758,1.08614,57.97832,16.76047,7.87117,1.06622,1.13712,0.50487,10.78938,10.40849,6.1401,5.70905,7.81981,197.8293,960.48279,3.65155,60.57565,0.26763,5.33372,57.25519,2.53744,4.5729,126.37547,27.34646,45.29861,18.24712,1.76136,0.40815,27.07523,13.4754,94.04558,9.60445,0.3803,15.75913,2.32708,1.12867,9.90909,20.4956,1.65536,9.47733,108.01147,4.61223,15.46785,4.36699,21.39638,3.67494,122.82915,2.73973,24.03876,69.83572,10.14974,4.76085,22.96511,5.92808,8.74661,3.47878,5.61111,8.83642,0.0767,14.34549,7.00072,4.27402,59.49179,1.255,9.11397,58.48638,21.26765,29.17078,20.55029,3.2248,265.65884,22.18867,42.08817,9.13708,11.32035
1996,35.41968,18.27168,8.01786,6.04111,10.20827,6.09426,10.37274,121.26965,7.71744,164.9133,0.26594,1.60406,3.43582,29.62213,7.06117,14.49783,1249.98145,14.99525,13.81247,42.77054,2.87922,38.04904,0.48863,0.39877,3.59673,0.6609,81.42634,5.25486,8.02911,29.41142,11.68348,64.93346,40.00932,59.15515,5.13698,0.78448,60.23557,1.11399,58.15675,17.18561,8.13255,1.09671,1.15906,0.524,10.88091,10.64667,6.24181,5.86785,7.96555,200.79074,978.89319,3.67985,61.58309,0.27015,5.48808,57.22967,2.56199,4.71637,126.65402,28.14773,45.75736,18.37212,1.78727,0.414,27.4606,13.90269,95.68745,9.85681,0.38371,16.24823,2.39724,1.14195,10.10979,21.02332,1.70649,9.81996,110.7329,4.70078,15.56326,4.39321,21.90338,3.71735,125.93834,2.79634,24.44107,71.44611,10.19239,4.87069,22.80416,6.11517,8.97408,3.56613,5.67193,8.85919,0.07767,14.75529,7.24113,4.39824,60.15147,1.25836,9.25604,59.42321,21.44143,29.99785,21.20212,3.24803,268.80344,22.6501,42.89852,9.3943,11.51826
1997,35.83397,18.46759,8.03288,6.1121,10.22379,6.28164,10.66555,123.85464,7.87085,167.54517,0.26695,1.63763,3.51731,29.90315,7.09176,14.69483,1259.06702,15.44599,14.16542,43.83015,2.96247,38.64541,0.50195,0.40817,3.68272,0.6704,81.49986,5.27771,8.16347,29.88684,11.92499,66.15112,40.13156,60.97645,5.15175,0.79286,60.53028,1.14232,58.34667,17.60881,8.33799,1.12817,1.17973,0.54464,10.96112,10.88763,6.35647,6.02888,8.11195,203.69846,997.40533,3.71246,62.71056,0.27271,5.63154,57.1849,2.58683,4.83227,126.90263,28.95411,46.2026,18.47651,1.81045,0.41997,27.8259,14.34785,97.28174,10.11409,0.38718,16.70135,2.4716,1.15414,10.38186,21.56532,1.75899,10.18006,113.52271,4.78664,15.65547,4.42026,22.3898,3.75236,129.08699,2.85394,24.82741,73.06477,10.23288,4.98034,22.6328,6.52238,9.19653,3.64914,5.72776,8.86885,0.07846,15.17746,7.49325,4.53455,60.86351,1.26068,9.38415,60.3725,21.63412,30.99925,21.86593,3.27101,272.13657,23.11018,43.65702,9.66658,11.71
1998,36.24159,18.66504,8.04105,6.18635,10.2373,6.47026,10.96872,126.44797,8.02625,170.17064,0.26795,1.66963,3.59738,30.17813,7.11513,14.88776,1267.44153,15.88455,14.52357,44.84053,3.04845,39.23406,0.51538,0.41732,3.76737,0.6789,81.49923,5.30038,8.29638,30.33573,12.16389,67.37806,40.29264,62.79415,5.16424,0.80032,60.83341,1.17122,58.54494,18.03649,8.5033,1.16094,1.19992,0.56667,11.03039,11.1335,6.47384,6.19203,8.25848,206.58073,1015.97406,3.75057,63.90063,0.2753,5.76521,57.15355,2.61137,4.92791,127.12727,29.7698,46.62744,18.5707,1.8313,0.42583,28.17526,14.80879,98.82146,10.38083,0.39061,17.13678,2.54922,1.16528,10.70474,22.11346,1.81057,10.55655,116.38575,4.86963,15.74565,4.44749,22.8563,3.78397,132.25327,2.91233,25.19975,74.6937,10.27229,5.08931,22.45808,7.05981,9.41839,3.73144,5.77871,8.87085,0.07919,15.60221,7.75926,4.67902,61.59728,1.26254,9.4994,61.32959,21.8357,31.58771,22.55179,3.29214,275.5426,23.56945,44.37211,9.95022,11.89327
1999,36.64807,18.86411,8.05111,6.27894,10.25516,6.6641,11.2827,129.02969,8.18271,172.75925,0.26892,1.69986,3.67651,30.45388,7.13846,15.07695,1275.40674,16.30023,14.89189,45.89867,3.13634,39.81928,0.52885,0.42628,3.84872,0.6864,81.48161,5.32177,8.42911,30.76561,12.39869,68.62666,40.53972,64.64005,5.17593,0.80649,61.1464,1.20077,58.74673,18.47761,8.65377,1.19542,1.22079,0.58994,11.09027,11.3872,6.57956,6.35722,8.4044,208.61255,1034.53918,3.7957,65.06266,0.27787,5.89177,57.17999,2.63488,5.0149,127.33586,30.6004,47.02388,18.6691,1.85053,0.43126,28.5148,15.28252,100.30058,10.66372,0.3938,17.58487,2.6288,1.17557,11.04436,22.65629,1.85804,10.94783,119.32707,4.94966,15.83552,4.474,23.30599,3.81813,135.40558,2.9712,25.5613,76.33582,10.31261,5.19694,22.28806,7.59324,9.64596,3.81846,5.82519,8.8731,0.08005,16.01609,8.04185,4.8257,62.30665,1.26478,9.60374,62.28733,22.01049,32.40254,23.27299,3.30932,278.86227,24.02869,45.05878,10.23971,12.06454
2000,37.05745,19.06584,8.06928,6.40071,10.28203,6.86595,11.60794,131.58124,8.33951,175.28758,0.26985,1.72834,3.75499,30.73577,7.16725,15.26275,1283.19897,16.68656,15.27423,47.07639,3.22573,40.40396,0.54236,0.43508,3.92544,0.6936,81.48775,5.34119,8.56262,31.18366,12.6286,69.90599,40.90371,66.53733,5.18795,0.81122,61.47006,1.23112,58.95085,18.93876,8.80855,1.23184,1.24323,0.61432,11.14212,11.65074,6.66365,6.52428,8.5492,211.54044,1053.0509,3.84878,66.13185,0.28043,6.01374,57.29372,2.65686,5.10313,127.53394,31.45048,47.38631,18.78194,1.8687,0.4361,28.84962,15.76681,101.71967,10.96769,0.39667,18.06769,2.70936,1.18515,11.37617,23.18561,1.89926,11.35297,122.35201,5.0268,15.92619,4.49937,23.74091,3.859,138.52328,3.03035,25.91488,77.99157,10.35512,5.3027,22.12813,8.0257,9.88405,3.91396,5.86763,8.88164,0.08115,16.41085,8.34256,4.97037,62.95802,1.26798,9.6992,63.24012,22.18453,33.26204,24.03927,3.32124,281.98279,24.48834,45.72831,10.53122,12.22225
2001,37.47151,19.26853,8.09775,6.55583,10.31902,7.07673,11.94459,134.10716,8.49638,177.75067,0.27068,1.75494,3.8322,31.02473,7.20268,15.44497,1290.93762,17.04015,15.67193,48.39434,3.31581,40.98891,0.55589,0.44372,3.9968,0.7013,81.53585,5.35806,8.69713,31.59215,12.85275,71.22694,41.3921,68.49226,5.20048,0.81422,61.80445,1.26226,59.14934,19.4216,8.97114,1.2705,1.26751,0.63976,11.1844,11.92495,6.72231,6.69306,8.69257,214.5065,1071.47791,3.90929,67.09641,0.28291,6.12953,57.50637,2.67701,5.19348,127.72351,32.32148,47.71279,18.91305,1.88595,0.4402,29.18183,16.26093,103.06707,11.29326,0.39915,18.58876,2.79073,1.19392,11.69586,23.69891,1.9336,11.77198,125.46343,5.10075,16.01811,4.52315,24.16178,3.90793,141.60144,3.08968,26.26136,79.66531,10.39931,5.40662,21.98413,8.32941,10.1345,4.01878,5.90596,8.89779,0.08257,16.7669,8.66301,5.11177,63.54332,1.27238,9.7857,64.19147,22.34112,34.17302,24.85489,3.3271,284.85239,24.94848,46.38501,10.82413,12.36617
2002,37.88937,19.47519,8.13441,6.74157,10.36489,7.29539,12.2931,136.60066,8.65335,180.15102,0.27148,1.77995,3.90761,31.32089,7.24391,15.62364,1298.64661,17.36652,16.08489,49.83575,3.40718,41.57249,0.56948,0.45211,4.0632,0.7096,81.61187,5.3728,8.83228,31.99505,13.07206,72.59012,41.98552,70.49719,5.21337,0.81569,62.14929,1.29441,59.34895,19.92452,9.13735,1.31135,1.29352,0.66641,11.2168,12.20885,6.75949,6.86316,8.83473,217.50806,1089.80713,3.97629,67.98333,0.28533,6.23928,57.80176,2.69545,5.28749,127.90262,33.21401,48.00479,19.0593,1.90231,0.44373,29.51237,16.76512,104.35561,11.63893,0.4013,19.13966,2.87323,1.20181,12.01371,24.19881,1.96215,12.206,128.66672,5.17173,16.11036,4.54602,24.56634,3.96321,144.65414,3.14927,26.60147,81.35206,10.44367,5.50861,21.85468,8.53621,10.39686,4.13121,5.9403,8.92069,0.0842,17.0879,9.00169,5.25147,64.07317,1.27784,9.86433,65.14305,22.46317,35.12381,25.71805,3.32777,287.50684,25.4087,47.02617,11.12041,12.50053
2003,38.30938,19.69697,8.17585,6.95311,10.41903,7.52056,12.65462,139.019,8.81042,182.48215,0.27226,1.80434,3.98166,31.62781,7.29189,15.79954,1306.34387,17.67936,16.51382,51.39003,3.50252,42.15215,0.58321,0.46015,4.12597,0.71784,81.68649,5.38697,8.96776,32.40351,13.2896,73.98194,42.6534,72.54514,5.2271,0.81663,62.50452,1.32815,59.58022,20.44678,9.30985,1.35419,1.3212,0.69461,11.24357,12.50048,6.78257,7.03382,8.97655,220.54521,1108.02783,4.04955,68.81271,0.28795,6.34952,58.14704,2.71251,5.39677,128.06779,34.13085,48.26503,19.21531,1.9181,0.44732,29.84394,17.27914,105.64045,12.00513,0.40321,19.7166,2.95712,1.20899,12.33669,24.6887,1.98653,12.65687,131.97253,5.24088,16.20095,4.57011,24.95062,4.02207,147.7034,3.20917,26.93774,83.03195,10.48711,5.60795,21.72892,8.68035,10.67099,4.2493,5.97154,8.95142,0.08591,17.41527,9.3532,5.3914,64.55495,1.28405,9.93968,66.0858,22.56266,36.13807,26.62482,3.32564,290.02762,25.86852,47.64873,11.42198,12.6339
2004,38.72869,19.94843,8.21681,7.18245,10.48012,7.75,13.03057,141.3075,8.96774,184.73846,0.27309,1.82933,4.05504,31.94942,7.34725,15.97378,1314.00745,17.99774,16.95908,53.03422,3.60544,42.72416,0.59723,0.46766,4.18704,0.72798,81.71566,5.40276,9.103,32.8311,13.50965,75.3819,43.35167,74.6244,5.24219,0.81835,62.8698,1.36421,59.88413,20.98654,9.49023,1.39857,1.35035,0.72482,11.27048,12.79692,6.8026,7.20415,9.11918,223.61465,1126.13574,4.12875,69.6171,0.2911,6.46883,58.49471,2.72878,5.53559,128.21364,35.07493,48.49808,19.37254,1.93373,0.45182,30.17929,17.803,106.99558,12.39191,0.40501,20.3127,3.04282,1.21568,12.67604,25.17411,2.00923,13.12701,135.39362,5.3097,16.28718,4.59821,25.30945,4.08044,150.7803,3.26954,27.27319,84.67849,10.52827,5.70374,21.59116,8.81844,10.95594,4.37004,6.00077,8.99064,0.08748,17.80664,9.71004,5.5346,65.00223,1.29053,10.0176,67.00786,22.64684,37.20898,27.56844,3.3241,292.53934,26.32722,48.24739,11.73175,12.77751
2005,39.14549,20.2389,8.25365,7.42329,10.54689,7.98222,13.42193,143.43111,9.12541,186.91736,0.27401,1.85585,4.12791,32.28798,7.41031,16.14706,1321.62354,18.3363,17.4208,54.75148,3.71824,43.28563,0.61163,0.47457,4.24784,0.73854,81.67123,5.4217,9.23757,33.28844,13.73523,76.77815,44.04263,76.72708,5.25893,0.82182,63.24402,1.40313,60.28675,21.54201,9.67974,1.4442,1.38084,0.75732,11.3012,13.09603,6.82776,7.37343,9.2634,226.71272,1144.11865,4.21298,70.42181,0.29498,6.60297,58.80848,2.74467,5.71411,128.33577,36.04829,48.7085,19.52456,1.94954,0.45784,30.52107,18.33672,108.47223,12.79876,0.40679,20.92307,3.13072,1.222,13.03971,25.65939,2.0322,13.61845,138.93948,5.37933,16.36716,4.63236,25.64029,4.13535,153.90967,3.33047,27.61041,86.27424,10.56572,5.79549,21.43102,8.99174,11.25127,4.49104,6.02896,9.03862,0.08874,18.29461,10.06701,5.68327,65.42547,1.29693,10.10248,67.9034,22.72975,38.33754,28.54394,3.32561,295.12949,26.78416,48.82059,12.05216,12.94003
2006,39.55889,20.57361,8.28473,7.67534,10.61957,8.2169,13.82918,145.36801,9.28333,189.01241,0.27504,1.88424,4.20176,32.64548,7.48141,16.31979,1329.20911,18.69943,17.89956,56.54301,3.84237,43.83572,0.62643,0.48079,4.30879,0.75096,81.54035,5.4443,9.37134,33.77792,13.96748,78.15905,44.72553,78.85069,5.27757,0.82741,63.62795,1.44484,60.8028,22.11342,9.88143,1.49102,1.41267,0.79222,11.33877,13.39701,6.86038,7.54141,9.40946,229.8382,1161.97766,4.30337,71.22788,0.29973,6.75521,59.07987,2.76028,5.93423,128.433,37.05205,48.89584,19.67015,1.96566,0.46555,30.86935,18.88027,110.09238,13.22706,0.40856,21.54746,3.22065,1.2281,13.42926,26.14357,2.05573,14.13206,142.61409,5.45021,16.44022,4.67307,25.94062,4.18592,157.09399,3.39191,27.94994,87.80942,10.59995,5.8828,21.24392,9.20658,11.55676,4.6119,6.05648,9.09626,0.08966,18.91498,10.4216,5.83779,65.82417,1.30314,10.19614,68.7634,22.82346,39.49095,29.55066,3.33104,297.82736,27.23917,49.36458,12.38345,13.12427
2007,39.97022,20.94666,8.31178,7.93957,10.69783,8.45479,14.25202,147.13919,9.44144,191.02664,0.27615,1.91441,4.2758,33.01993,7.56036,16.49169,1336.80054,19.08594,18.39539,58.41756,3.97625,44.37457,0.64162,0.48644,4.36947,0.76713,81.34446,5.46996,9.50435,34.30008,14.20545,79.53725,45.39386,81.00041,5.29801,0.83481,64.01906,1.48919,61.41466,22.70021,10.09673,1.53912,1.44596,0.82933,11.3809,13.70029,6.8984,7.70797,9.55689,232.98914,1179.68127,4.39807,72.03111,0.3052,6.92269,59.31351,2.77547,6.19319,128.50525,38.08591,49.06243,19.81079,1.98229,0.47472,31.22588,19.43352,111.83635,13.67561,0.41032,22.18839,3.31266,1.23391,13.84097,26.62584,2.07992,14.66834,146.41702,5.52211,16.50706,4.71965,26.21485,4.23315,160.33298,3.45381,28.29272,89.29349,10.63012,5.96616,21.03611,9.4474,11.87356,4.73253,6.08348,9.16324,0.09028,19.63281,10.77571,5.99739,66.19562,1.30926,10.29809,69.59728,22.91744,40.77494,30.59049,3.33974,300.59518,27.69197,49.88718,12.72597,13.32991
2008,40.38239,21.34249,8.33845,8.21226,10.77917,8.69692,14.68973,148.80582,9.59986,192.97903,0.27732,1.94635,4.34539,33.40455,7.64611,16.66194,1344.41528,19.49799,18.90701,60.37361,4.11544,44.90154,0.65723,0.49172,4.42951,0.78663,81.13094,5.4978,9.63652,34.86071,14.44756,80.95388,45.99781,83.18489,5.3199,0.84334,64.40909,1.53641,62.07622,23.29864,10.32314,1.58857,1.48084,0.86842,11.41965,14.00637,6.94032,7.87266,9.70503,236.15927,1197.14685,4.48959,72.84554,0.31088,7.09741,59.50238,2.79012,6.48982,128.55051,39.14841,49.21899,19.94583,1.99993,0.48511,31.59686,19.99647,113.66181,14.13822,0.41213,22.84676,3.40754,1.23929,14.27123,27.11107,2.10637,15.22853,150.3474,5.59451,16.56873,4.77141,26.47586,4.27833,163.64461,3.51627,28.64198,90.75186,10.6521,6.04712,20.82108,9.70817,12.20396,4.85111,6.1103,9.23689,0.09069,20.32544,11.13386,6.1618,66.54576,1.31537,10.40734,70.44003,22.9977,42.08271,31.6639,3.35082,303.37405,28.1417,50.41213,13.08252,13.55847
2009,40.79941,21.73904,8.37004,8.48903,10.86029,8.94471,15.1411,150.45471,9.75875,194.896,0.27847,1.97988,4.40423,33.78983,7.73716,16.82944,1352.06812,19.93637,19.43254,62.40944,4.25371,45.41618,0.67325,0.49696,4.48826,0.80804,80.96561,5.52645,9.76776,35.46576,14.69127,82.46502,46.47607,85.41625,5.34265,0.85197,64.78723,1.58675,62.72261,23.90383,10.55652,1.63956,1.51745,0.90911,11.44383,14.31621,6.98327,8.03502,9.85287,239.34048,1214.27014,4.56806,73.68757,0.31609,7.2679,59.64185,2.80408,6.82112,128.56667,40.23721,49.37921,20.07509,2.01921,0.49628,31.9899,20.56912,115.50523,14.6066,0.41405,23.52406,3.50629,1.24402,14.7146,27.60538,2.13704,15.81391,154.40218,5.66658,16.62693,4.82718,26.7411,4.32348,167.04958,3.57939,29.00151,92.22088,10.66062,6.12784,20.61795,9.97745,12.55092,4.96552,6.13728,9.31348,0.09103,20.82489,11.50279,6.33047,66.88187,1.32162,10.52183,71.33919,23.0784,43.43651,32.7719,3.36276,306.07635,28.58732,50.97082,13.45642,13.8106
2010,41.22389,22.12006,8.40995,8.76693,10.93874,9.19926,15.60522,152.14911,9.91824,196.79626,0.27957,2.01487,4.44852,34.16867,7.83197,16.99335,1359.75513,20.40133,19.9705,64.52326,4.38669,45.9181,0.68969,0.50238,4.54528,0.82945,80.89478,5.55484,9.89799,36.11764,14.93469,84.1076,46.78863,87.70267,5.36578,0.85995,65.14578,1.64021,63.30684,24.5121,10.79417,1.69215,1.55588,0.9511,11.446,14.63042,7.02522,8.19478,9.99962,242.52412,1230.98071,4.62693,74.56751,0.32033,7.42596,59.72981,2.81721,7.18239,128.55188,41.35015,49.55286,20.19835,2.04055,0.50789,32.40964,21.15164,117.31894,15.07508,0.41611,24.22141,3.60954,1.24795,15.1671,28.11229,2.17317,16.42558,158.57826,5.73772,16.68292,4.88588,27.02314,4.37006,170.56018,3.64322,29.37365,93.72662,10.65232,6.20988,20.44035,10.24684,12.91623,5.07425,6.16463,9.39017,0.0914,21.01883,11.8872,6.50295,67.20881,1.3281,10.63993,72.32691,23.14095,44.82894,33.91513,3.37441,308.64139,29.02803,51.58466,13.85003,14.08632
2011,41.65688,22.4798,8.45986,9.04351,11.01308,9.4608,16.0819,153.91191,10.07834,198.68669,0.2806,2.05134,4.47615,34.53862,7.93042,17.15336,1367.48022,20.89531,20.52045,66.7136,4.51273,46.40665,0.70657,0.50807,4.60047,0.85088,80.93398,5.58287,10.02709,36.81956,15.17735,85.89756,46.90914,90.04675,5.38924,0.86709,65.48112,1.6971,63.81188,25.1218,11.03517,1.74636,1.59615,0.99429,11.4228,14.94892,7.06581,8.3516,10.14505,245.7075,1247.23608,4.66258,75.49158,0.32342,7.56877,59.75993,2.82949,7.57494,128.5054,42.48684,49.74466,20.31502,2.06417,0.51994,32.85882,21.74395,119.09002,15.54099,0.41837,24.939,3.71767,1.25102,15.62762,28.63513,2.21562,17.06464,162.87708,5.80782,16.737,4.9476,27.32715,4.41837,174.18427,3.70778,29.75999,95.27794,10.62533,6.29378,20.29297,10.51607,13.30091,5.17602,6.19256,9.46589,0.09183,20.86399,12.28865,6.67928,67.53013,1.33479,10.76147,73.40945,23.19352,46.25769,35.09365,3.38562,311.05136,29.46329,52.26352,14.26476,14.38665
2012,42.09674,22.82185,8.51755,9.31971,11.08355,9.72916,16.57122,155.72705,10.239,200.56099,0.28159,2.08931,4.49042,34.9007,8.03167,17.30975,1375.19861,21.4186,21.08238,68.97868,4.63336,46.88147,0.72387,0.51398,4.65412,0.86395,81.06623,5.61066,10.15495,37.56585,15.41967,87.81326,46.8574,92.44418,5.41298,0.8736,65.79513,1.75682,64.25033,25.73305,11.28147,1.80212,1.63814,1.03859,11.37826,15.27106,7.1064,8.50565,10.28921,248.88322,1263.0658,4.67812,76.45358,0.32553,7.6991,59.73383,2.84099,7.99257,128.42639,43.64663,49.95224,20.42455,2.08993,0.53239,33.33379,22.34657,120.82831,16.00667,0.42079,25.67661,3.83024,1.25337,16.09731,29.17046,2.26393,17.73163,167.29729,5.87711,16.78909,5.01201,27.64993,4.46774,177.91153,3.77294,30.15897,96.86665,10.58182,6.37922,20.17126,10.78885,13.70351,5.27096,6.22125,9.54091,0.09228,20.4207,12.70514,6.85948,67.84398,1.34159,10.88667,74.56987,23.27037,47.77943,36.3068,3.39678,313.33542,29.89308,52.99821,14.69994,14.71083
2013,42.53992,23.15073,8.57778,9.60019,11.15151,10.00445,17.07272,157.57129,10.40026,202.40863,0.28251,2.12851,4.49965,35.25549,8.13267,17.46298,1382.79321,21.96631,21.65572,71.31603,4.75139,47.34298,0.7415,0.52011,4.7064,0.86193,81.26514,5.63782,10.2813,38.33856,15.66155,89.80743,46.69755,94.88773,5.43662,0.87972,66.09256,1.81727,64.64111,26.34625,11.53662,1.85932,1.68149,1.08375,11.3213,15.59621,7.14857,8.65779,10.43178,252.03226,1278.56226,4.68197,77.43539,0.32703,7.82111,59.668,2.85181,8.41346,128.31293,44.82685,50.16924,20.52723,2.11736,0.54472,33.82477,22.96115,122.53597,16.47782,0.42325,26.43437,3.94617,1.25529,16.57715,29.70672,2.31652,18.42637,171.8293,5.94575,16.8397,5.0771,27.98531,4.51753,181.7126,3.83846,30.56572,98.48103,10.52767,6.46574,20.0682,11.06515,14.12032,5.36084,6.25078,9.61525,0.09277,19.80914,13.13359,7.04295,68.14307,1.34825,11.01456,75.78733,23.34467,49.25284,37.55373,3.408,315.53668,30.31785,53.7674,15.15321,15.05451
2014,42.98151,23.47467,8.63322,9.89179,11.21916,10.28671,17.58598,159.40527,10.56216,204.21313,0.28339,2.16857,4.51539,35.60473,8.22963,17.6138,1390.11035,22.53135,22.2399,73.72286,4.8711,47.79191,0.75938,0.52644,4.75758,0.8525,81.48966,5.66391,10.40584,39.11331,15.90311,91.81257,46.52183,97.36678,5.45972,0.88581,66.38085,1.87571,65.01569,26.96256,11.80551,1.91785,1.72574,1.12942,11.26473,15.92356,7.19456,8.80922,10.57247,255.13112,1293.85925,4.68635,78.41109,0.32846,7.94133,59.58567,2.86209,8.80931,128.16287,46.02425,50.38556,20.62356,2.14579,0.55632,34.31808,23.5898,124.2216,16.96285,0.42557,27.21238,4.06392,1.25722,17.06884,30.22802,2.37099,19.14822,176.46049,6.014,16.88936,5.14031,28.32324,4.5667,185.54625,3.90399,30.97335,100.10225,10.47117,6.55258,19.97274,11.34536,14.54611,5.44834,6.28119,9.68938,0.09325,19.20309,13.56944,7.22892,68.41677,1.35449,11.14391,77.03062,23.40364,50.85587,38.83334,3.41955,317.71878,30.73838,54.53957,15.62097,15.41168
2015,43.41777,23.79956,8.67866,10.19927,11.28794,10.57595,18.11062,161.20088,10.7247,205.96211,0.28422,2.2092,4.5461,35.94971,8.31977,17.76268,1397.02856,23.10847,22.83452,76.19662,4.99565,48.2287,0.77742,0.53291,4.80785,0.84701,81.70779,5.68869,10.52839,39.87153,16.14437,93.77818,46.39766,99.87303,5.48197,0.89215,66.66553,1.93017,65.39708,27.58282,12.09153,1.97759,1.77053,1.17539,11.2178,16.25243,7.2457,8.96083,10.71106,258.16211,1309.05396,4.70011,79.36049,0.33024,8.06455,59.50421,2.87193,9.1593,127.97496,47.23626,50.59366,20.71404,2.17464,0.56674,34.80332,24.23409,125.89095,17.46791,0.42762,28.01069,4.18234,1.25946,17.57361,30.72315,2.42556,19.89697,181.18175,6.08204,16.9385,5.19984,28.65628,4.61453,189.38051,3.96925,31.37667,101.71636,10.41847,6.63912,19.87662,11.62955,14.97699,5.53526,6.31248,9.76357,0.09374,18.73499,14.00941,7.4168,68.6576,1.36009,11.27366,78.27147,23.46291,52.42053,40.14487,3.43155,319.92917,31.15513,55.29123,16.10059,15.77745
2016,43.84743,24.12585,8.71214,10.52412,11.35838,10.8723,18.64643,162.95155,10.88788,207.65286,0.285,2.25026,4.59462,36.28982,8.40174,17.90975,1403.50037,23.69592,23.43919,78.73615,5.12582,48.65342,0.7956,0.53956,4.85727,0.84832,81.91467,5.71187,10.64879,40.60605,16.38507,95.68868,46.34758,102.4032,5.50313,0.89876,66.94789,1.97979,65.78857,28.20673,12.39592,2.0385,1.8157,1.22149,11.18372,16.58247,7.30284,9.11287,10.84733,261.11545,1324.17139,4.72608,80.27743,0.33247,8.19183,59.42994,2.88136,9.4558,127.74851,48.46157,50.79192,20.79849,2.20382,0.57575,35.27679,24.89455,127.54042,17.99484,0.42936,28.82948,4.30102,1.26213,18.09158,31.18727,2.47971,20.67299,185.98964,6.14993,16.98733,5.25469,28.98277,4.66083,193.20348,4.03412,31.77384,103.32022,10.37163,6.72531,19.77808,11.91751,15.41161,5.62246,6.34472,9.83753,0.09423,18.43045,14.45254,7.60637,68.86352,1.36496,11.40325,79.51243,23.51595,54.10472,41.48796,3.44401,322.1796,31.56818,56.01547,16.59139,16.15036
2017,44.27104,24.45056,8.73545,10.86425,11.42934,11.17569,19.19338,164.66975,11.0516,209.28828,0.28572,2.29166,4.65908,36.6242,8.476,18.05473,1409.51746,24.29475,24.05373,81.33999,5.26075,49.06562,0.81391,0.54639,4.90577,0.85515,82.11423,5.73355,10.767,41.31814,16.62486,97.55315,46.35432,104.95744,5.52323,0.9055,67.22635,2.02514,66.18159,28.83363,12.71718,2.10057,1.86128,1.26769,11.15977,16.9135,7.36488,9.26507,10.98123,263.99139,1339.18018,4.76166,81.16279,0.33503,8.32157,59.3599,2.8903,9.70235,127.48445,49.69986,50.98221,20.87692,2.23334,0.58346,35.73958,25.57089,129.16327,18.54198,0.43084,29.66883,4.42018,1.26514,18.6221,31.62426,2.53379,21.47735,190.88631,6.21758,17.03594,5.30538,29.305,4.70582,197.01596,4.09859,32.16549,104.91809,10.32951,6.8113,19.67931,12.20841,15.85057,5.70884,6.37785,9.9107,0.09474,18.26987,14.89999,7.79769,69.03751,1.36913,11.53213,80.74502,23.55552,55.79779,42.86296,3.45675,324.45947,31.97706,56.71716,17.09413,16.5299
